328109749264596992	neutral	Pack den Koffer und komm' %PosSmiley ("Bottom Bay, Barbados	Pack die Koffer und komm' %PosSmiley ("Bottom Bay, Barbados	NN ART NN KON ADJA ITJ NN NE NE	0/-- 3/NK 9/OA 3/CD 7/NK 7/NK 4/CJ 9/PNC 1/AG	case=nom|gender=masc|num=sg case=acc|gender=masc|num=sg case=acc|gender=masc|num=sg _ case=dat|gender=neut|num=pl|pos=True|EmoExpression::markable_100500139::EmoExpression=True case=dat|gender=neut|num=pl case=nom|gender=masc|num=sg case=nom|gender=masc|num=sg case=gen|gender=masc|num=sg
322110799839633408	positive	Euer Monitoring wird schon gemeldet haben, dass das moca13 hier gelistet ist: %Link %PosSmiley	euer Monitoring werden schon melden haben, dass die moca13 hier listen ist: %Link %PosSmiley	PPOSAT NN VAFIN ADV VVPP VVFIN KOUS PDS VVFIN ADV VVPP ADJA XY ITJ	2/NK 3/SB 0/-- 5/MO 3/OC 5/MO 6/MO 9/SB 11/MO 11/MO 6/MO 6/MO 5/OA 5/NK	case=nom|*=True|num=sg case=nom|*=True|num=sg pers=3|num=sg|tense=pres|mood=ind _ _ _ _ case=nom|gender=neut|num=sg pers=3|num=sg|tense=pres|mood=ind _ _ _ _ EmoExpression::markable_100500140::Polarity=positive|EmoExpression::markable_100500140::Sarcasm=false|EmoExpression::markable_100500140::Uncertain=false|EmoExpression::markable_100500140::Intensity=medium|EmoExpression::markable_100500140::SubjectiveFact=false|EmoExpression::markable_100500140::EmoExpression=True
328228606629269504	negative	das ist nicht die echte Perry %NegSmiley %NegSmiley	die sein nicht die echt Perry %NegSmiley %NegSmiley	PDS VAFIN PTKNEG ART ADJA NE ITJ ITJ	2/SB 0/-- 2/NG 6/NK 6/NK 2/PD 8/NK 6/NK	case=nom|Sentiment::markable_100500141::Sarcasm=false|num=sg|Sentiment::markable_100500141::Sentiment=True|gender=neut|Sentiment::markable_100500141::Polarity=negative|Sentiment::markable_100500141::Intensity=medium pers=3|num=sg|tense=pres|mood=ind|Sentiment::markable_100500141::Sentiment=True Target::markable_100500143::Target=True|Negation::markable_100500145::Negation=True|Negation::markable_100500145::EmoExpressionRef=emo-expression:markable_100500144|Sentiment::markable_100500141::Sentiment=True|Target::markable_100500143::Anaphref=empty|Target::markable_100500143::Preferred=true case=nom|gender=fem|num=sg|Target::markable_100500143::Target=True|Sentiment::markable_100500141::Sentiment=True case=nom|Target::markable_100500143::Target=True|Sentiment::markable_100500141::Sentiment=True|gender=fem|pos=True|EmoExpression::markable_100500144::SubjectiveFact=false|EmoExpression::markable_100500144::Sarcasm=false|num=sg|EmoExpression::markable_100500144::Polarity=positive|EmoExpression::markable_100500144::EmoExpression=True|EmoExpression::markable_100500144::Uncertain=false|EmoExpression::markable_100500144::Intensity=medium case=nom|gender=fem|num=sg|Target::markable_100500143::Target=True|Sentiment::markable_100500141::Sentiment=True EmoExpression::markable_100500146::Sarcasm=false|EmoExpression::markable_100500146::SubjectiveFact=false|EmoExpression::markable_100500146::EmoExpression=True|EmoExpression::markable_100500146::Uncertain=false|Sentiment::markable_100500141::Sentiment=True|EmoExpression::markable_100500146::Polarity=negative|EmoExpression::markable_100500146::Intensity=medium EmoExpression::markable_3::Intensity=medium|EmoExpression::markable_3::SubjectiveFact=false|EmoExpression::markable_3::EmoExpression=True|Sentiment::markable_100500141::Sentiment=True|EmoExpression::markable_3::Polarity=negative|EmoExpression::markable_3::Sarcasm=false|EmoExpression::markable_3::Uncertain=false
322432659643060226	positive	du weisst doch, was ich mache geht immer %PosSmiley %Link	du weißen doch, was ich machen gehen immer %PosSmiley %Link	PPER VVFIN NE PIS PPER VVFIN VVFIN ADV ITJ XY	2/SB 0/-- 2/OA 6/OA 6/SB 2/CJ 6/OC 7/MO 7/DM 9/NK	case=nom|*=True|num=sg|pers=2 pers=3|num=sg|tense=pres|mood=ind case=acc|*=True|num=sg case=acc|Sentiment::markable_5::Polarity=positive|Sentiment::markable_5::Sarcasm=false|Sentiment::markable_5::Intensity=medium|gender=neut|Sentiment::markable_5::Sentiment=True|Target::markable_6::Target=True|num=sg|Target::markable_6::Preferred=true|Target::markable_6::Anaphref=empty case=nom|pers=1|Target::markable_6::Target=True|num=sg|Sentiment::markable_5::Sentiment=True|*=True pers=1|Target::markable_6::Target=True|num=sg|tense=pres|mood=ind|Sentiment::markable_5::Sentiment=True pers=3|Target::markable_6::Target=True|num=sg|tense=pres|mood=ind|Sentiment::markable_5::Sentiment=True Target::markable_6::Target=True|Sentiment::markable_5::Sentiment=True EmoExpression::markable_4::Uncertain=false|EmoExpression::markable_4::Sarcasm=false|EmoExpression::markable_4::SubjectiveFact=false|Sentiment::markable_5::Sentiment=True|EmoExpression::markable_4::Intensity=medium|EmoExpression::markable_4::Polarity=positive|EmoExpression::markable_4::EmoExpression=True pos=True
328160648989130752	positive	erinnere mich mal bitte morgen abend oder frag maralorn %PosSmiley	erinnern ich mal bitte morgen abend oder fragen maralorn %PosSmiley	VVFIN PRF ADV ADV ADV ADV KON VVIMP NN ITJ	0/-- 1/OA 1/MO 1/MO 1/MO 1/MO 6/CD 7/CJ 7/CJ 6/DM	pers=1|num=sg|tense=pres|mood=ind case=acc|*=True|num=sg|pers=1 _ _ _ _ _ _ _ EmoExpression::markable_7::EmoExpression=True|EmoExpression::markable_7::Uncertain=false|EmoExpression::markable_7::Intensity=medium|EmoExpression::markable_7::SubjectiveFact=false|EmoExpression::markable_7::Sarcasm=false|EmoExpression::markable_7::Polarity=positive
328161115659976705	positive	Spark ist heute in drei Ländern unterwegs %PosSmiley Österreich, Deutschland, Luxemburg	Spark sein heute in drei Land unterwegs %PosSmiley Österreich, Deutschland, Luxemburg	NN VAFIN ADV APPR CARD NN ADV ITJ NE NE NE	2/SB 0/-- 2/MO 2/MO 6/NK 4/NK 2/MO 11/NK 11/PNC 11/PNC 2/PD	case=nom|Sentiment::markable_9::Intensity=medium|gender=masc|Target::markable_10::Target=True|Target::markable_10::Anaphref=empty|num=sg|Target::markable_10::Preferred=true|Sentiment::markable_9::Sentiment=True|Sentiment::markable_9::Sarcasm=false|Sentiment::markable_9::Polarity=positive pers=3|num=sg|tense=pres|mood=ind|Sentiment::markable_9::Sentiment=True|Target::markable_10::Target=True Target::markable_10::Target=True|Sentiment::markable_9::Sentiment=True Target::markable_10::Target=True|Sentiment::markable_9::Sentiment=True Target::markable_10::Target=True|Sentiment::markable_9::Sentiment=True case=dat|gender=neut|num=pl|Target::markable_10::Target=True|Sentiment::markable_9::Sentiment=True Target::markable_10::Target=True|Sentiment::markable_9::Sentiment=True case=dat|gender=neut|num=sg case=dat|gender=neut|num=sg case=nom|gender=masc|num=sg case=nom|gender=neut|num=sg
328218602165645312	positive	Jetzt geht es gleich los - Erster von 4. WM Titel Fights - Spannung steigt... auch bei den Girls. %PosSmiley %Link	jetzt gehen es gleich los - Erste von 4. WM Titel Fights - Spannung steigt... auch bei die Girls. %PosSmiley %Link	ADV VVFIN PPER ADJD ADJD $( NN APPR ADJA NE NN NN $( NN NE ADV APPR ART NN ITJ XY	2/MO 0/-- 2/EP 5/MO 2/MO 5/-- 5/PAR 7/PG 10/NK 8/NK 7/CJ 11/NK 12/-- 11/PAR 14/NK 17/MO 0/-- 19/NK 17/NK 21/NK 0/--	_ pers=3|num=sg|tense=pres|mood=ind case=nom|gender=neut|num=sg|pers=3 pos=True _ _ case=nom|gender=masc|num=sg _ case=dat|gender=masc|num=sg|pos=True case=dat|gender=masc|num=sg case=nom|gender=masc|num=sg case=nom|gender=masc|num=sg _ case=nom|EmoExpression::markable_100500230::Sarcasm=false|EmoExpression::markable_100500230::EmoExpression=True|EmoExpression::markable_100500229::Uncertain=false|EmoExpression::markable_100500229::Intensity=medium|EmoExpression::markable_100500230::SubjectiveFact=false|gender=fem|EmoExpression::markable_100500229::SubjectiveFact=false|EmoExpression::markable_100500230::Polarity=positive|EmoExpression::markable_100500229::EmoExpression=True|num=sg|EmoExpression::markable_100500230::Uncertain=false|EmoExpression::markable_100500229::Sarcasm=false|EmoExpression::markable_100500230::Intensity=medium|EmoExpression::markable_100500229::Polarity=positive case=nom|gender=fem|num=sg _ _ case=dat|gender=masc|num=pl case=dat|gender=masc|num=pl EmoExpression::markable_11::Intensity=medium|EmoExpression::markable_11::Sarcasm=false|EmoExpression::markable_11::SubjectiveFact=false|EmoExpression::markable_11::Polarity=positive|EmoExpression::markable_11::EmoExpression=True|EmoExpression::markable_11::Uncertain=false _
327436752216285186	positive	nehme ich morgen mal mit, wenn ich dran denke %PosSmiley	nehmen ich morgen mal mit, wenn ich dran denken %PosSmiley	VVFIN PPER ADV ADV VVFIN KOUS PPER PAV VVFIN ITJ	5/MO 1/SB 1/MO 3/MO 0/-- 9/CP 9/SB 1/NK 5/MO 9/DM	pers=1|num=sg|tense=pres|mood=ind case=nom|*=True|num=sg|pers=1 _ _ _ _ case=nom|*=True|num=sg|pers=1 _ pers=1|num=sg|tense=pres|mood=ind EmoExpression::markable_12::Intensity=medium|EmoExpression::markable_12::Polarity=positive|EmoExpression::markable_12::Uncertain=false|EmoExpression::markable_12::Sarcasm=false|EmoExpression::markable_12::SubjectiveFact=false|EmoExpression::markable_12::EmoExpression=True
323668198018916352	positive	Ohne Socken? Ja das probier ich heute auch mal aus %PosSmiley	ohne Socken? ja die probieren ich heute auch mal aus %PosSmiley	APPR NN ADV PDS VVIMP PPER ADV ADV ADV PTKVZ ITJ	0/-- 1/NK 4/MO 5/NK 0/-- 5/OA 5/MO 5/MO 5/MO 5/SVP 10/NK	_ case=acc|gender=masc|num=sg _ case=nom|gender=neut|num=sg case=nom|gender=neut|num=sg case=nom|*=True|num=sg|pers=1 _ _ _ _ EmoExpression::markable_13::Polarity=positive|EmoExpression::markable_13::EmoExpression=True|EmoExpression::markable_13::Uncertain=false|EmoExpression::markable_13::Intensity=medium|EmoExpression::markable_13::Sarcasm=false|EmoExpression::markable_13::SubjectiveFact=false
327443221632409600	positive	Ja %PosSmiley jetzt soll ein Interview kommen, habe ich gerade RT...du das D Radio Interview schon gesehen?	Ja %PosSmiley jetzt sollen eine Interview kommen, haben ich gerade RT...du die D Radio Interview schon gesehen?	NN ITJ ADV VMFIN ART NN NE VAFIN PPER ADV NN ART NN NN NN ADV ADJA	4/SB 11/NK 1/MO 0/-- 6/NK 4/SB 6/NK 4/OC 8/SB 8/MO 4/SB 13/NK 4/SB 13/NK 14/NK 17/MO 4/MO	_ EmoExpression::markable_14::Polarity=positive|EmoExpression::markable_14::Sarcasm=false|EmoExpression::markable_14::SubjectiveFact=false|EmoExpression::markable_14::Uncertain=false|EmoExpression::markable_14::Intensity=medium|EmoExpression::markable_14::EmoExpression=True _ pers=3|num=sg|tense=pres|mood=ind case=nom|gender=neut|num=sg case=nom|gender=neut|num=sg case=nom|gender=neut|num=sg pers=1|num=sg|tense=pres|mood=ind case=nom|*=True|num=sg|pers=1 _ case=acc|gender=masc|num=sg case=nom|gender=neut|num=sg case=nom|gender=neut|num=sg case=nom|gender=neut|num=sg case=nom|gender=neut|num=sg _ case=nom|gender=neut|num=sg|pos=True
322424949308522496	negative	ich bin nur eine managerin.. mehr als alles zu organisieren kann ich nicht %NegSmiley	ich sein nur eine managerin.. mehr als alle zu organisieren können ich nicht %NegSmiley	PPER VAFIN ADV ART ADJA PIS KOKOM PIS PTKZU VVINF VMFIN PPER PTKNEG ITJ	2/SB 0/-- 2/MO 5/NK 2/PD 10/OA 8/CM 6/CC 10/PM 11/OC 0/-- 11/SB 11/NG 7/NK	case=nom|*=True|num=sg|pers=1 pers=1|num=sg|tense=pres|mood=ind _ case=acc|gender=fem|num=sg case=acc|gender=fem|num=sg|pos=True Sentiment::markable_15::Intensity=medium|Sentiment::markable_15::Sarcasm=false|Target::markable_17::Target=True|Target::markable_17::Preferred=true|*=True|Sentiment::markable_15::Polarity=negative|Sentiment::markable_15::Sentiment=True|Target::markable_17::Anaphref=empty Sentiment::markable_15::Sentiment=True|Target::markable_17::Target=True case=nom|gender=neut|num=sg|Target::markable_17::Target=True|Sentiment::markable_15::Sentiment=True Sentiment::markable_15::Sentiment=True|Target::markable_17::Target=True Sentiment::markable_15::Sentiment=True|Target::markable_17::Target=True pers=1|num=sg|tense=pres|mood=ind|Target::markable_17::Target=True|Sentiment::markable_15::Sentiment=True case=nom|pers=1|num=sg|Target::markable_17::Target=True|Sentiment::markable_15::Sentiment=True|*=True Sentiment::markable_15::Sentiment=True|Target::markable_17::Target=True EmoExpression::markable_16::Polarity=negative|EmoExpression::markable_16::Sarcasm=false|EmoExpression::markable_16::EmoExpression=True|Sentiment::markable_15::Sentiment=True|EmoExpression::markable_16::Uncertain=false|EmoExpression::markable_16::SubjectiveFact=false|EmoExpression::markable_16::Intensity=medium
328174534068948993	mixed	welch Irrglaube und du glaubst es doch auch nicht, gib es zu %PosSmiley	welche Irrglaube und du glauben es doch auch nicht, geben es zu %PosSmiley	PIAT NN KON PPER VVFIN PPER ADV ADV ADJA VVIMP PPER PTKVZ ITJ	2/NK 5/SB 2/CD 3/CJ 0/-- 5/OA 5/MO 9/MO 5/MO 5/CJ 10/OA 5/SVP 12/NK	*=True case=nom|EmoExpression::markable_100500147::SubjectiveFact=false|EmoExpression::markable_100500147::Intensity=weak|gender=masc|EmoExpression::markable_100500147::Sarcasm=false|num=pl|EmoExpression::markable_100500147::Polarity=negative|EmoExpression::markable_100500147::EmoExpression=True|EmoExpression::markable_100500147::Uncertain=false _ case=nom|*=True|num=sg|pers=2 pers=3|num=pl|tense=pres|mood=ind case=acc|gender=neut|num=sg|pers=3 _ _ _ pers=2|num=sg|mood=imp case=nom|gender=neut|num=sg|pers=3 _ EmoExpression::markable_18::EmoExpression=True|EmoExpression::markable_18::SubjectiveFact=false|EmoExpression::markable_18::Uncertain=false|EmoExpression::markable_18::Polarity=positive|EmoExpression::markable_18::Sarcasm=false|EmoExpression::markable_18::Intensity=medium
328231394021105664	neutral	heey habe die mail losgeschickt ist sie angekommen %PosSmiley?	heey haben die Mail losschicken sein sie ankommen %PosSmiley?	NE VAFIN ART NE VVPP VAFIN PPER VVPP ADJA	2/SB 0/-- 4/NK 6/SB 6/OC 8/OC 6/SB 2/OC 8/MO	case=nom|*=True|num=sg pers=3|num=sg|tense=pres|mood=subj case=nom|gender=fem|num=sg case=nom|gender=fem|num=sg _ pers=3|num=sg|tense=pres|mood=ind case=nom|gender=fem|num=sg|pers=3 _ case=acc|gender=neut|num=pl|pos=True
328159637771804673	negative	Wil aber nicht alleine gehen %NegSmiley	Wil aber nicht alleine gehen %NegSmiley	NE ADV PTKNEG ADV VVFIN ITJ	5/SB 5/MO 4/NG 5/MO 0/-- 5/DM	case=nom|EmoExpression::markable_100500148::SubjectiveFact=false|*=True|EmoExpression::markable_100500148::Uncertain=false|EmoExpression::markable_100500148::Intensity=medium|num=sg|Sentiment::markable_20::Sentiment=True|Sentiment::markable_20::Sarcasm=false|Sentiment::markable_20::Polarity=negative|EmoExpression::markable_100500148::Polarity=positive|Sentiment::markable_20::Intensity=medium|EmoExpression::markable_100500148::Sarcasm=false|EmoExpression::markable_100500148::EmoExpression=True Sentiment::markable_20::Sentiment=True Negation::markable_100500149::EmoExpressionRef=emo-expression:markable_100500148|Negation::markable_100500149::Negation=True|Sentiment::markable_20::Sentiment=True Target::markable_22::Preferred=true|Target::markable_22::Target=True|Sentiment::markable_20::Sentiment=True|Target::markable_22::Anaphref=empty Sentiment::markable_20::Sentiment=True|Target::markable_22::Target=True Sentiment::markable_20::Sentiment=True|EmoExpression::markable_21::EmoExpression=True|EmoExpression::markable_21::Uncertain=false|EmoExpression::markable_21::SubjectiveFact=false|EmoExpression::markable_21::Polarity=negative|EmoExpression::markable_21::Sarcasm=false|EmoExpression::markable_21::Intensity=medium
328202641459003393	positive	Irgendwie doch lustig,wenn man in gelb-schwarz spielt und auch noch Hummels heisst! %PosSmiley bvb	irgendwie doch lustig,wenn man in gelb-schwarz spielen und auch noch Hummels heisst! %PosSmiley bvb	ADV ADV ADV PIS APPR ADJD VVFIN KON ADV ADV NN ADJA ITJ ADJA	7/MO 7/MO 7/MO 7/SB 7/MO 5/NK 0/-- 7/CD 11/MO 11/MO 8/CJ 11/NK 11/NK 0/--	Sentiment::markable_23::Sentiment=True|Sentiment::markable_23::Polarity=positive|Sentiment::markable_23::Sarcasm=false|Sentiment::markable_23::Intensity=medium Sentiment::markable_23::Sentiment=True Sentiment::markable_23::Sentiment=True|Target::markable_25::Target=True|Target::markable_25::Anaphref=empty|Target::markable_25::Preferred=true case=nom|*=True|num=sg|Sentiment::markable_23::Sentiment=True|Target::markable_25::Target=True Sentiment::markable_23::Sentiment=True|Target::markable_25::Target=True Sentiment::markable_23::Sentiment=True|Target::markable_25::Target=True|pos=True pers=3|Target::markable_25::Target=True|num=sg|tense=pres|mood=ind|Sentiment::markable_23::Sentiment=True Sentiment::markable_23::Sentiment=True|Target::markable_25::Target=True Sentiment::markable_23::Sentiment=True|Target::markable_25::Target=True Sentiment::markable_23::Sentiment=True|Target::markable_25::Target=True case=gen|gender=masc|num=sg|Sentiment::markable_23::Sentiment=True|Target::markable_25::Target=True case=gen|gender=masc|num=sg|pos=True|Sentiment::markable_23::Sentiment=True case=gen|EmoExpression::markable_26::Sarcasm=false|EmoExpression::markable_26::EmoExpression=True|EmoExpression::markable_26::Uncertain=false|EmoExpression::markable_26::Intensity=medium|gender=masc|EmoExpression::markable_26::Polarity=positive|num=sg|Sentiment::markable_23::Sentiment=True|EmoExpression::markable_26::SubjectiveFact=false _
328071109121564672	positive	Mhm %NegSmiley keine Ahnung Sorry %PosSmiley wms ? %PosSmiley	Mhm %NegSmiley keine Ahnung Sorry %PosSmiley wms ? %PosSmiley	NN ITJ PIAT NN NN ITJ NN $. ITJ	0/-- 7/NK 4/NK 7/CJ 4/NK 7/NK 1/NK 7/-- 0/NK	case=nom|gender=masc|num=sg pers=3|num=sg|tense=pres|mood=ind case=acc|gender=fem|num=sg case=acc|gender=fem|num=sg case=nom|gender=fem|num=sg case=nom|gender=fem|EmoExpression::markable_27::EmoExpression=True|EmoExpression::markable_27::Uncertain=false|num=sg|EmoExpression::markable_27::Intensity=medium|EmoExpression::markable_27::SubjectiveFact=false|EmoExpression::markable_27::Polarity=positive|EmoExpression::markable_27::Sarcasm=false case=nom|gender=fem|num=sg _ EmoExpression::markable_28::Intensity=medium|EmoExpression::markable_28::Sarcasm=false|EmoExpression::markable_28::SubjectiveFact=false|EmoExpression::markable_28::Polarity=positive|EmoExpression::markable_28::EmoExpression=True|EmoExpression::markable_28::Uncertain=false
322436814910668800	positive	Ich herze mein PC.. Lock.. Screen *-*	ich herzen mein PC.. Lock.. Screen *-*	PPER VVFIN PPOSAT NN ADJA NN XY	2/SB 0/-- 4/NK 2/OA 2/MO 0/-- 0/--	case=nom|pers=1|num=sg|Source::markable_100500152::Source=True|Source::markable_100500152::Anaphref=markable_100500151|Sentiment::markable_100500150::Sentiment=True|*=True Sentiment::markable_100500150::Sentiment=True|EmoExpression::markable_100500154::EmoExpression=True|EmoExpression::markable_100500154::Uncertain=false|mood=ind|EmoExpression::markable_100500154::Intensity=medium|EmoExpression::markable_100500154::Polarity=positive|pers=1|EmoExpression::markable_100500154::SubjectiveFact=false|num=sg|tense=pres|EmoExpression::markable_100500154::Sarcasm=false case=acc|Sentiment::markable_100500150::Sentiment=True|num=sg|Target::markable_100500153::Anaphref=empty|gender=neut|Target::markable_100500153::Preferred=true|Target::markable_100500153::Target=True case=acc|gender=neut|Sentiment::markable_100500150::Sentiment=True|num=sg|Target::markable_100500153::Target=True case=acc|Sentiment::markable_100500150::Sentiment=True|num=sg|gender=neut|pos=True|Target::markable_100500153::Target=True case=nom|gender=fem|Sentiment::markable_100500150::Sentiment=True|num=pl|Target::markable_100500153::Target=True case=nom|Sentiment::markable_100500150::Sentiment=True|EmoExpression::markable_29::Intensity=medium|gender=fem|EmoExpression::markable_29::EmoExpression=True|EmoExpression::markable_29::Uncertain=false|num=pl|EmoExpression::markable_29::Polarity=positive|EmoExpression::markable_29::Sarcasm=false|EmoExpression::markable_29::SubjectiveFact=false
322437487144349697	positive	Kollegin ist natürlich auch auf Twitter - %User. ob sie jetzt auch zur Arbeit radelt? %PosSmiley	Kollegin sein natürlich auch auf Twitter - %User. ob sie jetzt auch zu Arbeit radelt? %PosSmiley	NN VAFIN ADV ADV APPR NN $( NN KOUS PPER ADV ADV APPRART NN ADJA ITJ	2/SB 0/-- 2/MO 5/MO 8/OP 5/NK 6/-- 2/PD 15/CP 15/SB 15/MO 13/MO 15/MO 13/NK 16/NK 8/NK	case=nom|gender=masc|num=sg pers=3|num=sg|tense=pres|mood=ind _ _ _ case=acc|gender=neut|num=pl _ case=acc|gender=neut|num=pl _ case=nom|gender=fem|num=sg|pers=3 _ _ case=dat|gender=fem|num=sg case=dat|gender=fem|num=sg case=nom|gender=neut|num=pl|pos=True EmoExpression::markable_30::EmoExpression=True|EmoExpression::markable_30::Uncertain=false|EmoExpression::markable_30::Intensity=medium|EmoExpression::markable_30::SubjectiveFact=false|EmoExpression::markable_30::Polarity=positive|EmoExpression::markable_30::Sarcasm=false
322391736980754432	negative	Habe: Pause! Habe nicht: Zigaretten %NegSmiley	Habe: Pause! haben nicht: Zigarette %NegSmiley	NN NN VAFIN ADJA NN ITJ	0/-- 1/NK 0/-- 5/NK 3/SB 3/NK	case=nom|gender=masc|num=sg case=nom|gender=masc|num=sg case=nom|Target::markable_34::Target=True|Sentiment::markable_31::Intensity=medium|*=True|Sentiment::markable_31::Polarity=negative|num=pl|Target::markable_34::Anaphref=empty|Sentiment::markable_31::Sentiment=True|Sentiment::markable_31::Sarcasm=false|Target::markable_34::Preferred=true case=nom|Target::markable_34::Target=True|num=pl|*=True|pos=True|Sentiment::markable_31::Sentiment=True case=nom|*=True|Target::markable_34::Target=True|num=pl|Sentiment::markable_31::Sentiment=True case=nom|EmoExpression::markable_32::Polarity=negative|EmoExpression::markable_32::Sarcasm=false|*=True|EmoExpression::markable_32::EmoExpression=True|EmoExpression::markable_32::Intensity=medium|num=pl|EmoExpression::markable_32::SubjectiveFact=false|Sentiment::markable_31::Sentiment=True|EmoExpression::markable_32::Uncertain=false
323903360795287552	positive	Und jetzt geht's weiter mit Life Unexpected - Plötzlich Familie %PosSmiley	und jetzt gehen weiter mit Life Unexpected - plötzlich Familie %PosSmiley	KON ADV VVFIN ADV APPR NE NN $( ADJD NN ITJ	3/JU 3/MO 0/-- 3/MO 3/MO 5/NK 3/SB 7/-- 3/MO 3/SB 3/DM	_ _ pers=3|num=sg|tense=past|mood=ind _ _ case=dat|gender=neut|num=sg case=dat|gender=neut|num=sg _ pos=True case=nom|gender=fem|num=sg case=nom|EmoExpression::markable_35::Uncertain=false|EmoExpression::markable_35::Intensity=medium|EmoExpression::markable_35::Sarcasm=false|gender=fem|EmoExpression::markable_35::EmoExpression=True|num=sg|EmoExpression::markable_35::SubjectiveFact=false|EmoExpression::markable_35::Polarity=positive
322238634860355584	positive	Wenn man erst um eins ins Bett kommt ist das auch nicht wirklich ausschlafen... %PosSmiley	wenn man erst um eins in Bett kommen sein die auch nicht wirklich ausschlafen... %PosSmiley	KOUS PIS ADV APPR CARD APPRART NN VVFIN VAFIN PDS ADV PTKNEG ADJD ADJA ITJ	8/CP 8/SB 4/MO 9/MO 4/NK 8/MO 6/NK 0/-- 8/SB 9/SB 9/MO 9/NG 14/MO 9/PD 14/NK	_ case=nom|*=True|num=sg _ _ _ case=acc|gender=neut|num=sg case=acc|gender=neut|num=sg pers=3|num=sg|tense=pres|mood=ind pers=3|num=sg|tense=pres|mood=ind case=nom|gender=neut|num=sg _ _ pos=True _ EmoExpression::markable_36::EmoExpression=True|EmoExpression::markable_36::SubjectiveFact=false|EmoExpression::markable_36::Uncertain=false|EmoExpression::markable_36::Polarity=positive|EmoExpression::markable_36::Sarcasm=false|EmoExpression::markable_36::Intensity=medium
328181981542219779	positive	Heute noch RL-Treffen der FG Bauen und Verkehr. %PosSmiley lptby	heute noch RL-Treffen die FG Bauen und Verkehr. %PosSmiley lptby	ADV ADV NN ART NE NN KON NN ITJ NN	3/MO 3/MO 0/-- 5/NK 3/AG 5/NK 6/CD 7/CJ 10/NK 0/--	_ _ case=nom|gender=neut|num=pl case=gen|gender=fem|num=sg case=gen|gender=fem|num=sg case=nom|gender=neut|num=sg _ case=nom|gender=neut|num=sg EmoExpression::markable_37::EmoExpression=True|EmoExpression::markable_37::Uncertain=false|EmoExpression::markable_37::Intensity=medium|EmoExpression::markable_37::Sarcasm=false|EmoExpression::markable_37::SubjectiveFact=false|EmoExpression::markable_37::Polarity=positive _
323917843315978241	positive	Einen extrem Vermisstweet tweete %PosSmiley Extra für dich ...	Eine extrem Vermisstweet tweete %PosSmiley Extra für du ...	NN ADJD ADJA NN ITJ NN APPR PPER $.	0/-- 3/MO 4/NK 1/MNR 6/NK 4/MNR 6/MNR 7/NK 8/--	case=acc|gender=masc|num=sg pos=True case=nom|EmoExpression::markable_100500155::EmoExpression=True|gender=neut|EmoExpression::markable_100500155::Polarity=positive|EmoExpression::markable_100500155::Sarcasm=false|pos=True|num=pl|EmoExpression::markable_100500155::SubjectiveFact=false|EmoExpression::markable_100500155::Uncertain=false|EmoExpression::markable_100500155::Intensity=medium case=nom|gender=neut|num=pl EmoExpression::markable_38::Polarity=positive|EmoExpression::markable_38::Sarcasm=false|EmoExpression::markable_38::EmoExpression=True|EmoExpression::markable_38::SubjectiveFact=false|EmoExpression::markable_38::Uncertain=false|*=True|EmoExpression::markable_38::Intensity=medium *=True _ case=acc|*=True|num=sg|pers=2 _
323720160026456064	positive	Moin,hier sollen heute 21°werden,man kommt kaum hinter her mit Frühjahrsputz,Sommerklam.raussuchen... %PosSmiley	Moin,hier sollen heute 21°werden,man kommen kaum hinter her mit Frühjahrsputz,Sommerklam.raussuchen... %PosSmiley	NN VMFIN ADV ADJD VVFIN ADV APPR ADV APPR NN ITJ	2/SB 0/-- 2/MO 5/MO 2/OC 5/MO 5/MO 7/NK 5/MO 9/NK 0/NK	case=nom|gender=masc|num=pl pers=3|num=pl|tense=pres|mood=ind _ pos=True pers=3|num=sg|tense=pres|mood=ind _ _ _ _ case=dat|gender=fem|num=sg EmoExpression::markable_39::SubjectiveFact=false|EmoExpression::markable_39::EmoExpression=True|EmoExpression::markable_39::Polarity=positive|EmoExpression::markable_39::Sarcasm=false|EmoExpression::markable_39::Uncertain=false|EmoExpression::markable_39::Intensity=medium
328210223938539520	positive	... und uns Zeit und Geld geben. Jawohl! %PosSmiley	... und wir Zeit und Geld geben. Jawohl! %PosSmiley	$. KON PRF NN KON NN NE NN ITJ	0/-- 4/JU 4/DA 0/-- 4/CD 5/CJ 6/NK 0/-- 8/NK	_ _ case=dat|*=True|num=pl|pers=1 case=acc|gender=fem|num=sg _ case=acc|gender=neut|num=sg _ case=nom|gender=masc|num=sg case=nom|EmoExpression::markable_40::EmoExpression=True|EmoExpression::markable_40::SubjectiveFact=false|gender=masc|EmoExpression::markable_40::Sarcasm=false|num=sg|EmoExpression::markable_40::Uncertain=false|EmoExpression::markable_40::Intensity=medium|EmoExpression::markable_40::Polarity=positive
323830684022099968	positive	okay%PosSmiley habe ich mir schon fast gedacht	okay%PosSmiley haben ich ich schon fast denken|gedenken	NE VAFIN PPER PRF ADV ADV VVPP	2/SB 0/-- 2/SB 7/DA 6/MO 7/MO 2/OC	EmoExpression::markable_41::EmoExpression=True|EmoExpression::markable_41::Uncertain=false|EmoExpression::markable_41::Intensity=medium|EmoExpression::markable_41::SubjectiveFact=false|EmoExpression::markable_41::Polarity=positive|EmoExpression::markable_41::Sarcasm=false pers=1|num=sg|tense=pres|mood=ind case=nom|*=True|num=sg|pers=1 case=dat|pers=1|num=sg _ _ _
322261017587507200	negative	Habe vergessen mir was zu essen zu holen:( Jetzt muss ich verhungern	Habe vergessen ich was zu essen zu holen:( Jetzt müssen ich verhungern	NN VVFIN PPER PIS PTKZU VVINF APPR ADJA NN VMFIN PPER VVFIN	2/SB 6/MO 2/DA 6/OA 6/PM 10/OC 10/MO 9/NK 7/NK 0/-- 10/SB 10/OC	case=nom|Sentiment::markable_42::Sentiment=True|gender=fem|Sentiment::markable_42::Sarcasm=false|Sentiment::markable_42::Polarity=negative|num=sg|Sentiment::markable_42::Intensity=medium|Target::markable_43::Target=True|Target::markable_43::Preferred=true|Target::markable_43::Anaphref=empty Target::markable_43::Target=True|Sentiment::markable_42::Sentiment=True case=dat|pers=1|num=sg|Sentiment::markable_42::Sentiment=True|Target::markable_43::Target=True|*=True case=acc|gender=neut|num=sg|Target::markable_43::Target=True|Sentiment::markable_42::Sentiment=True Target::markable_43::Target=True|Sentiment::markable_42::Sentiment=True Target::markable_43::Target=True|Sentiment::markable_42::Sentiment=True Target::markable_43::Target=True|Sentiment::markable_42::Sentiment=True EmoExpression::markable_100500156::Uncertain=false|Sentiment::markable_42::Sentiment=True|EmoExpression::markable_100500156::Intensity=medium|EmoExpression::markable_100500156::Sarcasm=false|EmoExpression::markable_100500156::SubjectiveFact=false|EmoExpression::markable_100500156::Polarity=negative|EmoExpression::markable_100500156::EmoExpression=True _ pers=1|num=sg|tense=pres|mood=ind case=nom|*=True|num=sg|pers=1 EmoExpression::markable_100500157::Intensity=medium|EmoExpression::markable_100500157::SubjectiveFact=false|EmoExpression::markable_100500157::EmoExpression=True|EmoExpression::markable_100500157::Polarity=negative|EmoExpression::markable_100500157::Sarcasm=false|EmoExpression::markable_100500157::Uncertain=false
328139111623979009	positive	habe sogar irgendwo noch die Maxi-CD davon. Muss ich mal suchen %PosSmiley	haben sogar irgendwo noch die Maxi-CD davon. Muss ich mal suchen %PosSmiley	VAFIN ADV ADV ADV ART NE NE NN PPER ADV VVINF ITJ	0/-- 4/MO 4/MO 7/MO 7/NK 7/PNC 1/SB 11/OA 8/SB 8/MO 12/NK 0/NK	pers=3|num=sg|tense=pres|mood=subj _ _ _ case=nom|gender=fem|num=sg case=nom|gender=fem|num=sg case=nom|gender=fem|num=sg pers=1|num=sg|tense=past|mood=subj case=nom|*=True|num=sg|pers=1 _ _ EmoExpression::markable_44::Uncertain=false|EmoExpression::markable_44::Intensity=medium|EmoExpression::markable_44::Sarcasm=false|EmoExpression::markable_44::SubjectiveFact=false|EmoExpression::markable_44::EmoExpression=True|EmoExpression::markable_44::Polarity=positive
323713533755940864	positive	die Frage war ja ob wir zusammen auswerten wollen wer gewonne hat %PosSmiley	die Frage sein ja ob wir zusammen auswerten wollen wer gewonne haben %PosSmiley	ART NN VAFIN ADV KOUS PPER ADV VVINF VMINF PWS VVPP VAFIN ITJ	2/NK 3/SB 0/-- 3/MO 9/CP 9/SB 8/MO 9/OC 3/SB 12/SB 12/OC 9/OC 9/NK	case=nom|gender=fem|num=sg case=nom|gender=fem|num=sg pers=3|num=sg|tense=past|mood=ind _ _ case=nom|*=True|num=pl|pers=1 _ _ pers=1|num=pl|tense=pres|mood=ind case=nom|gender=masc|num=sg _ pers=3|num=sg|tense=pres|mood=ind EmoExpression::markable_45::SubjectiveFact=false|EmoExpression::markable_45::Intensity=medium|EmoExpression::markable_45::EmoExpression=True|EmoExpression::markable_45::Polarity=positive|EmoExpression::markable_45::Uncertain=false|EmoExpression::markable_45::Sarcasm=false
322375180330618880	positive	vandaag lieve nicht %User nog gezien %PosSmiley x	vandaag lieve nicht %User nog gezien %PosSmiley x	NN NE PTKNEG NE VVFIN ADJA ITJ XY	5/SB 4/PNC 4/NG 1/NK 0/-- 7/NK 5/DM 7/NK	case=nom|gender=masc|num=sg case=nom|gender=masc|num=sg _ case=nom|gender=masc|num=sg pers=3|num=sg|tense=past|mood=ind case=acc|gender=masc|num=sg|pos=True case=acc|EmoExpression::markable_46::EmoExpression=True|EmoExpression::markable_46::Uncertain=false|gender=masc|EmoExpression::markable_46::SubjectiveFact=false|EmoExpression::markable_46::Polarity=positive|num=sg|EmoExpression::markable_46::Intensity=medium|EmoExpression::markable_46::Sarcasm=false _
323766464186306560	positive	boah, gibt's in Köln auch normale Menschen?! Alle machen "was mit medien" %PosSmiley	boah, geben in Köln auch normal Menschen?! alle machen "was mit medien" %PosSmiley	NE VVFIN APPR NE ADV ADJA NN PIS VVFIN NE APPR ADJA ITJ	2/SB 0/-- 2/MO 3/NK 7/MO 7/NK 2/OA 9/SB 0/-- 9/DA 9/MO 11/NK 11/MO	case=nom|*=True|num=sg|Sentiment::markable_47::Sentiment=True pers=3|num=sg|tense=past|mood=ind|Sentiment::markable_47::Sentiment=True Sentiment::markable_47::Sentiment=True case=dat|num=sg|Target::markable_100500162::Target=True|Target::markable_100500162::Preferred=true|gender=neut|Target::markable_100500162::Anaphref=empty|Sentiment::markable_47::Sentiment=True Sentiment::markable_47::Sentiment=True case=nom|EmoExpression::markable_49::Polarity=positive|EmoExpression::markable_49::Sarcasm=false|gender=neut|EmoExpression::markable_49::SubjectiveFact=false|pos=True|Sentiment::markable_47::Sentiment=True|num=sg|EmoExpression::markable_49::EmoExpression=True|EmoExpression::markable_49::Uncertain=false|EmoExpression::markable_49::Intensity=medium case=nom|gender=neut|num=sg|Sentiment::markable_47::Sentiment=True case=nom|*=True|num=pl pers=3|num=pl|tense=pres|mood=ind case=gen|*=True|num=sg _ case=dat|gender=neut|num=pl|pos=True case=dat|EmoExpression::markable_50::Intensity=medium|gender=neut|EmoExpression::markable_50::SubjectiveFact=false|EmoExpression::markable_50::Uncertain=false|EmoExpression::markable_50::EmoExpression=True|num=pl|EmoExpression::markable_50::Polarity=positive|EmoExpression::markable_50::Sarcasm=false
322121148395556865	negative	Die können was. Nur nicht das in dem Video%PosSmiley	die können was. nur nicht die in die Video%PosSmiley	PDS VMFIN ADJD ADV PTKNEG ART APPR ART NN	2/SB 0/-- 2/MO 6/MO 6/NG 0/-- 6/MNR 9/NK 7/NK	case=nom|Sentiment::markable_100500168::Polarity=negative|Sentiment::markable_100500168::Sarcasm=false|Sentiment::markable_100500168::Intensity=weak|Target::markable_100500169::Preferred=true|*=True|Target::markable_100500169::Anaphref=empty|num=pl|Target::markable_100500169::Target=True|Sentiment::markable_100500168::Sentiment=True EmoExpression::markable_100500170::SubjectiveFact=false|EmoExpression::markable_100500170::Polarity=positive|mood=ind|EmoExpression::markable_100500170::Sarcasm=false|Sentiment::markable_100500168::Sentiment=True|EmoExpression::markable_100500170::Uncertain=false|EmoExpression::markable_100500170::Intensity=medium|pers=3|EmoExpression::markable_100500170::EmoExpression=True|num=pl|tense=pres Sentiment::markable_100500168::Sentiment=True|pos=True Sentiment::markable_100500168::Sentiment=True Negation::markable_100500171::EmoExpressionRef=empty|Sentiment::markable_100500168::Sentiment=True|Negation::markable_100500171::Negation=True case=nom|gender=neut|num=sg|Sentiment::markable_100500168::Sentiment=True Sentiment::markable_100500168::Sentiment=True case=dat|gender=neut|num=sg|Sentiment::markable_100500168::Sentiment=True case=dat|gender=neut|num=sg
323741163330871297	positive	lass mich erst sex mit christian sex haben, dann gibt es n dreier 8-) %User	laß ich erst Sex mit christian Sex haben, dann geben es n dreier 8-) %User	ADJD PRF ADV NN APPR ADJA NN NE ADV VVFIN PPER ADJD ADJA $( NE	10/MO 10/OA 9/MO 9/RE 4/MNR 7/NK 5/NK 7/UC 10/MO 0/-- 10/EP 13/MO 15/NK 13/-- 10/OA	_ case=acc|*=True|num=sg|pers=1 _ _ _ _ _ _ _ pers=3|num=sg|tense=pres|mood=ind case=nom|gender=neut|num=sg|pers=3 _ case=nom|gender=masc|num=sg|pos=True case=nom|EmoExpression::markable_52::EmoExpression=True|EmoExpression::markable_52::Uncertain=false|EmoExpression::markable_52::Intensity=medium|gender=masc|EmoExpression::markable_52::Polarity=positive|EmoExpression::markable_52::Sarcasm=false|num=sg|EmoExpression::markable_52::SubjectiveFact=false case=nom|gender=masc|num=sg
327334700421091328	positive	Pressekonferenz Fraunhofer. Cyber-Sicherheit wird auch angesprochen.	Pressekonferenz Fraunhofer. Cyber-Sicherheit werden auch angesprochen.	NN NE NN VAFIN ADV ADJA	0/-- 1/NK 4/SB 0/-- 6/MO 4/SB	case=nom|gender=fem|num=sg case=nom|gender=fem|num=sg case=nom|EmoExpression::markable_100500158::Polarity=positive|gender=fem|EmoExpression::markable_100500158::Uncertain=false|num=sg|EmoExpression::markable_100500158::Intensity=medium|EmoExpression::markable_100500158::SubjectiveFact=false|EmoExpression::markable_100500158::EmoExpression=True|EmoExpression::markable_100500158::Sarcasm=false pers=3|num=sg|tense=pres|mood=ind _ _
322379640738045952	neutral	Alter. Never heard. Nenn mir mal ein lied was ich von denen hören soll %Smiley	Alter. Never heard. nennen ich mal eine lied was ich von die hören sollen %Smiley	NE NE VVPP VVIMP PPER ADV ART ADJA PRELS PPER APPR PDS VVINF VMFIN ITJ	0/-- 0/-- 2/OC 9/NK 4/OA 4/MO 8/NK 9/SB 13/OA 14/SB 13/MO 11/NK 14/OC 0/-- 14/DM	case=nom|*=True|num=sg case=nom|*=True|num=sg _ _ case=dat|*=True|num=sg|pers=1 _ case=nom|gender=neut|num=sg case=nom|gender=neut|num=sg case=nom|gender=neut|num=sg case=nom|*=True|num=sg|pers=1 _ case=dat|*=True|num=pl _ pers=3|num=sg|tense=pres|mood=ind EmoExpression::markable_100500160::EmoExpression=True
323827024730939392	positive	Girl in Blaselaune! : Da hatte ich mächtig Hunger auf einen Schwanz und habe diesen dementsprechend geil mit me...	Girl in Blaselaune! : da haben ich mächtig Hunger auf eine Schwanz und haben diese dementsprechend geil mit me...	NN APPR NN $. ADV VAFIN PPER ADJD NN APPR ART NN KON VAFIN PDS ADJD ADJD APPR ADJA	0/-- 1/MNR 2/NK 6/-- 6/MO 0/-- 6/SB 6/MO 6/OA 9/MNR 12/NK 10/NK 6/CD 13/CJ 14/SB 17/MO 15/RC 17/MO 18/NK	case=nom|gender=masc|num=sg _ case=dat|gender=neut|num=sg _ Sentiment::markable_53::Sentiment=True|Sentiment::markable_53::Sarcasm=false|Sentiment::markable_53::Intensity=strong|Sentiment::markable_53::Polarity=positive pers=1|Sentiment::markable_53::Sentiment=True|num=sg|tense=past|mood=ind case=nom|pers=1|num=sg|Sentiment::markable_53::Sentiment=True|*=True|Source::markable_57::Source=True|Source::markable_57::Anaphref=empty Intensifier::markable_56::Intensifier=True|Sentiment::markable_53::Sentiment=True|Intensifier::markable_56::Degree=strong|pos=True|Intensifier::markable_56::EmoExpressionRef=emo-expression:markable_55 case=acc|EmoExpression::markable_55::EmoExpression=True|Sentiment::markable_53::Sentiment=True|gender=masc|EmoExpression::markable_55::SubjectiveFact=false|EmoExpression::markable_55::Polarity=positive|num=pl|EmoExpression::markable_55::Intensity=medium|EmoExpression::markable_55::Uncertain=false|EmoExpression::markable_55::Sarcasm=false Sentiment::markable_53::Sentiment=True case=acc|Target::markable_100500159::Target=True|Target::markable_100500159::Preferred=true|num=sg|Target::markable_100500159::Anaphref=empty|gender=masc|Sentiment::markable_53::Sentiment=True case=acc|gender=masc|num=sg|Sentiment::markable_53::Sentiment=True|Target::markable_100500159::Target=True _ pers=3|num=sg|tense=pres|mood=subj case=acc|gender=masc|num=sg pos=True _ _ case=dat|gender=neut|num=pl|pos=True
328258742976143360	negative	Sich für immer von Geldsorgen befreien!	sich für immer von Geldsorge befreien!	PRF APPR ADV APPR NN ADJA	6/OA 6/MO 2/NK 6/SBP 4/NK 0/--	case=acc|pers=3|num=sg _ _ _ case=dat|EmoExpression::markable_100500163::SubjectiveFact=false|EmoExpression::markable_100500163::Polarity=negative|gender=fem|EmoExpression::markable_100500163::Uncertain=false|EmoExpression::markable_100500163::Intensity=weak|EmoExpression::markable_100500163::EmoExpression=True|num=pl|EmoExpression::markable_100500163::Sarcasm=false case=dat|gender=fem|num=pl|pos=True
322212299467268098	negative	Manchmal möchte ich einfach alle Menschen töten. justsaying	manchmal mögen ich einfach alle Mensch töten. justsaying	ADV VMFIN PPER ADJD PIAT NN NE NE	2/MO 0/-- 2/SB 2/MO 6/NK 2/SB 8/PNC 6/NK	Sentiment::markable_100500164::Sarcasm=false|Sentiment::markable_100500164::Intensity=strong|Sentiment::markable_100500164::Sentiment=True|Sentiment::markable_100500164::Polarity=negative pers=1|num=sg|tense=pres|mood=ind|Sentiment::markable_100500164::Sentiment=True case=nom|pers=1|num=sg|Sentiment::markable_100500164::Sentiment=True|Source::markable_100500165::Source=True|*=True|Source::markable_100500165::Anaphref=empty pos=True|Sentiment::markable_100500164::Sentiment=True case=acc|Sentiment::markable_100500164::Sentiment=True|num=pl|Target::markable_100500166::Anaphref=empty|Target::markable_100500166::Target=True|*=True|Target::markable_100500166::Preferred=true case=nom|gender=masc|num=pl|Sentiment::markable_100500164::Sentiment=True|Target::markable_100500166::Target=True case=nom|gender=masc|num=sg|Sentiment::markable_100500164::Sentiment=True case=nom|gender=masc|num=sg
327434831657058304	neutral	"Scrubs"-Star Zach Braff - Kampf gegen das Hollywood-System: Zach Braff hat genug von der Hollywood-Maschine...	"Scrubs"-Star Zach Braff - Kampf gegen die Hollywood-System: Zach Braff haben genug von die Hollywood-Maschine...	NN ADJA NN $( NN APPR ART NN ADJA NN VAFIN ADV APPR ART NN	3/NK 3/NK 11/SB 3/-- 3/APP 5/MNR 10/NK 9/MO 10/NK 6/NK 0/-- 11/OA 11/MO 15/NK 13/NK	case=nom|gender=masc|num=sg case=nom|gender=masc|num=sg|pos=True case=nom|gender=masc|num=sg _ case=nom|gender=masc|num=sg _ case=acc|gender=neut|num=sg case=acc|gender=neut|num=sg case=acc|gender=neut|num=sg|pos=True case=acc|gender=neut|num=sg pers=3|num=sg|tense=pres|mood=ind *=True _ case=dat|gender=fem|num=sg case=dat|gender=fem|num=sg
323723858488201217	positive	Interessanter Forenbeitrag: Verkaufsberater (m/w) für den Telekommunikationsbereich (in Festanstellung und/oder a...	Interessante Forenbeitrag: Verkaufsberater (m/w) für die Telekommunikationsbereich (in Festanstellung und/oder a...	NN ADJA NN NN APPR ART NN NN NN KON ADJA	0/-- 3/NK 1/NK 1/CJ 4/MNR 7/NK 5/NK 7/NK 4/CJ 9/CD 10/CJ	Sentiment::markable_100500172::Intensity=medium|Target::markable_100500173::Target=True|Sentiment::markable_100500172::Sarcasm=false|Target::markable_100500173::Anaphref=empty|EmoExpression::markable_100500174::Uncertain=false|EmoExpression::markable_100500174::Intensity=medium|EmoExpression::markable_100500174::SubjectiveFact=false|num=sg|Sentiment::markable_100500172::Polarity=positive|case=nom|Target::markable_100500173::Preferred=true|gender=masc|EmoExpression::markable_100500174::Sarcasm=false|EmoExpression::markable_100500174::Polarity=positive|EmoExpression::markable_100500174::EmoExpression=True|Sentiment::markable_100500172::Sentiment=True case=nom|gender=masc|num=sg|pos=True case=nom|gender=masc|num=sg case=nom|gender=masc|num=sg _ case=acc|gender=masc|num=sg case=acc|gender=masc|num=sg gender=masc|*=True|num=sg case=nom|gender=fem|num=sg _ case=nom|gender=fem|num=sg|pos=True
323634136331976704	neutral	Photo: maxinata: na, wer macht die 20.000 voll?	Photo: maxinata: na, wer machen die @card@ voll?	NN VVFIN NE PWS VVFIN ART CARD ADJA	2/SB 0/-- 2/SB 5/SB 2/OC 7/MO 5/OA 5/MO	case=nom|gender=fem|num=sg pers=3|num=sg|tense=pres|mood=ind case=nom|gender=masc|num=sg case=nom|gender=masc|num=sg pers=3|num=sg|tense=pres|mood=ind case=acc|gender=neut|num=pl _ _
328178566925783041	positive	In die richtige Spur kommen! Radfahren, Schwimmen und Wandern. Aber nichts aufzwingen lassen.	in die richtig Spur kommen! Radfahren, Schwimmen und Wandern. aber nichts aufzwingen lassen.	APPR ART ADJA NN VVFIN NE NN KON NE KON PIS VVFIN NE	5/MO 4/NK 4/NK 1/NK 0/-- 7/NK 0/-- 7/CD 8/CJ 12/JU 12/OA 0/-- 12/OA	_ case=acc|Target::markable_100500176::Anaphref=empty|Target::markable_100500176::Preferred=true|gender=fem|Sentiment::markable_100500175::Intensity=medium|Sentiment::markable_100500175::Sentiment=True|num=sg|Target::markable_100500176::Target=True|Sentiment::markable_100500175::Sarcasm=false|Sentiment::markable_100500175::Polarity=positive case=acc|EmoExpression::markable_100500177::Polarity=positive|EmoExpression::markable_100500177::Uncertain=false|gender=fem|EmoExpression::markable_100500177::Intensity=medium|pos=True|EmoExpression::markable_100500177::SubjectiveFact=false|Sentiment::markable_100500175::Sentiment=True|num=sg|EmoExpression::markable_100500177::Sarcasm=false|Target::markable_100500176::Target=True|EmoExpression::markable_100500177::EmoExpression=True case=acc|gender=fem|num=sg|Target::markable_100500176::Target=True|Sentiment::markable_100500175::Sentiment=True pers=3|num=sg|tense=pres|mood=subj case=nom|*=True|num=sg case=acc|gender=fem|num=pl _ case=nom|*=True|num=sg _ gender=neut|*=True EmoExpression::markable_100500233::SubjectiveFact=false|EmoExpression::markable_100500233::Polarity=negative|EmoExpression::markable_100500233::Sarcasm=false|EmoExpression::markable_100500233::Uncertain=false|EmoExpression::markable_100500233::EmoExpression=True|EmoExpression::markable_100500233::Intensity=medium _
323720374686724097	mixed	"Peer und die Frauen" - Der neuste Hit von den Machern von "Peer will mehr" und "Peers Suche nach dem goldenen Fettnapf" spd ohweh	"Peer und die Frauen" - die neu Hit von die Macher von "Peer wollen mehr" und "Peers Suche nach die golden Fettnapf" spd ohweh	NN KON ART NN $( ART ADJA NN APPR ART NN APPR NN VMFIN ADJA KON NN NN APPR ART ADJA NN VVFIN ADJD	0/-- 1/CD 4/NK 2/CJ 6/-- 8/NK 8/NK 14/SB 8/MNR 11/NK 9/NK 11/PG 12/NK 0/-- 14/SB 15/CD 16/CJ 14/OA 18/OP 22/NK 22/NK 19/NK 0/-- 23/MO	case=nom|gender=masc|num=pl _ case=nom|gender=masc|num=pl case=nom|gender=masc|num=pl _ case=nom|gender=masc|num=sg case=acc|gender=fem|num=sg|sup=True case=acc|EmoExpression::markable_100500234::Intensity=medium|gender=fem|EmoExpression::markable_100500234::SubjectiveFact=true|EmoExpression::markable_100500234::EmoExpression=True|EmoExpression::markable_100500234::Uncertain=false|num=sg|EmoExpression::markable_100500234::Sarcasm=false|EmoExpression::markable_100500234::Polarity=positive _ case=dat|gender=masc|num=pl case=dat|gender=masc|num=pl _ case=dat|*=True|num=sg pers=3|num=sg|tense=pres|mood=ind case=dat|*=True|num=sg _ case=dat|*=True|num=sg case=dat|*=True|num=sg _ case=dat|gender=neut|num=sg case=dat|gender=neut|num=sg|pos=True case=dat|gender=neut|num=sg _ EmoExpression::markable_100500178::Sarcasm=false|EmoExpression::markable_100500178::Uncertain=false|EmoExpression::markable_100500178::Intensity=medium|EmoExpression::markable_100500178::SubjectiveFact=false|EmoExpression::markable_100500178::Polarity=negative|EmoExpression::markable_100500178::EmoExpression=True
327510433596571648	negative	Dankö! Auch wenn deine Follower entweder Faul oder beschäftigt sind. (Oder die mögen den Tweet nicht, was aber...	Dankö! auch wenn dein Follower entweder faul oder beschäftigt sind. (Oder die mögen die Tweet nicht, was aber...	NN ADV KOUS PPOSAT NN KON ADJD KON ADJD ADJA NN PDS VMFIN ART NN NE PIAT ADJA	0/-- 10/MO 10/CP 5/NK 10/SB 7/CD 10/MO 7/CD 8/CJ 0/-- 13/SB 11/NK 0/-- 15/NK 18/OA 15/NK 18/MO 13/SB	case=nom|gender=masc|num=sg Sentiment::markable_100500179::Polarity=negative|Sentiment::markable_100500179::Sentiment=True|Sentiment::markable_100500179::Sarcasm=false|Sentiment::markable_100500179::Intensity=medium Sentiment::markable_100500179::Sentiment=True case=nom|num=pl|Sentiment::markable_100500179::Sentiment=True|Target::markable_100500180::Target=True|Target::markable_100500180::Preferred=true|gender=masc|Target::markable_100500180::Anaphref=empty case=nom|gender=masc|num=pl|Sentiment::markable_100500179::Sentiment=True|Target::markable_100500180::Target=True Sentiment::markable_100500179::Sentiment=True Sentiment::markable_100500179::Sentiment=True|EmoExpression::markable_100500181::Polarity=negative|pos=True|EmoExpression::markable_100500181::Sarcasm=false|EmoExpression::markable_100500181::Uncertain=false|EmoExpression::markable_100500181::Intensity=medium|EmoExpression::markable_100500181::SubjectiveFact=false|EmoExpression::markable_100500181::EmoExpression=True Sentiment::markable_100500179::Sentiment=True Sentiment::markable_100500179::Sentiment=True pers=2|num=sg|mood=imp case=nom|gender=masc|num=sg case=acc|Source::markable_59::Source=True|gender=fem|Sentiment::markable_58::Sarcasm=false|Sentiment::markable_58::Sentiment=True|num=pl|Sentiment::markable_58::Polarity=negative|Source::markable_59::Anaphref=empty|Sentiment::markable_58::Intensity=medium EmoExpression::markable_61::Polarity=positive|EmoExpression::markable_61::Sarcasm=false|EmoExpression::markable_61::SubjectiveFact=false|mood=ind|EmoExpression::markable_61::Intensity=medium|pers=3|Sentiment::markable_58::Sentiment=True|num=pl|tense=pres|EmoExpression::markable_61::Uncertain=false|EmoExpression::markable_61::EmoExpression=True case=acc|Sentiment::markable_58::Sentiment=True|num=sg|Target::markable_63::Target=True|gender=masc|Target::markable_63::Anaphref=empty|Target::markable_63::Preferred=true case=acc|gender=masc|Sentiment::markable_58::Sentiment=True|num=sg|Target::markable_63::Target=True _ case=acc|gender=neut|num=sg case=acc|gender=neut|num=sg|pos=True
327501547858714624	positive	Tja,vielleicht sollten wir es mit der Twitterpartei mal versuchen! Genug helle Köpfchen (und Ideen) gibt es ja!	Tja,vielleicht sollen wir es mit die Twitterpartei mal versuchen! genug hell Köpfchen (und Ideen) geben es ja!	NE VMFIN PPER PPER APPR ART NN ADV VVFIN ADV ADJA NN NN NN VVFIN PPER ADJA	2/SB 0/-- 2/SB 9/OA 9/MO 7/NK 5/NK 9/MO 2/OC 11/MO 12/NK 15/OA 14/PNC 12/NK 0/-- 15/EP 15/MO	pers=3|num=sg|tense=pres|mood=ind pers=1|num=pl|tense=past|mood=ind case=nom|*=True|num=pl|pers=1 case=acc|gender=neut|num=sg|pers=3 _ case=dat|gender=fem|num=sg case=dat|gender=fem|num=sg _ pers=3|num=sg|tense=past|mood=ind _ EmoExpression::markable_68::Sarcasm=false|EmoExpression::markable_100500237::Uncertain=false|EmoExpression::markable_100500237::Intensity=medium|EmoExpression::markable_68::Intensity=medium|EmoExpression::markable_100500237::SubjectiveFact=false|Sentiment::markable_64::Polarity=positive|num=sg|tense=pres|Sentiment::markable_64::Intensity=medium|EmoExpression::markable_68::Polarity=positive|Sentiment::markable_64::Sentiment=True|Sentiment::markable_64::Sarcasm=false|EmoExpression::markable_100500237::Polarity=positive|mood=subj|EmoExpression::markable_100500237::Sarcasm=false|pers=3|EmoExpression::markable_100500237::EmoExpression=True|EmoExpression::markable_68::Uncertain=false|EmoExpression::markable_68::EmoExpression=True|EmoExpression::markable_68::SubjectiveFact=false case=nom|Target::markable_67::Anaphref=empty|gender=neut|Target::markable_67::Preferred=true|Target::markable_67::Target=True|num=sg|EmoExpression::markable_100500237::EmoExpression=True|Sentiment::markable_64::Sentiment=True case=nom|gender=masc|Target::markable_67::Target=True|num=sg|Sentiment::markable_64::Sentiment=True case=nom|gender=masc|Target::markable_67::Target=True|num=sg|Sentiment::markable_64::Sentiment=True pers=3|num=sg|tense=pres|mood=ind case=nom|gender=neut|num=sg|pers=3 _
322262754209705984	positive	"Wüstensand, Wolkenkratzer und der gan... " kostenlos kindle	"Wüstensand, Wolkenkratzer und die gan... " kostenlos kindle	NE NN KON ART ADJA $( ADJD ADJA	2/NK 0/-- 2/CD 5/NK 3/CJ 7/-- 8/MO 0/--	_ case=nom|gender=masc|num=pl _ case=nom|gender=masc|num=sg case=nom|gender=masc|num=sg|pos=True _ EmoExpression::markable_100500238::Intensity=medium|EmoExpression::markable_100500238::EmoExpression=True|EmoExpression::markable_100500238::Sarcasm=false|EmoExpression::markable_100500238::SubjectiveFact=false|EmoExpression::markable_100500238::Polarity=positive|pos=True|EmoExpression::markable_100500238::Uncertain=false case=nom|gender=masc|num=pl|pos=True
328233787412598785	positive	Das ist alles so süss heute, ich kann nicht mehr **	die sein alle so süß heute, ich können nicht mehr **	PDS VAFIN PIS ADV ADJD NN PPER VMFIN PTKNEG ADV ADJA	2/SB 0/-- 2/SB 5/MO 2/PD 2/PD 8/SB 2/CJ 8/NG 9/MO 8/OC	case=nom|num=sg|Sentiment::markable_69::Sarcasm=false|Sentiment::markable_69::Intensity=strong|gender=neut|Sentiment::markable_69::Sentiment=True|Sentiment::markable_69::Polarity=positive pers=3|Sentiment::markable_69::Sentiment=True|num=sg|tense=pres|mood=ind case=nom|Target::markable_70::Target=True|num=sg|Target::markable_70::Anaphref=empty|gender=neut|Sentiment::markable_69::Sentiment=True|Target::markable_70::Preferred=true Intensifier::markable_72::Degree=strong|Sentiment::markable_69::Sentiment=True|Intensifier::markable_72::Intensifier=True|Intensifier::markable_72::EmoExpressionRef=emo-expression:markable_71 Sentiment::markable_69::Sentiment=True|pos=True pers=1|num=sg|tense=pres|mood=ind case=nom|*=True|num=sg|pers=1 pers=1|num=sg|tense=pres|mood=ind _ _ EmoExpression::markable_73::EmoExpression=True|EmoExpression::markable_73::Uncertain=false|EmoExpression::markable_73::Intensity=medium|EmoExpression::markable_73::Sarcasm=false|EmoExpression::markable_73::SubjectiveFact=false|EmoExpression::markable_73::Polarity=positive
327953299707928576	negative	oO wer keine Probleme hat, macht sich welche %PosSmiley	oO wer keine Problem hat, machen sich welche %PosSmiley	VVPP PWS PIAT NN NE VVFIN PRF PIAT ITJ	6/MO 1/OA 4/NK 1/OA 1/MO 0/-- 6/OA 9/NK 6/DM	_ case=nom|gender=masc|num=sg case=acc|gender=fem|num=sg case=acc|EmoExpression::markable_100500182::Intensity=medium|EmoExpression::markable_100500182::Sarcasm=false|gender=neut|EmoExpression::markable_100500182::Polarity=negative|num=pl|EmoExpression::markable_100500182::SubjectiveFact=false|EmoExpression::markable_100500182::Uncertain=false|EmoExpression::markable_100500182::EmoExpression=True _ pers=3|num=sg|tense=pres|mood=ind case=acc|pers=3|num=sg case=nom|gender=fem|num=sg case=nom|gender=fem|num=sg|EmoExpression::markable_100500183::EmoExpression=True
327341097380618240	positive	Okay. Wenn ihr noch einen Anbieter von Social CRM benötigt, stelle ich gerne einen Kontakt her. Haben schöne Kundenbeispiele.	Okay. wenn ihr noch eine Anbieter von <UNKNOWN> CRM benötigt, stellen ich gerne eine Kontakt Her. Haben schön Kundenbeispiele.	NN KOUS PPER ADV ART NN APPR ADJD NN NE VVFIN PPER ADV ART NN NE NN ADJA NN	0/-- 11/CP 11/DA 5/MO 6/NK 11/OA 6/PG 9/NK 7/NK 9/NK 0/-- 11/SB 11/MO 15/NK 11/OA 15/NK 0/-- 19/NK 17/NK	case=nom|gender=masc|num=sg _ case=dat|gender=fem|num=sg|pers=3 _ case=acc|gender=masc|num=sg case=acc|gender=masc|num=sg _ _ case=dat|gender=masc|num=sg _ pers=1|num=sg|tense=pres|mood=ind case=nom|*=True|num=sg|pers=1 _ case=acc|gender=masc|num=sg case=acc|gender=masc|num=sg _ case=nom|gender=neut|num=sg case=nom|Sentiment::markable_74::Intensity=medium|EmoExpression::markable_76::Intensity=medium|EmoExpression::markable_76::EmoExpression=True|gender=neut|EmoExpression::markable_76::SubjectiveFact=false|EmoExpression::markable_76::Uncertain=false|pos=True|Sentiment::markable_74::Polarity=positive|num=sg|Sentiment::markable_74::Sentiment=True|Sentiment::markable_74::Sarcasm=false|EmoExpression::markable_76::Polarity=positive|EmoExpression::markable_76::Sarcasm=false case=nom|gender=neut|num=sg
328171001286377472	neutral	Ich habe ein neues Foto auf Facebook gepostet	ich haben eine neu Foto auf Facebook gepostet	PPER VAFIN ART ADJA NN APPR NE VVPP	2/SB 0/-- 5/NK 5/NK 8/OA 5/MNR 6/NK 2/OC	case=nom|*=True|num=sg|pers=1 pers=1|num=sg|tense=pres|mood=ind case=acc|gender=neut|num=sg case=acc|gender=neut|num=sg|pos=True case=acc|gender=neut|num=sg _ case=acc|gender=neut|num=sg _
328182022071808002	positive	Mit dem Herzmenschen Autobahn fahren und einen krass gutes Album hören.	mit die Herzmenschen Autobahn fahren und eine krass gut Album hören.	APPR ART NN NN VVINF KON ART ADJD ADJA NN NE	5/MO 3/NK 1/NK 3/NK 0/-- 3/CD 10/NK 9/MO 10/NK 6/CJ 10/NK	_ case=dat|gender=neut|num=sg case=dat|gender=neut|EmoExpression::markable_100500184::Uncertain=false|EmoExpression::markable_100500184::Intensity=medium|num=sg|EmoExpression::markable_100500184::EmoExpression=True|EmoExpression::markable_100500184::Polarity=positive|EmoExpression::markable_100500184::Sarcasm=false|EmoExpression::markable_100500184::SubjectiveFact=false case=acc|gender=fem|num=sg _ _ case=acc|Sentiment::markable_77::Sentiment=True|gender=masc|Target::markable_78::Target=True|Sentiment::markable_77::Polarity=positive|num=sg|Target::markable_78::Preferred=true|Sentiment::markable_77::Intensity=strong|Sentiment::markable_77::Sarcasm=false|Target::markable_78::Anaphref=empty case=acc|Sentiment::markable_77::Sentiment=True|Intensifier::markable_80::Degree=strong|Intensifier::markable_80::Intensifier=True|gender=masc|Intensifier::markable_80::EmoExpressionRef=emo-expression:markable_79|num=sg|Target::markable_78::Target=True case=nom|Sentiment::markable_77::Sentiment=True|EmoExpression::markable_79::Polarity=positive|gender=neut|Target::markable_78::Target=True|EmoExpression::markable_79::Intensity=medium|EmoExpression::markable_79::Sarcasm=false|pos=True|EmoExpression::markable_79::SubjectiveFact=false|num=sg|EmoExpression::markable_79::Uncertain=false|EmoExpression::markable_79::EmoExpression=True case=nom|gender=neut|Target::markable_78::Target=True|num=sg|Sentiment::markable_77::Sentiment=True case=nom|*=True|num=sg
323675832457523200	neutral	Zeichnerin, Objekt- &amp; Konzeptkünstlerin aus Berlin %Link unbedingt ff	Zeichnerin, Objekt- &amp; Konzeptkünstlerin aus Berlin %Link unbedingt ff	NE TRUNC $( NN APPR NE XY ADJD ADJA	4/AG 4/NK 2/-- 0/-- 4/MNR 5/NK 4/UC 9/MO 4/UC	case=nom|gender=neut|num=sg _ case=nom|gender=fem|num=sg case=nom|gender=fem|num=sg _ case=dat|gender=neut|num=sg case=dat|gender=neut|num=sg pos=True _
322271218784956417	positive	Hey ihr beiden, was ist denn jetzt eigentlich aus der "Gronkh Co-Moderiert Taff"-Aktion geworden?! Wäre einfach episch	Hey ihr beiden, was sein denn jetzt eigentlich aus die "Gronkh Co-Moderiert Taff"-Aktion geworden?! sein einfach episch	NE PPOSAT ADJA PWS VAFIN ADV ADV ADV APPR ART NN NN NN ADJA VAFIN ADJD ADJD	5/SB 3/NK 5/PD 5/SB 0/-- 5/MO 5/MO 14/MO 14/OP 11/NK 9/NK 11/NK 12/NK 5/PD 0/-- 17/MO 15/PD	case=nom|*=True|num=sg case=acc|gender=neut|num=sg pos=True case=nom|gender=neut|num=sg pers=3|num=sg|tense=pres|mood=ind _ _ _ _ case=dat|gender=fem|num=sg case=dat|gender=fem|num=sg case=nom|gender=fem|num=sg case=nom|gender=fem|num=sg case=gen|gender=fem|num=sg|pos=True pers=3|num=sg|tense=past|mood=subj _ EmoExpression::markable_100500239::Intensity=medium|EmoExpression::markable_100500239::Uncertain=false|EmoExpression::markable_100500239::Sarcasm=false|EmoExpression::markable_100500239::SubjectiveFact=false|EmoExpression::markable_100500239::EmoExpression=True|pos=True|EmoExpression::markable_100500239::Polarity=positive
323633945390485504	negative	Gefahr: zwischen Bruchsal und Karlsruhe-Durlach - Gefahr durch Gegenstand auf der Fahrbahn. -	Gefahr: zwischen Bruchsal und Karlsruhe-Durlach - Gefahr durch Gegenstand auf die Fahrbahn. -	NN APPR NE KON NE $( NN APPR NN APPR ART NE $(	0/-- 1/MNR 2/NK 3/CD 4/CJ 5/-- 5/APP 7/MNR 8/NK 9/MNR 12/NK 10/NK 0/--	case=nom|gender=masc|num=sg _ case=dat|gender=neut|num=sg _ case=dat|gender=neut|num=sg _ case=nom|EmoExpression::markable_100500185::SubjectiveFact=false|gender=fem|EmoExpression::markable_100500185::Uncertain=false|EmoExpression::markable_100500185::Intensity=medium|num=sg|EmoExpression::markable_100500185::Sarcasm=false|EmoExpression::markable_100500185::Polarity=negative|EmoExpression::markable_100500185::EmoExpression=True _ case=acc|gender=masc|num=sg _ case=dat|gender=fem|num=sg case=dat|gender=fem|num=sg _
323719580352643072	neutral	hachja, wenn der alte Konrad wüsste, was in seinem namen veranstaltet wird.	hachja, wenn die alt Konrad wüsste, was in sein Name veranstalten wird.	VVFIN KOUS ART ADJA NE VVFIN PIS APPR PPOSAT NN VVFIN ADJA	6/MO 6/CP 5/NK 5/NK 6/SB 0/-- 6/SB 6/MO 10/NK 8/NK 6/MO 1/MO	_ _ case=nom|gender=masc|num=sg case=nom|gender=masc|num=sg|pos=True case=nom|gender=masc|num=sg pers=3|num=sg|tense=past|mood=ind case=nom|gender=neut|num=sg _ case=dat|gender=neut|num=sg case=dat|gender=neut|num=sg _ pos=True
328227140082483200	positive	Oh I hoffe dass das wohr isch %PosSmiley mercii %PosSmiley	oh I hoffen dass die wohr isch %PosSmiley mercii %PosSmiley	ITJ NN VVFIN KOUS ART NN ADJA ITJ ADJA ITJ	2/NK 3/SB 0/-- 7/MO 6/NK 4/NK 3/MO 9/NK 10/NK 3/DM	_ case=nom|gender=neut|num=sg pers=3|num=sg|tense=pres|mood=subj _ case=nom|gender=neut|num=sg case=nom|gender=neut|num=sg pos=True _ pos=True EmoExpression::markable_81::SubjectiveFact=false|EmoExpression::markable_81::Intensity=medium|EmoExpression::markable_81::EmoExpression=True|EmoExpression::markable_81::Polarity=positive|EmoExpression::markable_81::Uncertain=false|EmoExpression::markable_81::Sarcasm=false
327475118236393474	positive	Top Aktuell - | Diabetes I &amp; II Süsses Gift im Blut | SunShineShop - jeden Tag ein Schnäppchen!	Top aktuell - | Diabetes I &amp; II süß Gift in Blut | SunShineShop - jede Tag eine Schnäppchen!	NE ADJD $( XY NN FM $( CARD ADJA NN APPRART NN XY NE $( PIAT NN ART ADJA	14/PNC 14/PNC 2/-- 14/PNC 14/PNC 14/PNC 6/-- 6/PNC 10/NK 0/-- 10/MNR 11/NK 14/PNC 0/-- 14/-- 17/NK 19/MO 19/NK 14/APP	_ pos=True _ *=True *=True *=True *=True *=True Sentiment::markable_100500186::Sarcasm=false|Sentiment::markable_100500186::Intensity=medium|Target::markable_100500187::Target=True|EmoExpression::markable_100500188::EmoExpression=True|*=True|Sentiment::markable_100500186::Sentiment=True|Target::markable_100500187::Anaphref=empty|EmoExpression::markable_100500188::Sarcasm=false|EmoExpression::markable_100500188::Uncertain=false|EmoExpression::markable_100500188::Polarity=positive|Sentiment::markable_100500186::Polarity=positive|EmoExpression::markable_100500188::SubjectiveFact=false|EmoExpression::markable_100500188::Intensity=medium|Target::markable_100500187::Preferred=true case=nom|gender=neut|num=sg|Target::markable_100500187::Target=True|Sentiment::markable_100500186::Sentiment=True case=dat|gender=masc|num=sg case=dat|gender=masc|num=sg *=True case=nom|Sentiment::markable_100500190::Sarcasm=false|Target::markable_100500191::Anaphref=empty|*=True|Target::markable_100500191::Preferred=true|num=sg|Sentiment::markable_100500190::Sentiment=True|Target::markable_100500191::Target=True|Sentiment::markable_100500190::Polarity=positive|Sentiment::markable_100500190::Intensity=medium Sentiment::markable_100500190::Sentiment=True case=acc|gender=masc|num=sg|Sentiment::markable_100500190::Sentiment=True case=acc|gender=masc|num=sg|Sentiment::markable_100500190::Sentiment=True case=acc|gender=neut|num=sg|Sentiment::markable_100500190::Sentiment=True case=acc|gender=neut|num=sg|pos=True
327474409717772288	negative	NR Kleinanzeigen Suche Kaninchen der Rasse Hasenkaninchen Suche verzweifelt Kaninchen der Ra... %Link Quoka Neuwied	NR Kleinanzeige Suche Kaninchen die Rasse Hasenkaninchen Suche verzweifelt Kaninchen die Ra... %Link Quoka Neuwied	NE NN NN NN ART NN NN NN ADJD NN ART NN XY NN NE	2/NK 0/-- 2/NK 3/NK 6/NK 4/AG 8/NK 6/NK 10/MO 4/CJ 12/NK 10/AG 0/-- 0/-- 14/NK	case=nom|gender=neut|num=sg case=nom|gender=neut|num=sg case=acc|gender=fem|num=sg case=acc|gender=fem|num=sg case=gen|gender=masc|num=pl case=gen|gender=masc|num=pl case=gen|gender=masc|num=pl|pos=True case=gen|gender=masc|num=pl EmoExpression::markable_100500192::Uncertain=false|EmoExpression::markable_100500192::Intensity=medium|EmoExpression::markable_100500192::Sarcasm=false|EmoExpression::markable_100500192::SubjectiveFact=false|EmoExpression::markable_100500192::Polarity=negative|pos=True|EmoExpression::markable_100500192::EmoExpression=True case=acc|gender=neut|num=sg case=gen|gender=fem|num=sg case=gen|gender=fem|num=sg pos=True case=nom|gender=neut|num=sg case=nom|gender=neut|num=sg
328144449433636864	neutral	Für einen kleinen Preis.. HUNDERT UND PAAR EURO HaraldGlööckler kauft, bestellt	für eine klein Preis.. hundert und paar Euro HaraldGlööckler kauft, bestellen	APPR ART ADJA NN CARD KON PIAT NN NE NE VVFIN	0/-- 4/NK 4/NK 1/NK 8/NK 5/CD 6/CJ 11/SB 10/PNC 8/NK 0/--	_ case=acc|gender=masc|num=sg case=acc|gender=masc|num=sg|pos=True case=acc|gender=masc|num=sg _ _ *=True case=acc|gender=masc|num=sg|pers=2 case=nom|gender=masc|num=sg case=nom|gender=masc|num=sg pers=3|num=sg|tense=pres|mood=ind
323907807181172737	positive	aber kein anderer Abschied ist mir so schwer gefallen wie das Abstillen. Heute ist sie trotzdem munter und gesund	aber keine andere Abschied sein ich so schwer fallen|gefallen wie die Abstillen. heute sein sie trotzdem munter und gesund	ADV PIAT PIS NN VAFIN PPER ADV ADJD VVPP KOKOM ART NN ADV VAFIN PPER PAV ADJD KON ADJD	9/MO 4/NK 4/NK 5/SB 0/-- 9/DA 8/MO 9/MO 5/OC 12/CM 12/NK 7/CC 14/MO 0/-- 14/SB 15/NK 14/PD 17/CD 18/CJ	_ case=nom|gender=masc|num=sg case=nom|gender=masc|num=sg case=nom|EmoExpression::markable_100500240::Intensity=medium|EmoExpression::markable_100500240::Polarity=negative|gender=masc|EmoExpression::markable_100500240::SubjectiveFact=true|num=sg|EmoExpression::markable_100500240::EmoExpression=True|EmoExpression::markable_100500240::Sarcasm=false|EmoExpression::markable_100500240::Uncertain=false pers=3|num=sg|tense=pres|mood=ind case=dat|*=True|num=sg|pers=1 _ EmoExpression::markable_100500195::EmoExpression=True|EmoExpression::markable_100500195::Sarcasm=false|EmoExpression::markable_100500195::SubjectiveFact=false|EmoExpression::markable_100500195::Polarity=negative|EmoExpression::markable_100500195::Intensity=medium|pos=True|EmoExpression::markable_100500195::Uncertain=false EmoExpression::markable_100500195::EmoExpression=True _ case=acc|num=sg|Target::markable_100500194::Target=True|Target::markable_100500194::Preferred=true|gender=neut|Target::markable_100500194::Anaphref=empty case=acc|gender=neut|num=sg Sentiment::markable_100500196::Polarity=positive|Sentiment::markable_100500196::Intensity=medium|Sentiment::markable_100500196::Sarcasm=false|Sentiment::markable_100500196::Sentiment=True pers=3|Sentiment::markable_100500196::Sentiment=True|num=sg|tense=pres|mood=ind case=nom|Target::markable_100500197::Preferred=true|Target::markable_100500197::Anaphref=empty|gender=fem|Sentiment::markable_100500196::Sentiment=True|pers=3|num=sg|Target::markable_100500197::Target=True Sentiment::markable_100500196::Sentiment=True EmoExpression::markable_100500198::SubjectiveFact=false|EmoExpression::markable_100500198::Sarcasm=false|EmoExpression::markable_100500198::EmoExpression=True|Sentiment::markable_100500196::Sentiment=True|pos=True|EmoExpression::markable_100500198::Intensity=medium|EmoExpression::markable_100500198::Polarity=positive|EmoExpression::markable_100500198::Uncertain=false Sentiment::markable_100500196::Sentiment=True EmoExpression::markable_100500199::Intensity=medium|Sentiment::markable_100500196::Sentiment=True|pos=True|EmoExpression::markable_100500199::SubjectiveFact=false|EmoExpression::markable_100500199::Uncertain=false|EmoExpression::markable_100500199::Polarity=positive|EmoExpression::markable_100500199::Sarcasm=false|EmoExpression::markable_100500199::EmoExpression=True
322468996320464896	negative	Irrsinn - Die Menschheit auf dem Zenit der Geistesgestörtheit ? Sepp Holzer, Permakulturpionier und...	Irrsinn - die Menschheit auf die Zenit die Geistesgestörtheit ? Sepp Holzer, Permakulturpionier und...	NN $( ART NN APPR ART NN ART NN $. NE NE NN ADJA	0/-- 3/-- 4/NK 0/-- 4/MNR 7/NK 5/NK 9/NK 7/AG 9/-- 13/PNC 13/PNC 0/-- 13/NK	case=nom|EmoExpression::markable_100500241::Uncertain=false|EmoExpression::markable_100500241::Polarity=negative|EmoExpression::markable_100500241::Sarcasm=false|gender=masc|num=sg|EmoExpression::markable_100500241::Intensity=medium|EmoExpression::markable_100500241::SubjectiveFact=false|EmoExpression::markable_100500241::EmoExpression=True _ case=nom|gender=fem|num=sg case=nom|gender=fem|num=sg _ case=dat|gender=masc|num=sg case=dat|gender=masc|num=sg case=gen|gender=fem|num=sg case=gen|EmoExpression::markable_100500242::Polarity=negative|EmoExpression::markable_100500242::EmoExpression=True|gender=fem|num=sg|EmoExpression::markable_100500242::Uncertain=false|EmoExpression::markable_100500242::Intensity=medium|EmoExpression::markable_100500242::Sarcasm=false|EmoExpression::markable_100500242::SubjectiveFact=false _ case=nom|*=True|num=sg case=nom|*=True|num=sg case=acc|gender=masc|num=sg case=acc|gender=masc|num=sg|pos=True
327387352559415296	positive	cam jetzt online: Jung, sexy und gierig: Alter: 22 Hobbys: Grillen im Sommer, Reisen, Freunde be... %Link komm zu mir!	cam jetzt online: Jung, sexy und gierig: Alter: 22 Hobbys: Grille|Grillen in Sommer, Reisen, Freund be... %Link kommen zu mir!	NE ADV ADJA NE ADJD KON ADJD ADJA CARD NN NN APPRART NE NE NN ADJA XY VVIMP PTKZU ADJA	4/NK 3/MO 4/NK 8/PNC 8/MO 5/CD 6/CJ 0/-- 10/NK 8/OA 10/NK 10/MNR 14/PNC 12/NK 16/OA 8/CJ 0/-- 0/-- 20/PM 18/NK	_ _ case=nom|EmoExpression::markable_100500200::Sarcasm=false|gender=masc|EmoExpression::markable_100500200::SubjectiveFact=false|pos=True|EmoExpression::markable_100500200::Polarity=positive|num=sg|EmoExpression::markable_100500200::Uncertain=false|EmoExpression::markable_100500200::Intensity=medium|EmoExpression::markable_100500200::EmoExpression=True case=nom|gender=masc|num=sg EmoExpression::markable_100500201::Intensity=medium|EmoExpression::markable_100500201::EmoExpression=True|EmoExpression::markable_100500201::Sarcasm=false|EmoExpression::markable_100500201::SubjectiveFact=false|EmoExpression::markable_100500201::Uncertain=false|EmoExpression::markable_100500201::Polarity=positive _ pos=True case=dat|gender=masc|num=pl|pos=True _ case=acc|gender=masc|num=sg case=acc|gender=masc|num=sg case=dat|gender=masc|num=sg case=dat|gender=masc|num=sg case=nom|gender=masc|num=sg case=acc|gender=masc|num=pl case=acc|gender=masc|num=pl|pos=True case=acc|gender=masc|num=pl pers=2|num=sg|mood=imp _ _
327513410881335298	positive	top musik 4: Mit Freundlichen Grüssen: Mit Freundlichen Grüssen Heino | Format: Audio CD (1205)Neu kaufen: E...	top Musik @card@ mit freundlich Grüssen: mit freundlich Gruß|Grüßen Heino | Format: Audio CD (1205)Neu kaufen: E...	ADJA NN CARD APPR ADJA NN APPR ADJA NN NE XY ADJA NN NN NN VVFIN NE	2/NK 16/OA 2/NK 16/MO 6/NK 4/NK 6/MNR 9/NK 7/NK 9/NK 10/PNC 13/NK 6/MNR 13/MNR 14/NK 0/-- 16/OA	_ case=nom|gender=fem|num=sg _ _ case=dat|EmoExpression::markable_100500204::EmoExpression=True|EmoExpression::markable_100500204::Uncertain=false|EmoExpression::markable_100500204::SubjectiveFact=false|gender=fem|EmoExpression::markable_100500204::Polarity=positive|pos=True|EmoExpression::markable_100500204::Intensity=medium|num=pl|EmoExpression::markable_100500204::Sarcasm=false case=dat|gender=fem|num=pl _ case=dat|EmoExpression::markable_100500205::EmoExpression=True|gender=fem|EmoExpression::markable_100500205::Polarity=positive|EmoExpression::markable_100500205::Sarcasm=false|pos=True|num=pl|EmoExpression::markable_100500205::SubjectiveFact=false|EmoExpression::markable_100500205::Uncertain=false|EmoExpression::markable_100500205::Intensity=medium case=dat|gender=fem|num=pl case=nom|gender=masc|num=sg *=True *=True *=True *=True case=nom|*=True|num=sg pers=3|num=sg|tense=past|mood=ind case=nom|*=True|num=sg
327469875830333440	positive	Wer noch irgend ein Vertrauen in den Parlamentarismus der "Altparteien" hatte, soll mal nur die letzte Stunde des ltnrw-Stream...	wer noch irgend eine Vertrauen in die Parlamentarismus die "Altparteien" hatte, sollen mal nur die letzt Stunde die ltnrw-Stream...	PWS ADV ADV ART NN APPR ART NN ART NN NE VMFIN ADV ADV ART ADJA NN ART NN	12/SB 3/MO 5/MO 5/NK 12/SB 5/MNR 8/NK 6/NK 10/NK 8/AG 10/NK 0/-- 12/MO 17/MO 17/NK 17/NK 12/SB 19/NK 17/AG	case=nom|gender=masc|num=sg _ _ case=acc|gender=neut|num=sg case=acc|EmoExpression::markable_100500243::Polarity=positive|EmoExpression::markable_100500243::Sarcasm=false|gender=neut|EmoExpression::markable_100500243::SubjectiveFact=false|num=sg|EmoExpression::markable_100500243::Uncertain=false|EmoExpression::markable_100500243::Intensity=medium|EmoExpression::markable_100500243::EmoExpression=True _ case=acc|gender=masc|num=sg case=acc|gender=masc|num=sg case=gen|gender=fem|num=sg case=gen|gender=fem|num=sg case=nom|*=True|num=sg pers=3|num=sg|tense=pres|mood=ind _ _ case=nom|gender=fem|num=sg case=nom|gender=fem|num=sg|pos=True case=nom|gender=fem|num=sg case=gen|gender=masc|num=sg case=gen|gender=masc|num=sg
327945771129380864	neutral	[die Prüfung] schreiben-in der Prüfung Ausschliesslicher Faden 591 [die Prüfung]	[die Prüfung] schreiben-in die Prüfung ausschließlich Faden @card@ [die Prüfung]	NN NN APPR ART NN ADJA NN CARD NN NN	0/-- 1/NK 1/MNR 5/NK 3/NK 7/NK 5/AG 9/NK 1/OA 9/NK	case=nom|gender=fem|num=sg case=nom|gender=fem|num=sg _ case=dat|gender=fem|num=sg case=dat|gender=fem|num=sg case=gen|gender=neut|num=pl|pos=True case=gen|gender=neut|num=pl _ case=nom|gender=neut|num=pl case=nom|gender=neut|num=pl
323798456059695104	neutral	Fallen beim Autokauf: So trickst die Autobranche	Falle bei Autokauf: so tricksen die Autobranche	NN APPRART NN ADV VVFIN ART NN	5/OA 1/MNR 2/NK 5/MO 0/-- 7/NK 5/OA	case=acc|gender=fem|num=pl case=dat|gender=masc|num=sg case=dat|gender=masc|num=sg _ pers=2|num=sg|tense=pres|mood=ind case=acc|gender=fem|num=sg case=acc|gender=fem|num=sg
322457553822969858	negative	Zu Deutsch: Das geht mir am Arsch vorbei.	zu Deutsch: die gehen ich an Arsch vorbei.	APPR NN PDS VVFIN PPER APPRART NN ADJA	4/MO 1/NK 2/AG 0/-- 4/DA 4/MO 6/NK 4/MO	_ *=True case=nom|Sentiment::markable_100500206::Polarity=negative|Sentiment::markable_100500206::Intensity=strong|Target::markable_100500207::Anaphref=empty|gender=neut|Target::markable_100500207::Preferred=true|Target::markable_100500207::Target=True|num=sg|Sentiment::markable_100500206::Sentiment=True|Sentiment::markable_100500206::Sarcasm=false EmoExpression::markable_100500209::Sarcasm=false|mood=ind|EmoExpression::markable_100500209::Intensity=strong|Sentiment::markable_100500206::Sentiment=True|pers=3|EmoExpression::markable_100500209::SubjectiveFact=false|num=sg|tense=pres|EmoExpression::markable_100500209::Polarity=negative|EmoExpression::markable_100500209::EmoExpression=True|EmoExpression::markable_100500209::Uncertain=false case=dat|pers=1|num=sg|Source::markable_100500208::Source=True|Source::markable_100500208::Anaphref=empty|*=True|Sentiment::markable_100500206::Sentiment=True case=dat|gender=masc|EmoExpression::markable_100500209::EmoExpression=True|num=sg|Sentiment::markable_100500206::Sentiment=True case=dat|gender=masc|EmoExpression::markable_100500209::EmoExpression=True|num=sg|Sentiment::markable_100500206::Sentiment=True case=dat|gender=masc|num=sg|pos=True|Sentiment::markable_100500206::Sentiment=True
327430882333954048	neutral	If u dnt got shyt dnt b round hea gettn dem lu gurls pregnant	if u dnt got shyt dnt b round hea gettn die lu gurls pregnant	NE ADJA NN NE NE NE ADJA NN NE NE ART ADJA NN ADJD	3/AG 3/NK 0/-- 6/PNC 6/PNC 3/NK 8/NK 14/DA 10/PNC 8/NK 13/NK 13/NK 14/DA 3/MNR	case=nom|*=True|num=sg case=nom|*=True|num=sg case=acc|gender=fem|num=sg case=acc|gender=fem|num=sg case=acc|gender=fem|num=sg _ _ case=acc|gender=masc|num=sg _ _ case=dat|gender=masc|num=sg case=dat|gender=masc|num=sg|pos=True case=dat|gender=masc|num=sg pos=True
322265891842686976	negative	Das ist typisch österreichische "Kultur": %Link "Saufen und Laufen" -- Heimat der Alkoholiker.	die sein typisch österreichisch "Kultur": %Link "Saufen und Laufen" -- Heimat die Alkoholiker.	PDS VAFIN ADJD ADJA NN XY NN KON NN $( NN ART NE	2/SB 0/-- 4/MO 5/NK 2/PD 7/PNC 5/NK 7/CD 8/CJ 9/-- 7/APP 13/NK 11/AG	case=nom|Sentiment::markable_100500211::Sarcasm=false|num=sg|Sentiment::markable_100500211::Sentiment=True|gender=neut|Sentiment::markable_100500211::Polarity=negative|Sentiment::markable_100500211::Intensity=medium pers=3|num=sg|tense=pres|mood=ind|Sentiment::markable_100500211::Sentiment=True Target::markable_100500212::Anaphref=empty|Sentiment::markable_100500211::Sentiment=True|pos=True|Target::markable_100500212::Preferred=true|Target::markable_100500212::Target=True case=acc|num=pl|Sentiment::markable_100500211::Sentiment=True|gender=masc|pos=True|Target::markable_100500212::Target=True case=nom|gender=neut|num=sg pos=True|Sentiment::markable_100500211::Sentiment=True EmoExpression::markable_100500210::Polarity=negative|Sentiment::markable_100500211::Sentiment=True|EmoExpression::markable_100500210::Sarcasm=false|EmoExpression::markable_100500210::Uncertain=false|EmoExpression::markable_100500210::Intensity=strong|EmoExpression::markable_100500210::SubjectiveFact=false|EmoExpression::markable_100500210::EmoExpression=True Sentiment::markable_100500211::Sentiment=True case=dat|gender=masc|num=sg|Sentiment::markable_100500211::Sentiment=True Sentiment::markable_100500211::Sentiment=True case=dat|gender=masc|num=sg|Sentiment::markable_100500211::Sentiment=True case=gen|gender=fem|num=sg|Sentiment::markable_100500211::Sentiment=True case=gen|gender=fem|num=sg|Sentiment::markable_100500211::Sentiment=True
328053161669566464	neutral	Gluco-Teststreifen f. TD-4230 (100 Stück! %NegSmiley Mülheim an der Ruhr | Verk. wegen Systemwechsel zum Schnäppchenpre...	Gluco-Teststreifen f. TD-4230 (100 Stück! %NegSmiley Mülheim an die Ruhr | Verk. wegen Systemwechsel zu Schnäppchenpre...	NN APPR CARD CARD NN ITJ NE APPR ART NN XY NN APPR NN APPRART ADJA	0/-- 1/MNR 4/NMC 5/NK 2/NK 7/NK 0/-- 7/MNR 10/NK 8/NK 12/NK 7/APP 12/MNR 13/NK 14/MNR 15/NK	case=nom|gender=fem|num=pl _ _ _ gender=neut|*=True _ case=nom|*=True|num=sg _ case=dat|gender=fem|num=sg case=dat|gender=fem|num=sg _ case=acc|gender=masc|num=sg _ case=dat|gender=masc|num=sg case=dat|gender=masc|num=sg case=dat|gender=masc|num=sg|pos=True
322295796378783744	neutral	Ich habe im Spiel The Tribez für Android die Mission 'Pflanze 5...' abgeschlossen. %Link androidgames, gameinsight	ich haben in Spiel The Tribez für Android die Mission 'Pflanze 5...' abgeschlossen. %Link androidgames, gameinsight	PPER VAFIN APPRART NN FM NN APPR NN ART NN NN ADJD VVPP XY NE NE	2/SB 0/-- 13/MO 3/NK 4/NK 4/NK 6/MNR 7/NK 10/NK 13/OA 10/NK 13/MO 2/OC 13/OA 16/PNC 0/--	case=nom|*=True|num=sg|pers=1 pers=1|num=sg|tense=pres|mood=ind case=dat|gender=neut|num=sg case=dat|gender=neut|num=sg *=True case=nom|*=True|num=sg _ case=acc|gender=masc|num=sg case=acc|gender=fem|num=sg case=acc|gender=fem|num=sg case=acc|gender=fem|num=sg pos=True _ _ case=nom|gender=neut|num=sg _
328183301028327424	positive	Zierteller: Berlin | Dekorativer Zierteller! Franklin Mint Porzellan Sammelteller Motiv Wildenten von Raymond...	Zierteller: Berlin | dekorativ Zierteller! Franklin Mint Porzellan Sammelteller Motiv Wildente von Raymond...	NN NE XY ADJA NN NE ADJA NN NN NN NN APPR NE	0/-- 1/NK 1/NK 5/NK 1/PD 7/SB 0/-- 7/SB 7/OA 9/NK 7/OA 11/PG 12/NK	case=nom|gender=neut|num=sg case=nom|gender=neut|num=sg pers=3|num=sg|tense=pres|mood=ind EmoExpression::markable_100500244::Polarity=positive|*=True|pos=True|EmoExpression::markable_100500244::Uncertain=false|EmoExpression::markable_100500244::EmoExpression=True|EmoExpression::markable_100500244::Intensity=weak|EmoExpression::markable_100500244::SubjectiveFact=true|EmoExpression::markable_100500244::Sarcasm=false case=nom|gender=neut|num=sg case=nom|gender=neut|num=sg pers=3|num=sg|tense=pres|mood=ind case=acc|gender=masc|num=sg case=acc|gender=masc|num=sg case=acc|gender=neut|num=sg case=nom|gender=masc|num=pl _ case=dat|*=True|num=sg
328022541471977473	neutral	Am 4. Mai: 7. Lange Nacht der Computerspiele an der HTWK Leipzig: Zocken bis tief in die Nacht: Die H... %Link leipzig	an 4. Mai: 7. lang Nacht die Computerspiel an die HTWK Leipzig: Zocken bis tief in die Nacht: die H... %Link leipzig	APPRART ADJA NN ADJA ADJA NN ART NN APPR ART NN ADJA NN APPR ADJD APPR ART NN ART NE XY ADJA	4/MO 3/NK 1/NK 0/-- 6/NK 4/PAR 8/NK 6/AG 8/MNR 11/NK 9/NK 13/NK 11/AG 11/MNR 22/MO 22/MO 18/NK 16/NK 20/NK 18/AG 0/-- 14/NK	case=dat|gender=masc|num=sg case=dat|gender=masc|num=sg|pos=True case=dat|gender=masc|num=sg case=dat|gender=masc|num=sg|pos=True case=nom|gender=fem|num=sg|pos=True case=nom|gender=fem|num=sg case=gen|gender=fem|num=sg case=gen|gender=fem|num=sg _ case=dat|gender=fem|num=sg case=dat|gender=fem|num=sg case=gen|gender=masc|num=pl|pos=True case=gen|gender=masc|num=pl _ pos=True _ case=acc|gender=fem|num=sg case=acc|gender=fem|num=sg case=nom|gender=fem|num=sg case=nom|gender=fem|num=sg case=nom|gender=fem|num=sg case=nom|gender=fem|num=sg|pos=True
328159641286635520	neutral	Lasst ihm noch etwas Verarbeitungszeit.	lassen er noch etwas Verarbeitungszeit.	VVFIN PPER ADV PIAT NN	0/-- 1/DA 5/MO 5/NK 1/OA	pers=3|num=sg|tense=pres|mood=ind case=dat|*=True|num=sg|pers=3 _ *=True *=True
327537923702534144	neutral	Kanzlei Zernisch aus 20357 Hamburg, Feldstr. 60 in Hamburg	Kanzlei Zernisch aus @card@ Hamburg, Feldstr. 60 in Hamburg	NN NN APPR CARD NE NN CARD APPR NE	0/-- 1/NK 1/MNR 5/NK 3/NK 5/PNC 0/-- 7/MNR 8/NK	case=nom|gender=masc|num=sg case=nom|gender=masc|num=sg _ _ case=acc|gender=neut|num=sg case=acc|gender=neut|num=sg _ _ case=dat|gender=neut|num=sg
322317004864364544	neutral	Leserstimme zu "Versehentlich verliebt" -- "Was einem auf einem Flughafen alles passieren kann" %Link chicklit ebook	Leserstimme zu "Versehentlich verliebt" -- "Was eine auf eine Flughafen alle passieren kann" %Link chicklit ebook	NN PTKA ADJD ADJA $( NN ART APPR ART NN PIS VVFIN ADJA XY NE NE	6/NK 3/MO 4/MO 6/NK 4/-- 0/-- 13/NK 12/MO 10/NK 8/NK 2/NK 13/NK 6/AG 0/-- 16/PNC 0/--	case=nom|gender=fem|num=sg _ pos=True case=nom|gender=fem|num=sg|pos=True _ case=nom|gender=masc|num=sg case=dat|gender=masc|num=sg _ case=dat|gender=masc|num=sg case=dat|gender=masc|num=sg case=nom|gender=neut|num=sg _ case=acc|gender=masc|num=sg|pos=True case=acc|gender=masc|num=sg case=nom|*=True|num=sg case=nom|*=True|num=sg
323606755793846272	neutral	Jetzt auf EWM: Autumn Tactics von Chicane ... jetzt einschalten: - %Link ewm lautfm	jetzt auf EWM: Autumn Tactics von Chicane ... jetzt einschalten: - %Link ewm lautfm	ADV APPR NN NE NE APPR NN $. ADV ADJD $( XY NE NE	2/MO 0/-- 2/NK 5/PNC 3/AG 3/MNR 6/NK 7/-- 10/MO 14/PD 10/-- 0/-- 14/PNC 0/--	_ _ case=acc|gender=fem|num=sg case=acc|gender=fem|num=sg case=gen|gender=masc|num=sg _ case=dat|gender=fem|num=sg _ _ pos=True _ pos=True _ _
322451161930153984	neutral	warum kann ich einen Aufsatz auf Deutsch schrieben aber nicht auf Englisch???????	warum können ich eine Aufsatz auf deutsch schreiben aber nicht auf Englisch???????	PWAV VMFIN PPER ART NN APPR NN VVFIN ADV PTKNEG APPR ADJA	2/MO 0/-- 2/SB 5/NK 8/OA 5/MNR 6/NK 2/OC 2/MO 2/NG 2/OC 11/NK	_ pers=1|num=sg|tense=pres|mood=ind case=nom|*=True|num=sg|pers=1 case=acc|gender=masc|num=sg case=acc|gender=masc|num=sg _ case=acc|gender=neut|num=sg pers=3|num=pl|tense=past|mood=ind _ _ _ case=dat|gender=masc|num=pl|pos=True
323801024517246977	neutral	Ich habe 502 Nahrungseinheiten geerntet! %Link android, androidgames, gameinsight	ich haben @card@ Nahrungseinheiten geerntet! %Link android, androidgames, gameinsight	PPER VAFIN CARD NN VVPP XY NE NE NE	2/SB 0/-- 4/NK 5/OA 2/OC 0/-- 9/PNC 9/PNC 0/--	case=nom|*=True|num=sg|pers=1 pers=1|num=sg|tense=pres|mood=ind _ case=acc|gender=fem|num=pl _ case=nom|*=True|num=sg case=nom|*=True|num=sg case=nom|*=True|num=sg _
327244583106904065	neutral	Bin grade noch in C? Knuddel ich ja schon mal.	Bin grade noch in C? Knuddel ich ja schon mal.	NE PTKVZ KON APPR ADJA NN PPER ADV ADV ADJA	0/-- 1/MNR 2/CD 3/CJ 4/NK 0/-- 6/SB 6/MO 10/MO 6/PD	pers=1|num=sg|tense=pres|mood=ind _ _ _ case=dat|gender=neut|num=pl|pos=True case=nom|gender=masc|num=sg case=nom|*=True|num=sg|pers=1 _ _ *=True
327482896581545984	neutral	Ich habe 1,150 Nahrungseinheiten geerntet! %Link android, androidgames, gameinsight	ich haben @card@ Nahrungseinheiten geerntet! %Link android, androidgames, gameinsight	PPER VAFIN CARD NN VVPP XY NE NE NE	2/SB 0/-- 4/NK 5/OA 2/OC 0/-- 9/PNC 9/PNC 0/--	case=nom|*=True|num=sg|pers=1 pers=1|num=sg|tense=pres|mood=ind _ case=acc|gender=fem|num=pl _ case=nom|*=True|num=sg case=nom|*=True|num=sg case=nom|*=True|num=sg _
328233453030088704	positive	'Wir sind jung! Für immer Jung!' Blumen, Gestecke und Sträusse, reichen Frauen im modischen Bicolor auf die Bühne. ' Oh, Maria!'	'Wir sein jung! für immer Jung!' Blumen, Gesteck und Sträusse, reich Frau in modisch Bicolor auf die Bühne. ' Oh, Maria!'	NN VAFIN ADJD APPR ADV ADJA NE NN KON NE ADJA NN APPRART ADJA NN APPR ART NN $( NE NE	2/SB 0/-- 2/PD 6/MO 4/NK 0/-- 8/PNC 11/MO 8/CD 9/CJ 0/-- 11/SB 11/MO 15/NK 13/NK 11/MO 18/NK 16/NK 18/-- 21/PNC 0/--	Sentiment::markable_100500217::Intensity=medium|Sentiment::markable_100500217::Sarcasm=false|Target::markable_100500218::Target=True|pos=True|Target::markable_100500218::Preferred=true|Sentiment::markable_100500217::Sentiment=True|Sentiment::markable_100500217::Polarity=positive|Target::markable_100500218::Anaphref=empty pers=3|Sentiment::markable_100500217::Sentiment=True|num=pl|tense=pres|mood=ind Sentiment::markable_100500217::Sentiment=True|pos=True Sentiment::markable_100500217::Sentiment=True Sentiment::markable_100500217::Sentiment=True case=dat|gender=masc|num=sg|pos=True case=nom|*=True|num=sg case=nom|*=True|num=sg _ case=nom|*=True|num=sg case=dat|gender=masc|num=pl|pos=True case=nom|gender=fem|num=pl case=dat|gender=masc|num=sg case=dat|EmoExpression::markable_100500245::Uncertain=false|gender=masc|EmoExpression::markable_100500245::Intensity=weak|pos=True|EmoExpression::markable_100500245::Sarcasm=false|EmoExpression::markable_100500245::SubjectiveFact=true|num=sg|EmoExpression::markable_100500245::Polarity=positive|EmoExpression::markable_100500245::EmoExpression=True case=dat|gender=masc|num=sg _ case=acc|gender=fem|num=sg case=acc|gender=fem|num=sg _ case=nom|gender=fem|num=sg case=nom|gender=fem|num=sg
327183043934695424	neutral	masqq, quero trufas ein %PosSmiley	masqq, quero trufas eine %PosSmiley	NE NE VVFIN ART ITJ	2/PNC 3/SB 0/-- 5/NK 3/DM	_ _ pers=3|num=sg|tense=pres|mood=ind case=nom|gender=masc|num=sg case=nom|gender=masc|num=sg
322357462051209217	neutral	Stop shaking der table mang wutyoporabola	Stop shaking die table mang wutyoporabola	NN NE ART ADJA NN ADJD	0/-- 1/NK 5/NK 5/NK 1/SB 1/PD	case=nom|gender=masc|num=sg pers=3|num=sg|tense=past|mood=ind case=nom|gender=masc|num=sg case=nom|gender=masc|num=sg|pos=True case=nom|gender=masc|num=sg pos=True
323696147103367168	neutral	und warum hatte der vorausfahrende Zug Verspätung?	und warum haben die vorausfahrend Zug Verspätung?	KON PWAV VAFIN ART ADJA NN ADJA	3/JU 7/MO 0/-- 6/NK 6/NK 3/SB 3/RS	_ _ pers=3|num=sg|tense=past|mood=ind case=nom|gender=masc|num=sg case=nom|gender=masc|num=sg|pos=True case=nom|gender=masc|num=sg case=gen|gender=fem|num=sg|pos=True
327535373100134400	neutral	New post: Podiumsdiskussion zur ÖH-Wahl	New post: Podiumsdiskussion zu ÖH-Wahl	NE ADJA NN APPRART NN	3/NK 3/NK 0/-- 3/MNR 4/NK	_ case=acc|gender=fem|num=sg|pos=True case=acc|gender=fem|num=sg case=dat|gender=fem|num=sg case=dat|gender=fem|num=sg
322314483072638976	neutral	Ich habe 1,020 Nahrungseinheiten geerntet! %Link android, androidgames, gameinsight	ich haben @card@ Nahrungseinheiten geerntet! %Link android, androidgames, gameinsight	PPER VAFIN CARD NN VVPP XY NE NE NE	2/SB 0/-- 4/NK 5/OA 2/OC 0/-- 9/PNC 9/PNC 0/--	case=nom|*=True|num=sg|pers=1 pers=1|num=sg|tense=pres|mood=ind _ case=acc|gender=fem|num=pl _ case=nom|*=True|num=sg case=nom|*=True|num=sg case=nom|*=True|num=sg _
323844027474640896	positive	Wenn Du Schatten willst, dann musst Du näher ran an den Baum %User wald	wenn du Schatten willst, dann müssen du nah ran an die Baum %User wald	KOUS PPER NN NE ADV VMFIN PPER ADJD ADV APPR ART NN NE ADJA	6/CP 3/NK 6/SB 3/NK 6/MO 0/-- 6/SB 6/MO 6/MO 14/OP 12/NK 10/NK 12/NK 6/OC	_ case=nom|*=True|num=sg|pers=2 case=nom|EmoExpression::markable_100500246::EmoExpression=True|gender=masc|EmoExpression::markable_100500246::SubjectiveFact=false|num=sg|EmoExpression::markable_100500246::Polarity=positive|EmoExpression::markable_100500246::Sarcasm=false|EmoExpression::markable_100500246::Uncertain=false|EmoExpression::markable_100500246::Intensity=medium case=nom|gender=masc|num=sg _ pers=3|num=sg|tense=pres|mood=ind case=nom|*=True|num=sg|pers=2 comp=True _ _ case=acc|gender=masc|num=sg case=acc|gender=masc|num=sg case=nom|gender=masc|num=sg case=nom|gender=masc|num=sg
327485218548224000	positive	IHK-Antrag: Keine Transparenz im Mittelstand: Wir haben heute im Plenum gefordert, die Gehälter der Geschäftsf...	IHK-Antrag: keine Transparenz in Mittelstand: wir haben heute in Plenum gefordert, die Gehalt die Geschäftsf...	NN PIAT NN APPRART NN PPER VAFIN ADV APPRART NN NE ART NN ART NN	7/VO 3/NK 1/CJ 3/MNR 4/NK 7/SB 0/-- 7/MO 7/MO 9/NK 10/NK 13/NK 7/OA 15/NK 13/AG	case=nom|gender=fem|num=sg case=nom|gender=fem|Negation::markable_100500222::EmoExpressionRef=emo-expression:markable_100500221|num=sg|Negation::markable_100500222::Negation=True case=nom|gender=fem|EmoExpression::markable_100500221::SubjectiveFact=false|EmoExpression::markable_100500221::Sarcasm=false|num=sg|EmoExpression::markable_100500221::Polarity=positive|EmoExpression::markable_100500221::EmoExpression=True|EmoExpression::markable_100500221::Uncertain=false|EmoExpression::markable_100500221::Intensity=medium case=dat|gender=neut|num=sg case=dat|gender=neut|num=sg case=nom|*=True|num=pl|pers=1 pers=1|num=pl|tense=pres|mood=ind _ case=dat|gender=neut|num=sg case=dat|gender=neut|num=sg case=nom|*=True|num=sg case=acc|gender=neut|num=pl case=acc|gender=neut|num=pl case=gen|gender=fem|num=sg case=gen|gender=fem|num=sg
327360983314075648	neutral	Frau stand im Kleiderschrank, "Tanze Samba mit mir" singend. Frau steht immer noch im Schrank, jetzt ruft sie was mit "Lass m...	Frau stehen in Kleiderschrank, "Tanze Samba mit mir" singend. Frau stehen immer noch in Schrank, jetzt rufen sie was mit "Lass m...	NN VVFIN APPRART NE NN NN APPR ADJA ADJA NN VVFIN ADV ADV APPRART NE ADV VVFIN PPER PIS APPR NN ADJA	2/SB 0/-- 2/MO 3/NK 2/SB 5/NK 2/SVP 9/NK 7/NK 11/SB 0/-- 13/MO 11/MO 11/MO 14/NK 17/MO 11/CJ 17/SB 17/SB 22/MO 20/NK 17/DA	case=nom|gender=fem|num=sg pers=3|num=sg|tense=past|mood=ind case=dat|gender=masc|num=sg case=dat|gender=masc|num=sg case=nom|gender=masc|num=sg case=nom|gender=masc|num=sg _ case=dat|gender=masc|num=pl|pos=True case=dat|gender=masc|num=pl|pos=True case=nom|gender=fem|num=sg pers=3|num=sg|tense=pres|mood=ind _ _ case=dat|gender=masc|num=sg case=dat|gender=masc|num=sg _ pers=3|num=sg|tense=pres|mood=ind case=nom|gender=fem|num=sg|pers=3 case=nom|gender=neut|num=sg _ case=dat|gender=masc|num=sg case=dat|gender=masc|num=sg|pos=True
322349202900393984	neutral	"Kannst Du mir Geld leihen, Siri?" "Kannst Du mir den Rücken kratzen?" "Witzig!" "Genau!"	"Kannst du ich Geld leihen, Siri?" "Kannst du ich die Rücken kratzen?" "Witzig!" "Genau!"	VVFIN PPER PRF NN NE NN VVFIN PPER PRF ART NN ADJA NN NN	0/-- 1/SB 1/DA 1/OA 6/PNC 4/NK 0/-- 7/SB 7/DA 11/NK 7/OA 7/MO 0/-- 0/--	pers=2|num=sg|tense=pres|mood=ind case=nom|*=True|num=sg|pers=2 case=dat|*=True|num=sg|pers=1 case=acc|gender=neut|num=sg case=nom|gender=fem|num=sg case=nom|gender=fem|num=sg pers=2|num=sg|tense=pres|mood=ind case=nom|*=True|num=sg|pers=2 case=dat|*=True|num=sg|pers=1 case=acc|gender=masc|num=sg case=acc|gender=masc|num=sg _ case=nom|gender=neut|num=sg case=nom|gender=neut|num=sg
327499339431825408	negative	Ich habe Mirror's Edge, Bajonetta und Faible 2. Und letztlich spiele ich doch nur Left 4 Dead. Allein.	ich haben Mirror's Edge, Bajonetta und Faible 2. und letztlich spielen ich doch nur Left 4 Dead. Allein.	PPER VAFIN NN NE NE KON NN ADJA KON ADV VVFIN PPER ADV ADV ADJA CARD NN NE	2/SB 0/-- 8/DA 5/PNC 3/NK 3/CD 6/CJ 2/OC 2/CD 11/MO 9/CJ 11/SB 11/MO 16/MO 16/NMC 17/NK 11/OA 0/--	case=nom|*=True|num=sg|pers=1 pers=1|num=sg|tense=pres|mood=ind *=True *=True case=nom|*=True|num=sg _ case=nom|*=True|num=sg case=acc|gender=masc|num=sg|pos=True _ _ pers=1|num=sg|tense=pres|mood=ind case=nom|*=True|num=sg|pers=1 _ _ pers=1|num=sg|tense=pres|mood=ind _ case=acc|EmoExpression::markable_100500247::Sarcasm=false|EmoExpression::markable_100500247::Polarity=negative|gender=masc|EmoExpression::markable_100500247::Uncertain=false|EmoExpression::markable_100500247::Intensity=medium|num=sg|EmoExpression::markable_100500247::EmoExpression=True|EmoExpression::markable_100500247::SubjectiveFact=false case=nom|gender=neut|num=sg
323895661886058496	neutral	Machen Sie mit bei Paradise Island für Android %Link Android Androidgames Gameinsight	Machen Sie mit bei Paradise Island für Android %Link Android Androidgames Gameinsight	NN PPER APPR APPR NE NE APPR NN XY NN NE NE	0/-- 1/SB 1/OP 3/MO 6/PNC 4/NK 1/MNR 7/NK 8/NK 8/NK 12/PNC 10/NK	pers=3|num=pl|tense=pres|mood=ind case=nom|*=True|num=pl|pers=3 _ _ *=True case=dat|*=True|num=sg _ case=acc|gender=masc|num=sg case=acc|gender=masc|num=sg case=nom|gender=masc|num=sg case=nom|gender=masc|num=sg case=nom|gender=masc|num=sg
322346938873823233	negative	Eingebildeter geht's nimmer "Die stadtläufige Meinung sieht aber anders aus."	Eingebildete gehen nimmer "Die stadtläufige Meinung sehen aber anders aus."	NN VVFIN ADV NN ADJA NN VVFIN ADV ADV ADJA	2/SB 0/-- 2/MO 2/SB 6/NK 7/OA 2/CJ 7/MO 7/MO 7/MO	case=nom|EmoExpression::markable_100500224::Uncertain=false|gender=masc|EmoExpression::markable_100500224::Intensity=medium|EmoExpression::markable_100500224::Sarcasm=false|EmoExpression::markable_100500224::SubjectiveFact=false|EmoExpression::markable_100500224::Polarity=negative|num=sg|EmoExpression::markable_100500224::EmoExpression=True pers=3|num=sg|tense=past|mood=ind _ case=acc|gender=fem|num=sg case=acc|gender=fem|num=sg|pos=True case=acc|gender=fem|num=sg pers=3|num=sg|tense=pres|mood=ind _ _ _
327493357070864384	positive	da kann ich mich nimmer dran erinnern %PosSmiley	da können ich ich nimmer dran erinnern %PosSmiley	ADV VMFIN PPER PRF ADV PAV VVINF ITJ	2/MO 0/-- 2/SB 7/OA 2/MO 7/NK 2/OC 2/DM	_ pers=1|num=sg|tense=pres|mood=ind case=nom|*=True|num=sg|pers=1 case=acc|pers=1|num=sg _ _ _ EmoExpression::markable_82::EmoExpression=True|EmoExpression::markable_82::Uncertain=false|EmoExpression::markable_82::Intensity=medium|EmoExpression::markable_82::Sarcasm=false|EmoExpression::markable_82::SubjectiveFact=false|EmoExpression::markable_82::Polarity=positive
322427860981788673	neutral	und ich habe auch noch schokokeks dingsis und gummibärchen un JOGHURT !	und ich haben auch noch schokokeks dingsis und gummibärchen un Joghurt !	KON PPER VAFIN ADV ADV ADJA NN KON NN NE NN $.	3/JU 3/SB 0/-- 7/MO 6/MO 7/NK 3/OA 7/CD 8/CJ 7/NK 3/OA 11/--	_ case=nom|*=True|num=sg|pers=1 pers=1|num=sg|tense=pres|mood=ind _ _ _ case=gen|gender=masc|num=pl _ case=dat|gender=masc|num=pl|pos=True _ case=acc|gender=masc|num=sg _
323714835709820928	positive	Erhöhte Planungssicherheit durch CarCubes bei ELSEN logistics - - Installation des.. %Link Pressemitteilung	erhöht Planungssicherheit durch CarCubes bei Elsen logistics - - Installation des.. %Link Pressemitteilung	ADJA NN APPR NN APPR NE NE $( $( NN ADJA XY NN	2/NK 0/-- 2/MNR 3/NK 4/MNR 7/PNC 10/NK 7/-- 8/-- 5/NK 10/UC 10/NK 0/--	case=acc|Intensifier::markable_100500228::EmoExpressionRef=emo-expression:markable_100500227|gender=fem|Intensifier::markable_100500228::Intensifier=True|pos=True|Sentiment::markable_100500225::Intensity=medium|Sentiment::markable_100500225::Sentiment=True|num=sg|Intensifier::markable_100500228::Degree=medium|Sentiment::markable_100500225::Sarcasm=false|Sentiment::markable_100500225::Polarity=positive case=acc|EmoExpression::markable_100500227::Uncertain=false|gender=fem|EmoExpression::markable_100500227::Intensity=medium|EmoExpression::markable_100500227::SubjectiveFact=false|EmoExpression::markable_100500227::EmoExpression=True|Sentiment::markable_100500225::Sentiment=True|num=sg|EmoExpression::markable_100500227::Polarity=positive|EmoExpression::markable_100500227::Sarcasm=false Sentiment::markable_100500225::Sentiment=True case=acc|Sentiment::markable_100500225::Sentiment=True|num=pl|Target::markable_100500226::Target=True|Target::markable_100500226::Anaphref=empty|gender=fem|Target::markable_100500226::Preferred=true Target::markable_100500226::Target=True|Sentiment::markable_100500225::Sentiment=True case=dat|*=True|num=sg|Target::markable_100500226::Target=True|Sentiment::markable_100500225::Sentiment=True Target::markable_100500226::Target=True|Sentiment::markable_100500225::Sentiment=True _ _ case=nom|gender=fem|num=sg case=nom|gender=fem|num=sg|pos=True case=nom|gender=fem|num=sg case=nom|gender=fem|num=sg
327459803565813760	positive	"Schönen out of bed Look hast du" so sehe ich fast immer aus.	"Schönen out of bed Look haben du" so sehen ich fast immer aus.	NN FM FM NE NE VAFIN ADJD ADV VVFIN PPER ADV ADV ADJA	6/SB 1/MNR 2/UC 5/PNC 2/UC 8/RE 6/MO 9/MO 0/-- 9/SB 12/MO 9/MO 9/MO	Target::markable_84::Target=True|EmoExpression::markable_85::EmoExpression=True|EmoExpression::markable_85::Uncertain=false|Target::markable_84::Anaphref=empty|EmoExpression::markable_85::Intensity=medium|EmoExpression::markable_85::SubjectiveFact=false|EmoExpression::markable_85::Polarity=positive|EmoExpression::markable_85::Sarcasm=false|Target::markable_84::Preferred=true|Sentiment::markable_83::Sentiment=True Target::markable_84::Target=True|Sentiment::markable_83::Sentiment=True Target::markable_84::Target=True|Sentiment::markable_83::Sentiment=True Target::markable_84::Target=True|Sentiment::markable_83::Sentiment=True Target::markable_84::Target=True|Sentiment::markable_83::Sentiment=True pers=2|num=sg|tense=pres|mood=ind|Sentiment::markable_83::Sentiment=True Sentiment::markable_83::Sentiment=True _ pers=1|num=sg|tense=pres|mood=ind case=nom|*=True|num=sg|pers=1 _ _ pers=1|num=sg|tense=pres|mood=ind
328060984524668928	neutral	Dieses Wochenende Vollsperrung auf der Stadtbahn: Umleitung von Fern- und Regionalzügen. Zwischen Zoo und Hauptbahnhof %User...	dies Wochenende Vollsperrung auf die Stadtbahn: Umleitung von Fern- und Regionalzügen. zwischen Zoo und Hauptbahnhof %User...	PDAT NN NN APPR ART NN NN APPR TRUNC KON NN APPR NN KON NN ADJA	2/NK 0/-- 2/NK 3/MNR 6/NK 4/NK 6/NK 7/PG 10/CJ 11/CD 8/NK 16/MO 12/NK 13/CD 14/CJ 0/--	case=nom|gender=neut|num=sg case=nom|gender=neut|num=sg case=acc|gender=fem|num=sg _ case=dat|gender=fem|num=sg case=dat|gender=fem|num=sg case=nom|gender=fem|num=sg _ _ _ case=dat|gender=masc|*=True _ case=dat|gender=masc|num=sg _ case=dat|gender=masc|num=sg case=dat|gender=masc|num=sg|pos=True
