326318631011106816	positive	könnt ihr mir für acht Leute einen Tisch auf den Namen René für morgen reservieren? %PosSmiley	können ihr ich für acht Leute eine Tisch auf die Name René für morgen reservieren? %PosSmiley	VMFIN PPER PRF APPR CARD NN ART NN APPR ART NN NN APPR ADV ADJA ITJ	0/-- 15/DA 15/DA 15/MO 6/NK 4/NK 8/NK 15/OA 8/MNR 11/NK 9/NK 11/NK 15/MO 13/NK 1/SB 1/DM	pers=3|num=sg|tense=pres|mood=ind case=dat|gender=fem|num=sg|pers=3 case=dat|*=True|num=sg|pers=1 _ _ case=acc|*=True|num=pl case=acc|gender=masc|num=sg case=acc|gender=masc|num=sg _ case=acc|gender=masc|num=sg case=acc|gender=masc|num=sg case=nom|gender=masc|num=sg _ _ case=acc|gender=neut|num=pl|pos=True EmoExpression::markable_1::SubjectiveFact=false|EmoExpression::markable_1::EmoExpression=True|EmoExpression::markable_1::Uncertain=false|EmoExpression::markable_1::Polarity=positive|EmoExpression::markable_1::Sarcasm=false|EmoExpression::markable_1::Intensity=medium
324765840627085313	positive	"Ang cute nung KathQuen mag Gwiyomi. Nakita niyo? Hahaha. %PosSmiley %User"	"Ang cute nung KathQuen mögen Gwiyomi. Nakita niyo? Hahaha. %PosSmiley %User"	NN ADJA NN NN VMFIN NE NE VVFIN NE ITJ ADJA	5/SB 3/NK 1/MNR 3/NK 0/-- 5/SB 8/SB 0/-- 0/-- 11/NK 0/--	case=nom|gender=masc|num=sg case=nom|gender=masc|num=sg|pos=True case=nom|gender=masc|num=sg case=nom|gender=masc|Source::markable_3::Source=True|num=sg|Sentiment::markable_2::Polarity=positive|Sentiment::markable_2::Intensity=medium|Sentiment::markable_2::Sarcasm=false|Source::markable_3::Anaphref=empty|Sentiment::markable_2::Sentiment=True mood=ind|EmoExpression::markable_4::Uncertain=false|EmoExpression::markable_4::EmoExpression=True|EmoExpression::markable_4::SubjectiveFact=false|EmoExpression::markable_4::Polarity=positive|pers=3|num=sg|tense=pres|EmoExpression::markable_4::Sarcasm=false|EmoExpression::markable_4::Intensity=medium|Sentiment::markable_2::Sentiment=True case=nom|gender=masc|num=sg case=nom|*=True|num=sg pers=3|num=sg|tense=past|mood=ind case=nom|EmoExpression::markable_6::SubjectiveFact=false|*=True|EmoExpression::markable_6::Sarcasm=false|num=sg|EmoExpression::markable_6::Uncertain=false|EmoExpression::markable_6::Intensity=medium|EmoExpression::markable_6::EmoExpression=True|EmoExpression::markable_6::Polarity=positive _ _
321883681067261952	positive	Kennt ihr schon unsere Ecoline? %PosSmiley %Link	kennen ihr schon unser Ecoline? %PosSmiley %Link	VVFIN PPER ADV PPOSAT NN ITJ XY	0/-- 1/DA 1/MO 5/NK 1/OA 5/NK 0/--	pers=3|num=sg|tense=pres|mood=ind case=dat|gender=fem|num=sg|pers=3 _ case=acc|gender=fem|num=sg case=acc|EmoExpression::markable_7::EmoExpression=True|EmoExpression::markable_7::Uncertain=false|EmoExpression::markable_7::Intensity=medium|EmoExpression::markable_7::SubjectiveFact=false|gender=fem|EmoExpression::markable_7::Sarcasm=false|EmoExpression::markable_7::Polarity=positive|num=sg _ _
319398011358834689	positive	Toffe Eindhovense band zoekt bassist! Wie o wie? %PosSmiley %Link	Toffe Eindhovense binden zoekt bassist! wie o wie? %PosSmiley %Link	NN NN VVFIN ADJD ADJD KOKOM ADJA ADJA ITJ XY	3/SB 1/NK 0/-- 3/MO 3/MO 7/MO 8/MO 0/-- 8/NK 0/--	case=nom|gender=masc|num=pl case=nom|gender=masc|num=pl pers=3|num=sg|tense=past|mood=ind pos=True pos=True _ _ _ EmoExpression::markable_8::SubjectiveFact=false|EmoExpression::markable_8::Intensity=medium|EmoExpression::markable_8::Polarity=positive|EmoExpression::markable_8::Sarcasm=false|EmoExpression::markable_8::EmoExpression=True|EmoExpression::markable_8::Uncertain=false _
328628694597922818	positive	Nur noch 2Tage... Der Countdown läuft %PosSmiley %Link	nur noch 2Tage... die Countdown laufen %PosSmiley %Link	ADV ADV NE ART NN VVFIN ITJ XY	3/MO 3/MO 0/-- 5/NK 6/SB 0/-- 6/DM 7/NK	_ _ case=nom|*=True|num=sg case=nom|gender=masc|num=sg case=nom|gender=masc|num=sg pers=3|num=sg|tense=pres|mood=ind EmoExpression::markable_9::Uncertain=false|EmoExpression::markable_9::Polarity=positive|EmoExpression::markable_9::Sarcasm=false|EmoExpression::markable_9::Intensity=medium|EmoExpression::markable_9::SubjectiveFact=false|EmoExpression::markable_9::EmoExpression=True _
319416853170638848	positive	mein innerer Monk bricht beim Ausbügeln durch %PosSmiley	mein inner Monk brechen bei ausbügeln durch %PosSmiley	PPOSAT ADJA NN VVFIN APPRART VVFIN PTKVZ ITJ	3/NK 3/NK 4/SB 0/-- 4/MO 5/NK 4/SVP 7/NK	case=nom|gender=masc|num=sg case=nom|gender=masc|num=sg|pos=True case=nom|gender=masc|num=sg pers=3|num=sg|tense=pres|mood=ind case=dat|gender=neut|num=sg case=dat|gender=neut|num=sg _ EmoExpression::markable_10::Uncertain=false|EmoExpression::markable_10::Polarity=positive|EmoExpression::markable_10::Sarcasm=false|EmoExpression::markable_10::Intensity=medium|EmoExpression::markable_10::EmoExpression=True|EmoExpression::markable_10::SubjectiveFact=false
325885833628499971	positive	Morjen und bis gleich im Oly %PosSmiley &gt;&gt;&gt; Moin %PosSmiley Spieltag HAHOHE HERTHA BSC	Morjen und bis gleich in Oly %PosSmiley &gt;&gt;&gt; Moin %PosSmiley Spieltag HAHOHE Hertha BSC	NN KON APPR ADJD APPRART NN ITJ ADJA NE ITJ NN NN NE NE	0/-- 1/CD 2/CJ 8/MO 8/MO 5/NK 6/NK 11/NK 11/PNC 11/NK 3/NK 1/NK 14/PNC 12/NK	case=nom|gender=fem|num=pl _ _ _ case=dat|gender=masc|num=sg case=dat|gender=masc|num=sg _ case=gen|gender=fem|num=sg|pos=True case=gen|gender=fem|num=sg EmoExpression::markable_12::Intensity=medium|EmoExpression::markable_12::Polarity=positive|EmoExpression::markable_12::Uncertain=false|EmoExpression::markable_12::Sarcasm=false|EmoExpression::markable_12::SubjectiveFact=false|EmoExpression::markable_12::EmoExpression=True case=nom|gender=masc|num=sg case=nom|gender=masc|num=sg case=nom|gender=masc|num=sg case=nom|gender=masc|num=sg
322329770752876545	negative	Kaum ist man aus der Pubertät raus, schon fängt der Lack an abzublättern. %NegSmiley	kaum sein man aus die Pubertät raus, schon fangen die Lack an abzublättern. %NegSmiley	ADV VAFIN PIS APPR ART NN NE ADV VVFIN ART NN APZR VVIZU ITJ	13/MO 0/-- 2/SB 13/MO 6/NK 4/NK 6/NK 9/MO 6/PAR 11/NK 9/SB 4/AC 2/OC 0/NK	EmoExpression::markable_100500183::EmoExpression=True|EmoExpression::markable_100500183::Uncertain=false|EmoExpression::markable_100500183::Sarcasm=false|EmoExpression::markable_100500183::Intensity=medium|EmoExpression::markable_100500183::SubjectiveFact=false|EmoExpression::markable_100500183::Polarity=negative pers=3|num=sg|tense=pres|mood=ind case=nom|*=True|num=sg _ case=dat|gender=fem|num=sg case=dat|gender=fem|num=sg case=nom|*=True|num=sg EmoExpression::markable_100500183::EmoExpression=True Sentiment::markable_13::Sarcasm=false|mood=ind|pers=3|Target::markable_15::Preferred=true|num=sg|tense=pres|Target::markable_15::Anaphref=empty|Sentiment::markable_13::Polarity=negative|Sentiment::markable_13::Sentiment=True|Target::markable_15::Target=True|Sentiment::markable_13::Intensity=medium case=nom|gender=masc|num=sg|Target::markable_15::Target=True|Sentiment::markable_13::Sentiment=True case=nom|gender=masc|num=sg|Target::markable_15::Target=True|Sentiment::markable_13::Sentiment=True Target::markable_15::Target=True|Sentiment::markable_13::Sentiment=True Sentiment::markable_13::Sentiment=True EmoExpression::markable_14::Polarity=negative|EmoExpression::markable_14::Sarcasm=false|EmoExpression::markable_14::SubjectiveFact=false|EmoExpression::markable_14::Uncertain=false|Sentiment::markable_13::Sentiment=True|EmoExpression::markable_14::Intensity=medium|EmoExpression::markable_14::EmoExpression=True
320200652724776960	negative	ich weiss %NegSmiley und es git vlt gar kei zweiti staffle	ich weiß %NegSmiley und es git vlt gar Kei zweiti staffle	PPER PTKVZ ITJ KON PPER ADJA NN ADV NE ADJA NN	10/SB 4/CJ 2/NK 1/CD 8/OA 7/NK 8/OG 9/MO 4/CJ 0/-- 10/OA	case=nom|*=True|num=sg|pers=1 _ EmoExpression::markable_16::Polarity=negative|EmoExpression::markable_16::Sarcasm=false|EmoExpression::markable_16::EmoExpression=True|EmoExpression::markable_16::SubjectiveFact=false|EmoExpression::markable_16::Uncertain=false|EmoExpression::markable_16::Intensity=medium _ case=nom|gender=neut|num=sg|pers=3 case=acc|gender=fem|num=sg|pers=3 _ _ case=acc|gender=masc|num=sg case=acc|gender=masc|num=sg|pos=True case=acc|gender=masc|num=sg
326211084811898880	neutral	Unterwegs nach Prag zu einer Weiterbildung %PosSmiley (Eingecheckt bei Zürich Airport)	Unterweg nach Prag zu eine Weiterbildung %PosSmiley (Eingecheckt bei Zürich Airport)	NN APPR NE APPR ART NN ITJ NN APPR NE NE	0/-- 1/MNR 2/NK 1/MNR 6/NK 4/NK 8/NK 1/CJ 8/MNR 11/PNC 9/NK	case=gen|*=True|num=sg _ case=dat|gender=neut|num=sg _ case=dat|gender=fem|num=sg case=dat|gender=fem|num=sg case=dat|*=True|num=sg case=acc|*=True _ case=dat|gender=neut|num=sg case=dat|gender=neut|num=sg
322431063643283457	mixed	aber das wird doch abgelu... ach lassen wir das %PosSmiley	aber die werden doch abgelu... ach lassen wir die %PosSmiley	KON PDS VAFIN ADV ADJA ITJ VVFIN PPER PDS ITJ	3/JU 3/SB 0/-- 5/MO 3/OC 7/DM 0/-- 7/SB 7/OA 9/NK	_ case=nom|gender=neut|num=sg pers=3|num=sg|tense=pres|mood=ind _ _ EmoExpression::markable_100500184::Intensity=medium|EmoExpression::markable_100500184::SubjectiveFact=false|EmoExpression::markable_100500184::EmoExpression=True|EmoExpression::markable_100500184::Polarity=negative|EmoExpression::markable_100500184::Sarcasm=false|EmoExpression::markable_100500184::Uncertain=false pers=1|num=pl|tense=pres|mood=ind|EmoExpression::markable_100500184::EmoExpression=True case=nom|*=True|num=pl|EmoExpression::markable_100500184::EmoExpression=True|pers=1 case=acc|gender=neut|num=sg|EmoExpression::markable_100500184::EmoExpression=True case=acc|EmoExpression::markable_18::EmoExpression=True|gender=neut|EmoExpression::markable_18::Intensity=medium|num=sg|EmoExpression::markable_18::SubjectiveFact=false|EmoExpression::markable_18::Uncertain=false|EmoExpression::markable_18::Polarity=positive|EmoExpression::markable_18::Sarcasm=false
323812686104256512	positive	In der Sonne aufm Balkon sitzen &amp; Naked Heat lesen %PosSmiley	in die Sonne aufm Balkon sitzen &amp; Naked Heat lesen %PosSmiley	APPR ART NN NE NN VVFIN $( NE NN VVFIN ITJ	6/MO 3/NK 1/NK 5/PNC 3/NK 0/-- 6/-- 9/PNC 10/SB 6/CJ 10/DM	_ case=dat|gender=fem|num=sg case=dat|gender=fem|num=sg *=True case=nom|*=True|num=sg pers=3|num=pl|tense=pres|mood=ind _ *=True *=True pers=3|num=pl|tense=pres|mood=ind EmoExpression::markable_19::EmoExpression=True|EmoExpression::markable_19::Uncertain=false|EmoExpression::markable_19::Intensity=medium|EmoExpression::markable_19::Sarcasm=false|EmoExpression::markable_19::SubjectiveFact=false|EmoExpression::markable_19::Polarity=positive
321518849050697728	positive	Dem tatsächlichen Burgherren über die Schulter geschaut. Jetzt kommt Frühstück %PosSmiley %Link	die tatsächlich Burgherr über die Schulter geschaut. jetzt kommen Frühstück %PosSmiley %Link	ART ADJA NN APPR ART NN NE ADV VVFIN NN ITJ XY	3/NK 3/NK 4/NK 0/-- 6/NK 4/NK 6/NK 9/MO 0/-- 9/SB 10/NK 10/NK	case=dat|gender=masc|num=sg case=dat|gender=masc|num=sg|pos=True case=dat|gender=masc|num=sg _ case=acc|gender=fem|num=sg case=acc|gender=fem|num=sg _ _ pers=3|num=sg|tense=pres|mood=ind case=nom|gender=neut|num=sg case=nom|EmoExpression::markable_20::Uncertain=false|gender=neut|EmoExpression::markable_20::Sarcasm=false|EmoExpression::markable_20::EmoExpression=True|num=sg|EmoExpression::markable_20::Intensity=medium|EmoExpression::markable_20::SubjectiveFact=false|EmoExpression::markable_20::Polarity=positive case=nom|gender=neut|num=sg
323543901384359936	positive	Nein, ich erwarte KEINE erotischen Inhalte von Dir! Ich bleibe ... wenn ich darf ... %PosSmiley	Nein, ich erwarten keine erotisch Inhalt von Dir! ich bleiben ... wenn ich dürfen ... %PosSmiley	NN PPER VVFIN PIAT ADJA NN APPR NE PPER VVFIN $. KOUS PPER VMFIN $. ITJ	3/SVP 3/SB 0/-- 6/NK 6/NK 3/OA 6/PG 7/NK 10/SB 0/-- 10/-- 14/CP 14/SB 0/-- 14/-- 14/DM	pers=1|num=sg|tense=past|mood=subj case=nom|*=True|num=sg|pers=1 pers=1|num=sg|tense=pres|mood=ind case=acc|gender=masc|num=sg case=acc|gender=neut|num=pl|pos=True case=acc|gender=neut|num=pl _ case=dat|gender=neut|num=sg case=nom|*=True|num=sg|pers=1 pers=1|num=sg|tense=pres|mood=ind _ _ case=nom|*=True|num=sg|pers=1 pers=1|num=sg|tense=pres|mood=ind _ EmoExpression::markable_21::EmoExpression=True|EmoExpression::markable_21::SubjectiveFact=false|EmoExpression::markable_21::Uncertain=false|EmoExpression::markable_21::Polarity=positive|EmoExpression::markable_21::Sarcasm=false|EmoExpression::markable_21::Intensity=medium
325915223506698240	negative	weil die 4. Gibt es noch nicht auf deutsch %NegSmiley	weil die 4. geben es noch nicht auf deutsch %NegSmiley	KOUS ART ADJA VVFIN PPER ADV PTKNEG APPR ADJD ITJ	3/CP 3/NK 4/MO 0/-- 4/EP 7/MO 4/NG 4/MO 8/NK 8/MO	_ case=nom|*=True|num=pl case=nom|*=True|num=pl mood=ind|Sentiment::markable_22::Intensity=medium|Target::markable_24::Anaphref=empty|Sentiment::markable_22::Sentiment=True|pers=3|num=sg|tense=pres|Target::markable_24::Target=True|Sentiment::markable_22::Sarcasm=false|Target::markable_24::Preferred=true|Sentiment::markable_22::Polarity=negative case=nom|pers=3|num=sg|Target::markable_24::Target=True|gender=neut|Sentiment::markable_22::Sentiment=True Target::markable_24::Target=True|Sentiment::markable_22::Sentiment=True Target::markable_24::Target=True|Sentiment::markable_22::Sentiment=True Target::markable_24::Target=True|Sentiment::markable_22::Sentiment=True Sentiment::markable_22::Sentiment=True|pos=True|Target::markable_24::Target=True EmoExpression::markable_23::SubjectiveFact=false|EmoExpression::markable_23::Intensity=medium|EmoExpression::markable_23::EmoExpression=True|EmoExpression::markable_23::Polarity=negative|EmoExpression::markable_23::Sarcasm=false|EmoExpression::markable_23::Uncertain=false|Sentiment::markable_22::Sentiment=True
324618454026031104	positive	Haiheel kommt von Hai, also mindestens Flossenlänge %PosSmiley	Haiheel kommen von Hai, also mindestens Flossenlänge %PosSmiley	NN VVFIN APPR NE ADV ADV NN ITJ	2/SB 0/-- 2/MO 3/NK 2/MO 7/MO 2/OA 7/NK	case=nom|gender=neut|num=sg pers=3|num=sg|tense=pres|mood=ind _ case=dat|*=True|num=sg _ _ case=nom|gender=masc|num=pl EmoExpression::markable_25::Intensity=medium|EmoExpression::markable_25::Polarity=positive|EmoExpression::markable_25::Sarcasm=false|EmoExpression::markable_25::SubjectiveFact=false|EmoExpression::markable_25::Uncertain=false|EmoExpression::markable_25::EmoExpression=True
326661918511226880	positive	Wenn ihr wollt kann ich das machen. Und wenn ich den Text weiterverwenden darf... %PosSmiley Grüsse Bernhard	wenn ihr wollen können ich die machen. und wenn ich die Text weiterverwenden darf... %PosSmiley Gruß Bernhard	KOUS PPER VMFIN VMFIN PPER PDS VVFIN KON KOUS PPER ART NN VVFIN ADJA ITJ NN NE	3/CP 3/SB 4/MO 0/-- 4/SB 7/OA 4/OC 13/JU 13/CP 13/SB 12/NK 13/OA 0/-- 15/NK 13/DM 0/-- 16/NK	_ case=dat|gender=fem|num=sg|pers=3 pers=2|num=pl|tense=pres|mood=ind pers=1|num=sg|tense=pres|mood=ind case=nom|*=True|num=sg|pers=1 case=acc|gender=neut|num=sg pers=1|num=sg|tense=pres|mood=ind _ _ case=nom|*=True|num=sg|pers=1 case=acc|gender=masc|num=sg case=acc|gender=masc|num=sg _ case=acc|gender=masc|num=sg|pos=True case=acc|EmoExpression::markable_26::Sarcasm=false|EmoExpression::markable_26::EmoExpression=True|EmoExpression::markable_26::Uncertain=false|EmoExpression::markable_26::Intensity=medium|gender=masc|EmoExpression::markable_26::Polarity=positive|num=sg|EmoExpression::markable_26::SubjectiveFact=false case=nom|gender=masc|num=sg case=nom|gender=masc|num=sg
323528215874392066	mixed	Ich sehe dich! %PosSmiley %PosSmiley ich warte auf den Tag an dem du realisierst dass ich existiere ♥ %NegSmiley	ich sehen dich! %PosSmiley %PosSmiley ich warten auf die Tag an die du realisieren dass ich existieren ♥ %NegSmiley	PPER VVFIN ADJA ITJ ITJ PPER VVFIN APPR ART NN APPR ART PPER VVFIN KOUS PPER VVFIN ADJA ITJ	2/SB 0/-- 2/MO 5/NK 2/DM 7/SB 0/-- 7/OP 10/NK 8/NK 10/MNR 18/NK 14/DA 18/DH 17/CP 17/SB 14/MO 11/NK 18/NK	case=nom|*=True|num=sg|pers=1 pers=1|num=sg|tense=pres|mood=ind case=dat|EmoExpression::markable_28::Sarcasm=false|EmoExpression::markable_28::SubjectiveFact=false|EmoExpression::markable_28::EmoExpression=True|pers=1|EmoExpression::markable_28::Intensity=medium|num=sg|EmoExpression::markable_28::Polarity=positive|EmoExpression::markable_28::Uncertain=false _ _ case=nom|*=True|num=sg|pers=1 pers=1|num=sg|tense=pres|mood=ind _ case=acc|gender=masc|num=sg case=acc|gender=masc|num=sg _ case=dat|gender=masc|num=sg case=dat|gender=masc|num=sg pers=2|num=sg|tense=pres|mood=ind _ case=nom|*=True|num=sg|pers=1 pers=1|num=sg|tense=pres|mood=ind case=acc|EmoExpression::markable_29::Uncertain=false|EmoExpression::markable_29::Intensity=medium|EmoExpression::markable_29::EmoExpression=True|pers=1|num=sg|EmoExpression::markable_29::Polarity=positive|EmoExpression::markable_29::Sarcasm=false|EmoExpression::markable_29::SubjectiveFact=false EmoExpression::markable_30::EmoExpression=True|EmoExpression::markable_30::Uncertain=false|EmoExpression::markable_30::Intensity=medium|EmoExpression::markable_30::SubjectiveFact=false|EmoExpression::markable_30::Polarity=negative|EmoExpression::markable_30::Sarcasm=false
322401556613984257	negative	Seufz ich muss noch mehr putzen %NegSmiley	seufzen ich müssen noch mehr putzen %NegSmiley	VVIMP PPER VMFIN ADV ADV VVFIN ITJ	3/NK 3/SB 0/-- 5/MO 6/MO 3/OC 6/DM	EmoExpression::markable_100500123::Uncertain=false|EmoExpression::markable_100500123::Intensity=medium|Sentiment::markable_100500121::Sentiment=True|mood=subj|Sentiment::markable_100500121::Polarity=negative|EmoExpression::markable_100500123::Polarity=negative|Sentiment::markable_100500121::Intensity=medium|EmoExpression::markable_100500123::EmoExpression=True|pers=1|num=sg|tense=past|EmoExpression::markable_100500123::SubjectiveFact=false|Sentiment::markable_100500121::Sarcasm=false|EmoExpression::markable_100500123::Sarcasm=false case=nom|Sentiment::markable_100500121::Sentiment=True|*=True|Target::markable_100500122::Anaphref=empty|pers=1|Source::markable_100500124::Anaphref=empty|num=sg|Source::markable_100500124::Source=True|Target::markable_100500122::Preferred=true|Target::markable_100500122::Target=True pers=1|num=sg|tense=pres|mood=ind|Sentiment::markable_100500121::Sentiment=True|Target::markable_100500122::Target=True Target::markable_100500122::Target=True|Sentiment::markable_100500121::Sentiment=True Target::markable_100500122::Target=True|Sentiment::markable_100500121::Sentiment=True Target::markable_100500122::Target=True|Sentiment::markable_100500121::Sentiment=True EmoExpression::markable_32::Intensity=medium|Sentiment::markable_100500121::Sentiment=True|EmoExpression::markable_32::Polarity=negative|EmoExpression::markable_32::Sarcasm=false|EmoExpression::markable_32::SubjectiveFact=false|EmoExpression::markable_32::Uncertain=false|EmoExpression::markable_32::EmoExpression=True
328503559777824768	positive	ik weet niet wie je bent maar neuhh %PosSmiley	ik weet niet wie je bent maar neuhh %PosSmiley	ADJA NN VVFIN KOKOM ADV ADJD NN ADJA ITJ	2/NK 3/OA 0/-- 6/CM 6/MO 3/MO 3/OA 7/NK 7/NK	_ case=acc|gender=neut|num=sg _ _ _ pos=True case=acc|gender=masc|num=sg case=acc|gender=masc|num=sg|pos=True case=acc|EmoExpression::markable_34::SubjectiveFact=false|gender=masc|EmoExpression::markable_34::Uncertain=false|EmoExpression::markable_34::Intensity=medium|num=sg|EmoExpression::markable_34::EmoExpression=True|EmoExpression::markable_34::Polarity=positive|EmoExpression::markable_34::Sarcasm=false
328082737716133888	positive	was steht denn zur Option? %PosSmiley	was stehen denn zu Option? %PosSmiley	PIS VVFIN ADV APPRART NN ITJ	2/SB 0/-- 2/MO 2/MO 4/NK 5/NK	case=nom|gender=neut|num=sg pers=3|num=sg|tense=pres|mood=ind _ case=dat|gender=fem|num=sg case=dat|gender=fem|num=sg EmoExpression::markable_35::Uncertain=false|EmoExpression::markable_35::Intensity=medium|EmoExpression::markable_35::Sarcasm=false|EmoExpression::markable_35::SubjectiveFact=false|EmoExpression::markable_35::EmoExpression=True|EmoExpression::markable_35::Polarity=positive
321951710803283969	positive	Nö %PosSmiley 2:1 für die Bayern und nicht weil ich das so will...	Nö %PosSmiley 2:1 für die Bayern und nicht weil ich die so will...	VVPP ITJ CARD APPR ART NE KON PTKNEG KOUS PPER ART ADV ADJA	0/-- 3/NK 1/MO 1/MO 6/NK 4/NK 6/CD 13/NG 13/CP 13/SB 13/NK 13/MO 7/CJ	_ EmoExpression::markable_36::EmoExpression=True|EmoExpression::markable_36::SubjectiveFact=false|EmoExpression::markable_36::Uncertain=false|EmoExpression::markable_36::Polarity=positive|EmoExpression::markable_36::Sarcasm=false|EmoExpression::markable_36::Intensity=medium _ _ case=acc|gender=masc|num=pl case=acc|gender=masc|num=pl _ _ _ case=nom|*=True|num=sg|pers=1 case=nom|gender=neut|num=sg _ case=nom|gender=neut|num=sg|pos=True
320256262539452417	positive	ersten 3 liker 10 likes %PosSmiley ?? - habe bock bei Leuten ein Herz zu posten, wundert euch nicht Haha...	erst 3 liker 10 likes %PosSmiley ?? - haben bocken bei Leute eine Herz zu posten, wundern ihr nicht Haha...	ADJA CARD NN CARD ADJA ITJ ADJD $( VAFIN VVIMP APPR NN ART NN APPR NE VVFIN PPER PTKNEG ADJA	2/MO 3/NK 5/AMS 3/NK 0/-- 7/DM 5/PD 9/-- 0/-- 9/OC 10/MO 11/NK 14/NK 17/OA 14/MNR 15/NK 9/OC 17/OA 20/NG 17/MO	_ _ case=gen|EmoExpression::markable_100500186::SubjectiveFact=false|gender=masc|EmoExpression::markable_100500186::Intensity=medium|num=pl|EmoExpression::markable_100500186::EmoExpression=True|EmoExpression::markable_100500186::Uncertain=false|EmoExpression::markable_100500186::Polarity=positive|EmoExpression::markable_100500186::Sarcasm=false _ case=acc|EmoExpression::markable_100500185::SubjectiveFact=false|gender=neut|pos=True|EmoExpression::markable_100500185::Uncertain=false|EmoExpression::markable_100500185::Intensity=medium|num=sg|EmoExpression::markable_100500185::Sarcasm=false|EmoExpression::markable_100500185::Polarity=positive|EmoExpression::markable_100500185::EmoExpression=True case=acc|EmoExpression::markable_37::Uncertain=false|gender=neut|EmoExpression::markable_37::Sarcasm=false|EmoExpression::markable_37::EmoExpression=True|num=sg|EmoExpression::markable_37::Intensity=medium|EmoExpression::markable_37::SubjectiveFact=false|EmoExpression::markable_37::Polarity=positive pos=True _ pers=3|num=sg|tense=pres|mood=subj case=acc|pers=3|num=sg _ case=dat|*=True|num=pl case=acc|gender=neut|num=sg case=acc|gender=neut|EmoExpression::markable_100500187::Sarcasm=false|EmoExpression::markable_100500187::EmoExpression=True|EmoExpression::markable_100500187::Intensity=medium|EmoExpression::markable_100500187::Uncertain=false|num=sg|EmoExpression::markable_100500187::SubjectiveFact=false|EmoExpression::markable_100500187::Polarity=positive _ case=dat|gender=neut|num=sg pers=3|num=sg|tense=pres|mood=ind case=acc|*=True|num=pl|pers=2 _ case=dat|*=True|num=sg|pos=True
322782364994531328	negative	Mein Bauch mag mich nicht weil ich Käse gegessen habe %PosSmiley	mein Bauch mögen ich nicht weil ich Käse essen haben %PosSmiley	PPOSAT NN VMFIN PPER PTKNEG KOUS PPER NN VVPP VAFIN ITJ	2/NK 3/SB 0/-- 3/SB 3/NG 10/CP 10/SB 9/OA 10/OC 3/MO 10/NK	case=nom|Sentiment::markable_39::Sentiment=True|Sentiment::markable_39::Sarcasm=false|Sentiment::markable_39::Polarity=negative|gender=masc|Source::markable_40::Anaphref=empty|Source::markable_40::Source=True|num=sg|Sentiment::markable_39::Intensity=medium case=nom|gender=masc|num=sg|Sentiment::markable_39::Sentiment=True|Source::markable_40::Source=True EmoExpression::markable_41::EmoExpression=True|EmoExpression::markable_41::Uncertain=false|Sentiment::markable_39::Sentiment=True|EmoExpression::markable_41::Intensity=medium|mood=ind|EmoExpression::markable_41::Polarity=positive|EmoExpression::markable_41::Sarcasm=false|pers=3|num=sg|tense=pres|EmoExpression::markable_41::SubjectiveFact=false case=acc|Sentiment::markable_39::Sentiment=True|*=True|Target::markable_42::Anaphref=empty|pers=1|num=sg|Target::markable_42::Target=True|Target::markable_42::Preferred=true Negation::markable_43::Negation=True|Sentiment::markable_39::Sentiment=True|Negation::markable_43::EmoExpressionRef=empty Sentiment::markable_39::Sentiment=True case=nom|*=True|num=sg|Sentiment::markable_39::Sentiment=True|pers=1 pers=1|num=sg|tense=pres|mood=ind|Sentiment::markable_39::Sentiment=True Sentiment::markable_39::Sentiment=True pers=3|num=sg|tense=pres|mood=subj|Sentiment::markable_39::Sentiment=True EmoExpression::markable_38::Polarity=positive|EmoExpression::markable_38::Sarcasm=false|Sentiment::markable_39::Sentiment=True|EmoExpression::markable_38::EmoExpression=True|EmoExpression::markable_38::SubjectiveFact=false|EmoExpression::markable_38::Uncertain=false|EmoExpression::markable_38::Intensity=medium
324874579468222464	positive	Jo. Ist mir heute aber wurscht %PosSmiley	Jo. sein ich heute aber wurscht %PosSmiley	NE VAFIN PPER ADV ADV ADJD ITJ	0/-- 0/-- 6/DA 2/MO 2/MO 2/PD 6/DM	case=nom|gender=masc|num=sg pers=3|num=sg|tense=pres|mood=ind case=dat|*=True|num=sg|pers=1 _ _ pers=3|num=sg|tense=pres|mood=ind EmoExpression::markable_44::Uncertain=false|EmoExpression::markable_44::Intensity=medium|EmoExpression::markable_44::Sarcasm=false|EmoExpression::markable_44::SubjectiveFact=false|EmoExpression::markable_44::EmoExpression=True|EmoExpression::markable_44::Polarity=positive
329157822665347072	positive	Bewerbungsgespräch überstanden! Gucke mir jetzt mal meine Lebensabschnittsheimat in Spe an %PosSmiley %Link	Bewerbungsgespräch überstanden! gucken ich jetzt mal mein Lebensabschnittsheimat in Spe an %PosSmiley %Link	NN ADJD VVFIN PPER ADV ADV PPOSAT NN APPR NN APZR ITJ XY	0/-- 1/PD 0/-- 3/DA 3/MO 3/MO 8/NK 3/OA 3/MO 9/NK 9/AC 11/NK 11/NK	case=nom|gender=neut|num=sg _ pers=3|num=sg|tense=pres|mood=subj case=dat|*=True|num=sg|pers=1 _ _ case=acc|gender=fem|num=sg case=acc|gender=fem|num=sg _ case=dat|gender=fem|num=sg _ case=dat|EmoExpression::markable_45::Intensity=medium|EmoExpression::markable_45::EmoExpression=True|gender=fem|EmoExpression::markable_45::Polarity=positive|EmoExpression::markable_45::Sarcasm=false|EmoExpression::markable_45::SubjectiveFact=false|num=sg|EmoExpression::markable_45::Uncertain=false case=dat|gender=fem|num=sg
327812348133920768	positive	Paar Bretter aus’m Baumarkt und blaue Farbe. Das wird schon! %PosSmiley	paar Brett aus’m Baumarkt und blau Farbe. die werden schon! %PosSmiley	PIAT NN NE NN KON ADJA NN PDS VAFIN ADJA ITJ	2/NK 0/-- 2/NK 2/CJ 4/CD 7/NK 5/CJ 9/SB 0/-- 9/OC 10/NK	*=True case=nom|gender=neut|num=sg case=nom|gender=neut|num=sg case=dat|gender=masc|num=sg _ case=nom|gender=masc|num=pl|pos=True case=nom|gender=masc|num=pl case=nom|gender=neut|num=sg pers=3|num=sg|tense=pres|mood=ind _ EmoExpression::markable_46::EmoExpression=True|EmoExpression::markable_46::Uncertain=false|EmoExpression::markable_46::Intensity=medium|EmoExpression::markable_46::Sarcasm=false|EmoExpression::markable_46::SubjectiveFact=false|EmoExpression::markable_46::Polarity=positive
322395563838562305	positive	ich einigermassen. Ist ja nur einmal die Woche. %PosSmiley	ich einigermassen. sein ja nur einmal die Woche. %PosSmiley	PPER NE VAFIN ADV ADV ADV ART NN ITJ	2/SB 0/-- 0/-- 3/MO 6/MO 3/MO 8/NK 3/PD 0/NK	case=nom|*=True|num=sg|pers=1 pers=1|num=sg|tense=pres|mood=ind pers=3|num=sg|tense=pres|mood=ind _ _ _ case=acc|gender=fem|num=sg case=acc|gender=fem|num=sg EmoExpression::markable_47::EmoExpression=True|EmoExpression::markable_47::SubjectiveFact=false|EmoExpression::markable_47::Uncertain=false|EmoExpression::markable_47::Polarity=positive|EmoExpression::markable_47::Sarcasm=false|EmoExpression::markable_47::Intensity=medium
326792763708420097	negative	Ich retweete gerade alles von dem %User weil ich keine Lust habe zu twittern%PosSmiley	ich retweete gerade alle von die %User weil ich keine Lust haben zu twittern%PosSmiley	PPER NN ADV PIS APPR ART NE KOUS PPER PIAT NN VAFIN APPR NE	12/SB 12/OA 2/MO 5/AC 2/PAR 7/NK 5/NK 12/CP 12/SB 11/NK 12/SB 0/-- 12/MO 13/NK	case=nom|*=True|num=sg|pers=1 pers=1|num=sg|tense=pres|mood=ind _ case=acc|gender=neut|num=sg _ case=dat|gender=neut|num=sg case=dat|gender=neut|num=sg _ case=nom|Sentiment::markable_100500125::Sentiment=True|Sentiment::markable_100500125::Polarity=negative|Sentiment::markable_100500125::Sarcasm=false|Source::markable_100500126::Source=True|*=True|pers=1|num=sg|Source::markable_100500126::Anaphref=empty|Sentiment::markable_100500125::Intensity=medium case=acc|Sentiment::markable_100500125::Sentiment=True|num=sg|Negation::markable_100500128::EmoExpressionRef=emo-expression:markable_100500127|Negation::markable_100500128::Negation=True|gender=fem case=acc|Sentiment::markable_100500125::Sentiment=True|EmoExpression::markable_100500127::Uncertain=false|EmoExpression::markable_100500127::Intensity=medium|EmoExpression::markable_100500127::Sarcasm=false|gender=fem|EmoExpression::markable_100500127::SubjectiveFact=false|num=sg|EmoExpression::markable_100500127::Polarity=positive|EmoExpression::markable_100500127::EmoExpression=True pers=3|Sentiment::markable_100500125::Sentiment=True|num=sg|tense=pres|mood=subj Sentiment::markable_100500125::Sentiment=True case=dat|gender=neut|num=sg|Sentiment::markable_100500125::Sentiment=True
324880230420455424	positive	Nein - vorerst nicht. Von Nicht nachmachen gab's auch nur vier Folgen %PosSmiley	Nein - vorerst nicht. von nicht nachmachen geben auch nur vier Folge %PosSmiley	NN $( ADV ADJD APPR PTKNEG VVINF VVFIN ADV ADV CARD NN ITJ	0/-- 1/-- 4/MO 1/PD 8/MO 7/NG 5/NK 0/-- 8/MO 11/MO 12/NK 8/OA 12/NK	_ _ _ _ _ _ _ pers=3|num=sg|tense=past|mood=ind _ _ _ case=dat|gender=fem|num=pl EmoExpression::markable_49::Polarity=positive|EmoExpression::markable_49::Sarcasm=false|EmoExpression::markable_49::EmoExpression=True|EmoExpression::markable_49::SubjectiveFact=false|EmoExpression::markable_49::Uncertain=false|EmoExpression::markable_49::Intensity=medium
326018509761040385	positive	Sorry, ich hatte im Kopf, dass du eins hast. Ich hatte letztens eins hier, das kann das auch %PosSmiley	Sorry, ich haben in Kopf, dass du eins hast. ich haben letztens eins hier, die können die auch %PosSmiley	NE PPER VAFIN APPRART NN KOUS PPER CARD NN PPER VAFIN ADV CARD NN PDS VMFIN PDS ADV ITJ	3/SB 3/SB 0/-- 3/MO 4/NK 3/MO 6/SB 9/NK 3/OA 11/SB 0/-- 13/MO 14/NK 16/SB 14/NK 11/OC 16/SB 16/MO 16/DM	case=nom|*=True|num=sg case=nom|*=True|num=sg|pers=1 pers=3|num=sg|tense=past|mood=ind case=dat|gender=masc|num=sg case=dat|gender=masc|num=sg _ case=nom|*=True|num=sg|pers=2 _ gender=neut|*=True case=nom|*=True|num=sg|pers=1 pers=1|num=sg|tense=past|mood=ind _ _ case=acc|gender=neut|num=sg case=acc|gender=neut|num=sg pers=3|num=sg|tense=pres|mood=ind case=nom|gender=neut|num=sg _ EmoExpression::markable_50::Intensity=medium|EmoExpression::markable_50::Polarity=positive|EmoExpression::markable_50::Sarcasm=false|EmoExpression::markable_50::SubjectiveFact=false|EmoExpression::markable_50::Uncertain=false|EmoExpression::markable_50::EmoExpression=True
327701973346430976	positive	Nicht ganz. Am Abend geht es dann nochmal in die Uni %PosSmiley	nicht ganz. an Abend gehen es dann nochmal in die Uni %PosSmiley	PTKNEG ADJA APPRART NN VVFIN PPER ADV ADV APPR ART NN ITJ	2/NG 0/-- 5/MO 3/NK 0/-- 5/EP 5/MO 5/MO 5/MO 11/NK 9/NK 11/NK	_ _ case=dat|gender=masc|num=sg case=dat|gender=masc|num=sg pers=3|num=sg|tense=pres|mood=ind case=nom|gender=neut|num=sg|pers=3 _ _ _ case=acc|gender=fem|num=sg case=acc|gender=fem|num=sg EmoExpression::markable_51::Intensity=medium|EmoExpression::markable_51::Sarcasm=false|EmoExpression::markable_51::Uncertain=false|EmoExpression::markable_51::Polarity=positive|EmoExpression::markable_51::EmoExpression=True|EmoExpression::markable_51::SubjectiveFact=false
328087470778499073	positive	Grün ist relativ, wird aber zusehends bunter... %PosSmiley	Grün sein relativ, werden aber zusehends bunter... %PosSmiley	NN VAFIN NE VAFIN ADV ADV ADJA ITJ	2/SB 0/-- 2/SB 2/MO 7/MO 7/MO 4/OC 7/NK	case=nom|*=True|num=sg pers=3|num=sg|tense=pres|mood=ind case=acc|*=True|num=sg pers=3|num=sg|tense=pres|mood=ind _ _ pos=True EmoExpression::markable_52::EmoExpression=True|EmoExpression::markable_52::Uncertain=false|EmoExpression::markable_52::Intensity=medium|EmoExpression::markable_52::SubjectiveFact=false|EmoExpression::markable_52::Polarity=positive|EmoExpression::markable_52::Sarcasm=false
326654908428345345	negative	das handelsblatt ist in seinen fadenscheinigen Artikel auch immer langweiliger	die Handelsblatt sein in sein fadenscheinig Artikel auch immer langweilig	ART NN VAFIN APPR PPOSAT ADJA NN ADV ADV ADJA	2/NK 3/SB 0/-- 3/MO 7/NK 7/NK 4/NK 9/MO 3/MO 3/MO	case=nom|Target::markable_54::Target=True|Target::markable_54::Anaphref=empty|gender=neut|Sentiment::markable_53::Sentiment=True|Sentiment::markable_53::Sarcasm=false|num=sg|Sentiment::markable_53::Intensity=medium|Target::markable_54::Preferred=true|Sentiment::markable_53::Polarity=negative case=nom|gender=neut|num=sg|Target::markable_54::Target=True|Sentiment::markable_53::Sentiment=True pers=3|Sentiment::markable_53::Sentiment=True|num=sg|tense=pres|mood=ind Sentiment::markable_53::Sentiment=True case=dat|gender=fem|num=sg|Sentiment::markable_53::Sentiment=True case=dat|EmoExpression::markable_100500189::SubjectiveFact=false|EmoExpression::markable_100500189::Polarity=negative|gender=fem|Sentiment::markable_53::Sentiment=True|EmoExpression::markable_100500189::Uncertain=false|pos=True|EmoExpression::markable_100500189::Intensity=medium|EmoExpression::markable_100500189::EmoExpression=True|num=sg|EmoExpression::markable_100500189::Sarcasm=false case=dat|gender=fem|num=sg|Sentiment::markable_53::Sentiment=True Sentiment::markable_53::Sentiment=True Sentiment::markable_53::Sentiment=True EmoExpression::markable_55::EmoExpression=True|EmoExpression::markable_55::SubjectiveFact=false|comp=True|Sentiment::markable_53::Sentiment=True|EmoExpression::markable_55::Polarity=negative|EmoExpression::markable_55::Uncertain=false|EmoExpression::markable_55::Intensity=medium|EmoExpression::markable_55::Sarcasm=false
319586002819756032	neutral	Welche Farbe für die Glasur? :3 (Nicht wegen der Quali vom Foto wundern &lt; IPodbild.. %PosSmiley %Link	welche Farbe für die Glasur? @card@ (Nicht wegen die Quali von Foto wundern &lt; IPodbild.. %PosSmiley %Link	PIAT NN APPR ART NN CARD NN APPR ART NN APPRART NN VVINF $( NN ITJ XY	2/NK 0/-- 2/MNR 5/NK 3/NK 7/NK 13/OA 13/MO 10/NK 8/NK 10/MNR 11/NK 0/-- 13/-- 13/OA 17/NK 0/--	case=nom|gender=fem|num=sg case=nom|gender=fem|num=sg _ case=acc|gender=fem|num=sg case=acc|gender=fem|num=sg _ pos=True _ gender=fem|*=True|num=sg gender=fem|*=True|num=sg case=dat|gender=neut|num=sg case=dat|gender=neut|num=sg _ _ case=dat|gender=neut|num=sg _ _
326941143122186240	positive	Autoklassiker: Mit Euphorie kauft sich's schlecht: Die Anschaffung des ersten Oldtimers ist eine Herzenssache...	Autoklassiker: mit Euphorie kaufen sich's schlecht: die Anschaffung die erst Oldtimer sein eine Herzenssache...	NN APPR NN VVFIN NE VVFIN ART NN ART ADJA NN VAFIN ART ADJA	6/SB 1/MNR 2/NK 1/PAR 4/SB 0/-- 8/NK 6/OA 11/NK 11/NK 8/AG 6/CJ 14/NK 12/PD	case=nom|gender=fem|num=sg _ case=dat|EmoExpression::markable_100500130::Uncertain=false|EmoExpression::markable_100500130::Intensity=strong|EmoExpression::markable_100500130::Sarcasm=false|EmoExpression::markable_100500130::Polarity=positive|gender=fem|EmoExpression::markable_100500130::EmoExpression=True|num=sg|EmoExpression::markable_100500130::SubjectiveFact=false pers=3|num=sg|tense=pres|mood=ind case=nom|EmoExpression::markable_100500190::Sarcasm=false|*=True|EmoExpression::markable_100500190::EmoExpression=True|EmoExpression::markable_100500190::Intensity=medium|EmoExpression::markable_100500190::Uncertain=false|num=sg|EmoExpression::markable_100500190::SubjectiveFact=false|EmoExpression::markable_100500190::Polarity=negative pers=3|num=sg|tense=pres|mood=ind case=acc|Sentiment::markable_100500132::Sentiment=True|Sentiment::markable_100500132::Polarity=positive|gender=fem|Sentiment::markable_100500132::Intensity=medium|Target::markable_100500133::Preferred=true|Target::markable_100500133::Anaphref=empty|num=sg|Target::markable_100500133::Target=True|Sentiment::markable_100500132::Sarcasm=false case=acc|gender=fem|num=sg|Sentiment::markable_100500132::Sentiment=True|Target::markable_100500133::Target=True case=gen|gender=masc|num=sg|Sentiment::markable_100500132::Sentiment=True|Target::markable_100500133::Target=True case=gen|num=sg|Sentiment::markable_100500132::Sentiment=True|Target::markable_100500133::Target=True|gender=masc|pos=True case=gen|gender=masc|num=sg|Sentiment::markable_100500132::Sentiment=True|Target::markable_100500133::Target=True pers=3|Sentiment::markable_100500132::Sentiment=True|num=sg|tense=pres|mood=ind case=nom|gender=fem|num=sg|Sentiment::markable_100500132::Sentiment=True case=nom|gender=fem|num=sg
324426205078118400	positive	morgen wunderbarer mensch ♥ wünsche dir einen schönen tag (%PosSmiley	morgen wunderbar mensch ♥ wünschen du eine schön tagen (%PosSmiley	ADV ADJD ADJA NN VVFIN PRF ART ADJA VVIMP TRUNC	2/MO 3/MO 4/NK 5/SB 0/-- 5/DA 10/NK 10/NK 10/NK 5/SB	_ case=nom|EmoExpression::markable_58::Uncertain=false|Sentiment::markable_56::Sentiment=True|gender=masc|Sentiment::markable_56::Polarity=positive|Sentiment::markable_56::Sarcasm=false|pos=True|EmoExpression::markable_58::Polarity=positive|EmoExpression::markable_58::Sarcasm=false|EmoExpression::markable_58::SubjectiveFact=false|num=sg|Sentiment::markable_56::Intensity=medium|EmoExpression::markable_58::Intensity=medium|EmoExpression::markable_58::EmoExpression=True case=nom|Target::markable_57::Preferred=true|num=sg|Target::markable_57::Target=True|Sentiment::markable_56::Sentiment=True|gender=masc|Target::markable_57::Anaphref=empty case=nom|EmoExpression::markable_59::Polarity=positive|EmoExpression::markable_59::EmoExpression=True|Sentiment::markable_56::Sentiment=True|gender=masc|EmoExpression::markable_59::Sarcasm=false|num=sg|EmoExpression::markable_59::Intensity=medium|EmoExpression::markable_59::SubjectiveFact=false|EmoExpression::markable_59::Uncertain=false mood=subj|EmoExpression::markable_100500191::Intensity=medium|pers=3|num=sg|tense=pres|EmoExpression::markable_100500191::EmoExpression=True|EmoExpression::markable_100500191::Uncertain=false|EmoExpression::markable_100500191::Polarity=positive|EmoExpression::markable_100500191::Sarcasm=false|EmoExpression::markable_100500191::SubjectiveFact=false case=dat|*=True|num=sg|pers=2 case=acc|gender=masc|num=sg case=acc|EmoExpression::markable_62::SubjectiveFact=false|Sentiment::markable_60::Sarcasm=false|EmoExpression::markable_62::Polarity=positive|Sentiment::markable_60::Intensity=medium|gender=masc|pos=True|num=sg|EmoExpression::markable_62::EmoExpression=True|Sentiment::markable_60::Polarity=positive|EmoExpression::markable_62::Sarcasm=false|Sentiment::markable_60::Sentiment=True|EmoExpression::markable_62::Uncertain=false|EmoExpression::markable_62::Intensity=medium case=acc|Target::markable_61::Target=True|num=sg|Target::markable_61::Anaphref=empty|Sentiment::markable_60::Sentiment=True|gender=masc|Target::markable_61::Preferred=true EmoExpression::markable_100500134::Sarcasm=false|EmoExpression::markable_100500134::Uncertain=false|EmoExpression::markable_100500134::Intensity=medium|EmoExpression::markable_100500134::SubjectiveFact=false|EmoExpression::markable_100500134::Polarity=positive|EmoExpression::markable_100500134::EmoExpression=True
327051523735568386	positive	Mittwochs gab es stets Labskaus. Mutterns Lächeln spiegelte sich im Dotter.	Mittwoch geben es stets Labskaus. Mutterns Lächeln spiegeln sich in Dotter.	NN VVFIN PPER ADV NN NN NN VVFIN PRF APPRART NN	2/OA 0/-- 2/EP 2/MO 2/OA 8/SB 6/NK 0/-- 8/OA 8/MO 10/NK	case=gen|gender=masc|num=sg pers=3|num=sg|tense=past|mood=ind case=nom|gender=neut|num=sg|pers=3 _ case=nom|gender=masc|num=sg case=gen|gender=neut|num=sg case=nom|EmoExpression::markable_100500135::EmoExpression=True|gender=neut|EmoExpression::markable_100500135::Sarcasm=false|EmoExpression::markable_100500135::Polarity=positive|EmoExpression::markable_100500135::Uncertain=false|num=sg|EmoExpression::markable_100500135::Intensity=medium|EmoExpression::markable_100500135::SubjectiveFact=false pers=3|num=sg|tense=past|mood=ind case=acc|pers=3|num=sg case=dat|gender=neut|num=sg case=dat|gender=neut|num=sg
323886903998959616	positive	da ist er, gute Nacht, Schlaf gut	da sein er, gut Nacht, Schlaf gut	ADV VAFIN NE ADJA NE NN ADJD	2/MO 0/-- 6/PNC 5/NK 6/NK 2/SB 2/PD	_ pers=3|num=sg|tense=pres|mood=ind case=nom|*=True|num=sg case=acc|EmoExpression::markable_100500136::Sarcasm=false|gender=fem|EmoExpression::markable_100500136::SubjectiveFact=false|pos=True|EmoExpression::markable_100500136::Polarity=positive|num=pl|EmoExpression::markable_100500136::Uncertain=false|EmoExpression::markable_100500136::EmoExpression=True|EmoExpression::markable_100500136::Intensity=medium case=acc|gender=fem|num=pl case=acc|gender=masc|num=sg EmoExpression::markable_100500137::EmoExpression=True|EmoExpression::markable_100500137::Intensity=medium|EmoExpression::markable_100500137::Sarcasm=false|EmoExpression::markable_100500137::SubjectiveFact=false|EmoExpression::markable_100500137::Polarity=positive|pos=True|EmoExpression::markable_100500137::Uncertain=false
321996669258452994	neutral	wenn man als Belieber sowas liest ist man automatisch aufgebracht! Ich kann ihn auch wieder löschen !	wenn man als Belieber sowas lesen sein man automatisch aufgebracht! ich können er auch wieder löschen !	KOUS PIS KOKOM NN PIS VVFIN VAFIN PIS ADJD ADJA PPER VMFIN PPER ADV ADV VVINF $.	7/CP 7/SB 6/MO 3/NK 6/NK 7/OC 0/-- 7/SB 10/MO 7/OC 12/SB 0/-- 16/OA 12/MO 16/MO 12/OC 16/--	_ case=nom|*=True|num=sg _ case=nom|gender=masc|num=sg _ pos=True pers=3|num=sg|tense=pres|mood=ind case=nom|*=True|num=sg pos=True case=dat|gender=neut|num=pl|pos=True case=nom|*=True|num=sg|pers=1 pers=1|num=sg|tense=pres|mood=ind case=acc|gender=masc|num=sg|pers=3 _ _ _ _
319898680524144640	positive	"Mein Geschenk: Gratis: 7 Wochen E-Mail Coaching Kurs ""die 7 Geheimtipps zum Glück"" zur Erfüllung ihrer Mission	"Mein Geschenk: Gratis: 7 Woche E-Mail Coaching Kurs ""die 7 Geheimtip zu Glück"" zu Erfüllung ihr Mission	NN ADJA NN CARD NN NE NN NN NN CARD NN APPRART NN APPRART NN PPOSAT NN	2/MO 0/-- 2/SB 5/NK 3/MNR 5/NK 5/NK 5/NK 5/NK 11/NK 2/OA 11/MNR 12/NK 2/MO 14/NK 17/NK 15/AG	case=nom|gender=neut|num=sg case=nom|EmoExpression::markable_100500192::SubjectiveFact=true|gender=neut|pos=True|EmoExpression::markable_100500192::Uncertain=false|EmoExpression::markable_100500192::Intensity=medium|num=sg|EmoExpression::markable_100500192::Sarcasm=false|EmoExpression::markable_100500192::Polarity=positive|EmoExpression::markable_100500192::EmoExpression=True case=nom|gender=neut|num=sg _ case=nom|gender=neut|num=sg case=nom|gender=neut|num=sg case=nom|gender=masc|num=sg case=nom|gender=masc|num=sg case=nom|gender=masc|num=sg _ case=nom|EmoExpression::markable_100500194::Uncertain=false|gender=masc|EmoExpression::markable_100500194::Intensity=medium|num=sg|EmoExpression::markable_100500194::EmoExpression=True|EmoExpression::markable_100500194::Sarcasm=false|EmoExpression::markable_100500194::SubjectiveFact=true|EmoExpression::markable_100500194::Polarity=positive case=dat|gender=masc|num=sg case=dat|gender=masc|num=sg case=dat|gender=fem|num=sg case=dat|gender=fem|num=sg case=gen|gender=fem|num=sg case=gen|gender=fem|num=sg
321994920820883456	positive	bis wann geht der livestream???? ihr (du und sarazar und der rumpel %PosSmiley seid die besten! %PosSmiley	bis wann gehen die livestream???? ihr (du und sarazar und die rumpeln %PosSmiley sein die besten! %PosSmiley	KON PWAV VVFIN ART ADJA PPOSAT NN KON NN KON ART VVIMP ITJ VAFIN ART ADJA ITJ	3/JU 3/MO 0/-- 5/NK 3/DA 7/NK 14/CJ 7/CD 8/CJ 14/CD 10/CJ 14/OC 12/NK 0/-- 16/NK 14/PD 16/NK	_ _ pers=3|num=sg|tense=pres|mood=ind case=dat|gender=fem|num=sg case=dat|gender=fem|num=sg case=acc|Target::markable_64::Preferred=true|Sentiment::markable_63::Intensity=strong|gender=neut|Sentiment::markable_63::Sentiment=True|Sentiment::markable_63::Sarcasm=false|Target::markable_64::Anaphref=empty|num=sg|Sentiment::markable_63::Polarity=positive|Target::markable_64::Target=True case=acc|gender=neut|num=sg|Sentiment::markable_63::Sentiment=True|Target::markable_64::Target=True Target::markable_64::Target=True|Sentiment::markable_63::Sentiment=True Target::markable_64::Target=True|Sentiment::markable_63::Sentiment=True|pos=True Target::markable_64::Target=True|Sentiment::markable_63::Sentiment=True case=nom|gender=masc|num=sg|Sentiment::markable_63::Sentiment=True|Target::markable_64::Target=True case=nom|gender=masc|num=sg|Sentiment::markable_63::Sentiment=True|Target::markable_64::Target=True case=acc|EmoExpression::markable_66::EmoExpression=True|gender=neut|Sentiment::markable_63::Sentiment=True|num=sg|EmoExpression::markable_66::Polarity=positive|EmoExpression::markable_66::Uncertain=false|EmoExpression::markable_66::Intensity=medium|EmoExpression::markable_66::Sarcasm=false|EmoExpression::markable_66::SubjectiveFact=false case=acc|gender=neut|num=sg|Sentiment::markable_63::Sentiment=True case=nom|gender=fem|num=sg|Sentiment::markable_63::Sentiment=True case=nom|gender=fem|num=sg|Sentiment::markable_63::Sentiment=True|pos=True case=nom|EmoExpression::markable_100500182::Intensity=medium|EmoExpression::markable_100500182::Sarcasm=false|gender=fem|Sentiment::markable_63::Sentiment=True|EmoExpression::markable_100500182::Polarity=positive|num=sg|EmoExpression::markable_100500182::SubjectiveFact=false|EmoExpression::markable_100500182::Uncertain=false|EmoExpression::markable_100500182::EmoExpression=True
321846709246382080	neutral	Neuer Artikel: Zuckungen: Sutra1: /* Siehe auch */ ==[[Swami Sivananda]] über Zuckungen als Erfahrungen auf de...	neu Artikel: Zuckungen: Sutra1: /* siehe auch */ ==[[Swami Sivananda]] über Zuckung als Erfahrung auf de...	ADJA ADJA NN ADJA NN ADV ADV ADJA NN NE APPR NN KOKOM NN APPR ADJA	3/NK 3/NK 0/-- 5/NK 3/MNR 5/MNR 9/MO 9/NK 5/SB 9/NK 9/OP 11/NK 14/CM 12/CC 14/MNR 15/NK	case=nom|gender=masc|num=sg|pos=True case=nom|gender=masc|num=sg|pos=True case=nom|gender=masc|num=sg case=nom|gender=masc|num=sg|pos=True case=nom|gender=masc|num=sg pers=2|num=sg|mood=imp _ case=acc|gender=masc|num=sg|pos=True case=acc|gender=masc|num=sg case=acc|gender=masc|num=sg _ case=acc|gender=fem|num=pl _ case=nom|gender=fem|num=pl _ case=dat|gender=masc|num=pl|pos=True
321732427296940034	positive	"Danke für 5 Abonnenten.. aber ihr seid 102 zu wenig." Wie ich das grad feiere %PosSmiley	"Danke für 5 Abonnenten.. aber ihr sein 102 zu wenig." wie ich die grad feiern %PosSmiley	NN APPR CARD NN ADV PPER VAFIN CARD APPR ADV KOUS PPER ART ADJA VVFIN ITJ	0/-- 1/MNR 4/NK 2/NK 6/MO 7/SB 0/-- 7/MO 7/MO 9/NK 15/CP 15/SB 14/NK 15/SB 0/-- 15/DM	case=nom|gender=fem|num=sg _ _ gender=masc|*=True _ case=dat|gender=fem|num=sg|pers=3 pers=2|num=pl|tense=pres|mood=ind _ _ _ _ case=nom|*=True|num=sg|pers=1 case=nom|gender=neut|num=sg case=nom|gender=neut|num=sg|pos=True mood=ind|EmoExpression::markable_100500140::Uncertain=false|EmoExpression::markable_100500140::Intensity=weak|EmoExpression::markable_100500140::EmoExpression=True|pers=1|EmoExpression::markable_100500140::Polarity=positive|num=sg|tense=pres|EmoExpression::markable_100500140::Sarcasm=false|EmoExpression::markable_100500140::SubjectiveFact=false EmoExpression::markable_68::Sarcasm=false|EmoExpression::markable_68::Uncertain=false|EmoExpression::markable_68::Intensity=strong|EmoExpression::markable_68::Polarity=positive|EmoExpression::markable_68::EmoExpression=True|EmoExpression::markable_68::SubjectiveFact=false
324560295441866755	positive	Ich habe ein %User-Video positiv bewertet: %Link Leckeres Eis von Dner | SturzioPLAY // F1 2012 CO-OP mit Dner in	ich haben eine %User-Video positiv bewertet: %Link lecker Eis von Dner | SturzioPLAY // F1 @card@ CO-OP mit Dner in	PPER VAFIN ART NN ADJD ADJA XY ADJA NN APPR NN XY NN ADJD CARD CARD NN APPR NN APPR	2/SB 0/-- 4/NK 2/OA 6/MO 4/AG 9/NK 9/NK 4/APP 9/PG 10/NK 13/NK 11/NK 16/MO 16/NMC 17/NK 9/PAR 17/MNR 18/NK 17/MNR	case=nom|Sentiment::markable_100500141::Sarcasm=false|Sentiment::markable_100500141::Sentiment=True|*=True|Sentiment::markable_100500141::Intensity=medium|Source::markable_100500142::Source=True|pers=1|num=sg|Sentiment::markable_100500141::Polarity=positive|Source::markable_100500142::Anaphref=empty pers=1|num=sg|tense=pres|mood=ind|Sentiment::markable_100500141::Sentiment=True case=acc|Target::markable_100500143::Target=True|num=sg|Sentiment::markable_100500141::Sentiment=True|Target::markable_100500143::Anaphref=empty|gender=neut|Target::markable_100500143::Preferred=true case=acc|gender=neut|num=sg|Target::markable_100500143::Target=True|Sentiment::markable_100500141::Sentiment=True Sentiment::markable_100500141::Sentiment=True|EmoExpression::markable_100500144::EmoExpression=True|pos=True|EmoExpression::markable_100500144::SubjectiveFact=false|EmoExpression::markable_100500144::Sarcasm=false|EmoExpression::markable_100500144::Polarity=positive|EmoExpression::markable_100500144::Uncertain=false|EmoExpression::markable_100500144::Intensity=medium case=acc|gender=neut|num=sg|pos=True case=acc|gender=neut|num=sg case=acc|EmoExpression::markable_100500146::Sarcasm=false|EmoExpression::markable_100500146::EmoExpression=True|Sentiment::markable_100500145::Sarcasm=false|EmoExpression::markable_100500146::SubjectiveFact=false|Sentiment::markable_100500145::Polarity=positive|gender=neut|Sentiment::markable_100500145::Intensity=medium|EmoExpression::markable_100500146::Polarity=positive|pos=True|Sentiment::markable_100500145::Sentiment=True|num=sg|EmoExpression::markable_100500146::Uncertain=false|EmoExpression::markable_100500146::Intensity=medium case=acc|Sentiment::markable_100500145::Sentiment=True|num=sg|Target::markable_100500147::Target=True|Target::markable_100500147::Preferred=true|gender=neut|Target::markable_100500147::Anaphref=empty _ case=dat|gender=masc|num=sg case=dat|gender=masc|num=sg|pos=True case=dat|gender=masc|num=sg pos=True _ _ case=acc|gender=masc|num=sg _ case=dat|gender=masc|num=sg _
325003624285605888	neutral	Ein Elch, schnell, Domian muss her! lanz	eine Elch, schnell, Domian müssen her! lanz	ART NN NE NE VMFIN ADJA NN	2/NK 5/SB 4/PNC 2/NK 0/-- 5/MO 0/--	case=nom|gender=neut|num=sg case=nom|gender=neut|num=sg case=nom|gender=masc|num=sg case=nom|gender=masc|num=sg pers=3|num=sg|tense=pres|mood=ind _ _
322055000178192385	neutral	Deswegen habe ich etwas gezögert, den Tweet loszuschicken.	deswegen haben ich etwas gezögert, die Tweet loszuschicken.	PAV VAFIN PPER ADV ADJD ART NN VVIZU	8/NK 0/-- 2/SB 5/MO 8/MO 7/NK 8/OA 2/OC	_ pers=1|num=sg|tense=pres|mood=ind case=nom|*=True|num=sg|pers=1 _ pos=True case=acc|gender=masc|num=sg case=acc|gender=masc|num=sg _
328632454640439299	negative	Aus Protest bewertet Robin Alexander die Meinung von %User nicht mehr! Bei Springer is Name auch Programm. absolute...	aus Protest bewerten Robin Alexander die Meinung von %User nicht mehr! bei Springer is Name auch Programm. absolute...	APPR NN VVFIN NE NE ART NN APPR NE PTKNEG ADJD APPR NN NE NN ADV NN ADJA	3/MO 1/NK 0/-- 5/PNC 3/SB 7/NK 3/OA 7/PG 8/NK 3/NG 3/MO 17/MO 12/NK 15/PNC 13/NK 17/MO 0/-- 17/NK	_ case=dat|EmoExpression::markable_100500148::SubjectiveFact=false|gender=masc|EmoExpression::markable_100500148::Uncertain=false|EmoExpression::markable_100500148::Intensity=weak|num=sg|EmoExpression::markable_100500148::EmoExpression=True|EmoExpression::markable_100500148::Polarity=negative|EmoExpression::markable_100500148::Sarcasm=false pers=3|num=sg|tense=pres|mood=ind case=nom|gender=masc|num=sg case=nom|gender=masc|num=sg case=acc|gender=fem|num=sg case=acc|gender=fem|num=sg _ case=dat|gender=neut|num=sg _ pos=True _ case=dat|gender=masc|num=sg case=nom|gender=masc|num=sg case=nom|gender=masc|num=sg _ case=nom|gender=masc|num=sg case=nom|gender=masc|num=sg|pos=True
324561179559219200	neutral	Melle Unfall: Engelgarten 13 vom 13.03.2013 Verkehrsinfo ID939	Melle Unfall: Engelgarten 13 von @card@ Verkehrsinfo ID939	NE ADJA NN CARD APPRART CARD NN CARD	0/-- 3/NK 1/PAR 3/NK 1/MNR 7/NK 5/NK 7/NK	case=nom|*=True|num=sg case=nom|*=True|num=sg gender=masc|*=True|num=sg _ case=dat|gender=masc|num=sg case=dat|gender=masc|num=sg|pos=True case=dat|gender=masc|num=sg _
328443429572988928	positive	Eine super Backupleitung, wenn die Drosselkom zuschlägt: RFC1149.	eine super Backupleitung, wenn die Drosselkom zuschlägt: RFC1149.	ART ADJD NN KOUS ART NN VVFIN NE	3/NK 3/NK 7/OA 7/CP 6/NK 7/SB 0/-- 7/OA	case=nom|gender=fem|num=sg case=nom|EmoExpression::markable_100500149::SubjectiveFact=false|gender=fem|EmoExpression::markable_100500149::Uncertain=false|EmoExpression::markable_100500149::Intensity=strong|num=sg|EmoExpression::markable_100500149::Sarcasm=false|EmoExpression::markable_100500149::Polarity=positive|EmoExpression::markable_100500149::EmoExpression=True case=nom|gender=fem|num=sg _ case=nom|gender=fem|num=sg case=nom|gender=fem|num=sg pers=3|num=sg|tense=pres|mood=subj case=acc|*=True|num=sg
318612330881642496	negative	So arrogant dürfen Politiker nicht sein, dass Verbesserungsvorschläge missachtet werden. Arbeitslosigkeit wird in vielen Städten ignoriert.	so arrogant dürfen Politiker nicht sein, dass Verbesserungsvorschlag missachten werden. Arbeitslosigkeit werden in viele Stadt ignoriert.	ADV ADJD VMFIN NN PTKNEG VVFIN KOUS NN VVFIN NE NN VAFIN APPR PIAT NN NE	2/MO 3/MO 0/-- 3/SB 3/NG 3/OC 3/MO 9/SB 3/OC 9/OA 12/SB 0/-- 12/MO 15/NK 13/NK 15/AG	Sentiment::markable_100500151::Polarity=negative|Sentiment::markable_100500151::Sentiment=True|Sentiment::markable_100500151::Sarcasm=false|Sentiment::markable_100500151::Intensity=weak EmoExpression::markable_100500153::EmoExpression=True|EmoExpression::markable_100500153::Sarcasm=false|pos=True|EmoExpression::markable_100500153::Polarity=negative|EmoExpression::markable_100500153::Uncertain=false|EmoExpression::markable_100500153::Intensity=medium|EmoExpression::markable_100500153::SubjectiveFact=false|Sentiment::markable_100500151::Sentiment=True pers=3|Sentiment::markable_100500151::Sentiment=True|num=pl|tense=pres|mood=ind case=nom|Target::markable_100500152::Anaphref=empty|num=pl|gender=masc|Target::markable_100500152::Target=True|Sentiment::markable_100500151::Sentiment=True|Target::markable_100500152::Preferred=true Sentiment::markable_100500151::Sentiment=True Sentiment::markable_100500151::Sentiment=True Sentiment::markable_100500151::Sentiment=True case=nom|gender=masc|num=pl|Sentiment::markable_100500151::Sentiment=True EmoExpression::markable_100500197::EmoExpression=True|EmoExpression::markable_100500197::Uncertain=false|EmoExpression::markable_100500197::Intensity=medium|EmoExpression::markable_100500197::SubjectiveFact=false|EmoExpression::markable_100500197::Sarcasm=false|Sentiment::markable_100500151::Sentiment=True|EmoExpression::markable_100500197::Polarity=negative case=nom|*=True|num=sg|Sentiment::markable_100500151::Sentiment=True case=nom|EmoExpression::markable_100500198::SubjectiveFact=true|EmoExpression::markable_100500198::Sarcasm=false|EmoExpression::markable_100500198::EmoExpression=True|gender=fem|EmoExpression::markable_100500198::Uncertain=false|EmoExpression::markable_100500198::Intensity=medium|EmoExpression::markable_100500198::Polarity=positive|num=sg pers=3|num=sg|tense=pres|mood=ind _ case=dat|gender=fem|num=pl case=dat|gender=fem|num=pl case=nom|*=True|num=sg
320573956002304000	neutral	Gib den Promo-Code axqpyna im Airport City für Android und erhalte einen Bonus! %Link android androidgames gameinsight	geben die Promo-Code axqpyna in Airport City für Android und erhalten eine Bonus! %Link android androidgames gameinsight	VVIMP ART NN NE APPRART NE NE APPR NN KON VVFIN ART NN XY ADJD ADJA NN	0/-- 3/NK 1/OA 3/NK 3/MNR 7/PNC 5/NK 1/MO 8/NK 1/CD 10/CJ 13/NK 11/OA 0/-- 16/MO 17/NK 0/--	pers=2|num=sg|mood=imp case=acc|gender=masc|num=sg case=acc|gender=masc|num=sg case=nom|gender=neut|num=sg case=dat|gender=masc|num=sg case=dat|gender=masc|num=sg case=nom|*=True|num=sg _ case=acc|gender=masc|num=sg _ pers=3|num=sg|tense=pres|mood=subj case=acc|gender=masc|num=sg case=acc|gender=masc|num=sg _ pos=True case=nom|gender=neut|num=sg|pos=True case=nom|gender=neut|num=sg
321098446662672385	negative	Was drängt schwule Abgeordnete dazu, für die Beschneidung zu votieren? Warum zitiert Beck das Alte Testament wie ein Sala ...	was drängen schwul Abgeordnete dazu, für die Beschneidung zu votieren? warum zitieren Beck die alt Testament wie eine Sala ...	PIS VVFIN ADJA NN NE APPR ART NN APPR ADJA PWAV VVFIN NE ART ADJA NN KOKOM ART NE $.	2/SB 0/-- 4/NK 2/OA 4/NK 2/MO 8/NK 6/NK 8/MNR 9/NK 12/MO 0/-- 12/SB 16/NK 16/NK 12/OA 19/CM 19/NK 16/CC 19/--	case=nom|gender=neut|num=sg EmoExpression::markable_100500202::Sarcasm=false|EmoExpression::markable_100500202::Uncertain=false|mood=ind|EmoExpression::markable_100500202::Intensity=medium|EmoExpression::markable_100500202::SubjectiveFact=false|pers=3|num=sg|tense=pres|EmoExpression::markable_100500202::Polarity=negative|EmoExpression::markable_100500202::EmoExpression=True case=acc|gender=neut|num=pl|pos=True case=acc|*=True|num=pl case=nom|*=True|num=sg _ case=acc|gender=fem|num=sg case=acc|gender=fem|num=sg _ _ _ pers=3|num=sg|tense=pres|mood=ind case=nom|*=True|num=sg case=acc|gender=neut|num=sg case=acc|gender=neut|num=sg|pos=True case=acc|gender=neut|num=sg _ case=acc|gender=neut|num=sg case=acc|gender=neut|num=sg _
325068465268482049	neutral	Der sagt mir vor 3 Stunden dass der gleich fertig is... JA EINE IS KLAR!	die sagen ich vor 3 Stunde|Stunden dass die gleich fertig is... ja eine is KLAR!	PDS VVFIN PPER APPR CARD NN KOUS PDS ADJD ADJD NE ADV ART NE NE	2/SB 0/-- 2/DA 2/MO 6/NK 4/NK 10/MO 10/SB 10/MO 2/MO 2/OA 15/MO 15/NK 15/PNC 0/--	case=nom|gender=masc|num=sg pers=3|num=sg|tense=pres|mood=ind case=dat|*=True|num=sg|pers=1 _ _ case=acc|gender=fem|num=pl _ case=nom|gender=masc|num=sg pos=True pos=True _ _ *=True *=True *=True
323790745565810688	neutral	Sharp will angeblich seine Anteile an Pioneer verkaufen - von %User	Sharp wollen angeblich sein Anteil an Pioneer verkaufen - von %User	NN VMFIN ADJD PPOSAT NN APPR NN VVINF $( APPR NE	2/SB 0/-- 2/MO 5/NK 8/OA 8/MO 6/NK 2/OC 8/-- 7/PG 10/NK	case=nom|gender=masc|num=sg pers=3|num=sg|tense=pres|mood=ind pos=True case=acc|gender=fem|num=sg case=acc|gender=fem|num=sg _ case=acc|gender=masc|num=pl _ _ _ case=dat|gender=neut|num=sg
324083628978089984	positive	5.000 neue Bäume in Neuwied: Sichtbares Zeichen der Nachhaltigkeit	@card@ neu Baum in Neuwied: sichtbar Zeichen die Nachhaltigkeit	CARD ADJA NN APPR NN ADJA NN ART NN	3/NK 3/NK 6/OA 6/MO 4/NK 7/NK 0/-- 9/NK 7/AG	_ case=nom|gender=masc|num=pl|pos=True case=nom|gender=masc|num=pl _ case=dat|gender=fem|num=sg case=nom|gender=neut|num=sg|pos=True case=nom|gender=neut|num=sg case=gen|gender=fem|num=sg case=gen|EmoExpression::markable_100500203::EmoExpression=True|gender=fem|EmoExpression::markable_100500203::Sarcasm=false|EmoExpression::markable_100500203::Uncertain=false|EmoExpression::markable_100500203::Polarity=positive|num=sg|EmoExpression::markable_100500203::Intensity=medium|EmoExpression::markable_100500203::SubjectiveFact=true
328264289364344832	negative	LiNKE DAS WISSEN UM d WURZELN d GEWALT IST LÄNGST SEIT JAHRZEHNTEN DA: AliceMiller ! ES ZU IGNOR IST EURE ENTSCHEIDUNG!	links DAS wissen um d wurzeln d Gewalt sein längst seit jahrzehnte DA: AliceMiller ! es zu IGNOR sein euer ENTSCHEIDUNG!	ADJA NE VVFIN APPR NE VVFIN ADJA NN VAFIN ADV APPR ADJA NN NN $. PPER APPR NN VAFIN PPOSAT ADJA	2/NK 3/SB 0/-- 3/MO 4/NK 9/PD 8/NK 9/SB 3/CJ 11/MO 9/MO 13/NK 11/NK 9/PD 14/-- 19/SB 16/MNR 17/NK 0/-- 21/NK 19/PD	*=True case=nom|*=True|num=sg pers=3|num=sg|tense=past|mood=ind _ *=True *=True *=True EmoExpression::markable_100500150::EmoExpression=True|EmoExpression::markable_100500150::Uncertain=false|EmoExpression::markable_100500150::Sarcasm=false|EmoExpression::markable_100500150::SubjectiveFact=false|*=True|EmoExpression::markable_100500150::Intensity=medium|EmoExpression::markable_100500150::Polarity=negative *=True *=True case=nom|*=True|num=sg *=True|pos=True gender=masc|*=True|num=sg gender=masc|*=True|num=sg _ case=gen|gender=fem|num=sg|pers=3 _ case=dat|gender=fem|num=sg pers=3|num=sg|tense=pres|mood=ind case=nom|gender=neut|num=sg case=nom|gender=neut|num=sg|pos=True
321226156273725441	negative	ok das ist echt seltsam, welche Treiber verwendest du (woher? )? Win8 hat *eigentlich* relativ wenige Probleme damit.	ok die sein echt seltsam, welche Treiber verwenden du (woher? )? Win8 haben *eigentlich* relativ wenige Problem damit.	ADJD PDS VAFIN ADJD ADJD PIAT NN VVFIN PPER NN ADJA NN VAFIN ADJD ADJD PIAT NN VVFIN	2/MO 3/SB 0/-- 5/MO 3/PD 7/NK 8/OA 3/CJ 8/SB 8/OA 0/-- 13/SB 0/-- 18/MO 16/MO 17/NK 18/OA 13/OC	_ case=nom|gender=neut|num=sg pers=3|num=sg|tense=pres|mood=ind pos=True pos=True case=acc|gender=neut|num=pl case=nom|gender=masc|num=pl pers=2|num=sg|tense=pres|mood=ind case=nom|*=True|num=sg|pers=2 case=acc|gender=masc|num=sg _ case=nom|gender=fem|num=sg pers=3|num=sg|tense=pres|mood=ind case=acc|gender=neut|num=sg pos=True case=acc|gender=neut|num=pl case=acc|EmoExpression::markable_100500154::EmoExpression=True|EmoExpression::markable_100500154::Uncertain=false|EmoExpression::markable_100500154::SubjectiveFact=false|gender=neut|EmoExpression::markable_100500154::Polarity=negative|EmoExpression::markable_100500154::Intensity=weak|num=pl|EmoExpression::markable_100500154::Sarcasm=false pers=3|num=sg|tense=past|mood=ind
320978949301760002	neutral	Ja, ja, lasst den Kraken frei und so.	Ja, ja, lassen die Kraken frei und so.	NE NE VVFIN ART NN ADJD KON ADJD	2/PNC 3/SB 0/-- 5/NK 3/OA 3/MO 6/CD 7/CJ	case=nom|*=True|num=sg case=nom|*=True|num=sg pers=3|num=sg|tense=pres|mood=ind case=acc|gender=masc|num=sg case=acc|gender=masc|num=sg pos=True _ pos=True
324948803201400834	positive	Mitarbeiter gesund führen - Führungskräfte nehmen Einfluss auf die Gesundheit der Mitarbeiter.	Mitarbeiter gesund führen - Führungskraft nehmen Einfluss auf die Gesundheit die Mitarbeiter.	NN ADJD VVINF $( NN VVFIN NN APPR ART NN ART NE	3/OA 3/MO 5/NK 3/-- 6/SB 0/-- 6/OA 6/MO 10/NK 8/NK 12/NK 10/AG	case=nom|gender=masc|num=pl EmoExpression::markable_100500155::SubjectiveFact=false|EmoExpression::markable_100500155::EmoExpression=True|EmoExpression::markable_100500155::Uncertain=false|EmoExpression::markable_100500155::Polarity=positive|EmoExpression::markable_100500155::Sarcasm=false|pos=True|EmoExpression::markable_100500155::Intensity=weak pers=3|num=pl|tense=pres|mood=ind _ case=nom|gender=fem|num=pl pers=3|num=pl|tense=pres|mood=ind case=acc|gender=masc|num=sg _ case=acc|gender=fem|num=sg case=acc|EmoExpression::markable_100500156::Uncertain=false|EmoExpression::markable_100500156::Intensity=weak|EmoExpression::markable_100500156::Sarcasm=false|EmoExpression::markable_100500156::Polarity=positive|gender=fem|EmoExpression::markable_100500156::EmoExpression=True|num=sg|EmoExpression::markable_100500156::SubjectiveFact=false case=gen|gender=fem|num=sg case=gen|gender=fem|num=sg
327482465264480260	neutral	Ich kratz mir schon wieder alles blutig.	ich kratzen ich schon wieder alle blutig.	PPER VVIMP PRF ADV ADV PIAT ADJA	7/SB 6/NK 7/DA 5/MO 7/MO 7/MO 0/--	case=nom|*=True|num=sg|pers=1 pers=1|num=sg|tense=pres|mood=ind case=dat|pers=1|num=sg _ _ case=nom|gender=neut|num=sg case=nom|gender=neut|num=sg|pos=True
326091507406884864	negative	%User brauchst du auf die Fresse du klein Kind du Hund bekommst gleich paar Schellen	%User brauchen du auf die fressen du klein Kind du Hund bekommen gleich paar Schelle|Schellen	NE VVFIN PPER APPR PDS VVFIN PPER ADJD NN PPER NN VVFIN ADJD PIAT NN	2/SB 0/-- 2/SB 2/MO 9/NK 9/NK 6/SB 6/MO 4/NK 11/NK 12/SB 2/CJ 14/MO 15/NK 12/OA	case=nom|Target::markable_100500161::Preferred=true|gender=masc|Sentiment::markable_100500160::Polarity=negative|Target::markable_100500161::Target=True|Sentiment::markable_100500160::Sentiment=True|num=sg|Target::markable_100500161::Anaphref=empty|Sentiment::markable_100500160::Sarcasm=false|Sentiment::markable_100500160::Intensity=strong pers=2|num=sg|tense=pres|mood=ind|Sentiment::markable_100500160::Sentiment=True case=nom|Target::markable_100500165::Anaphref=markable_100500161|Target::markable_100500165::Preferred=true|gender=masc|Sentiment::markable_100500160::Sentiment=True|pers=2|num=sg|Target::markable_100500165::Target=True EmoExpression::markable_100500162::Sarcasm=false|Sentiment::markable_100500160::Sentiment=True|EmoExpression::markable_100500162::Polarity=negative|EmoExpression::markable_100500162::EmoExpression=True|EmoExpression::markable_100500162::Uncertain=false|EmoExpression::markable_100500162::Intensity=strong|EmoExpression::markable_100500162::SubjectiveFact=false case=acc|gender=fem|num=sg|Sentiment::markable_100500160::Sentiment=True|EmoExpression::markable_100500162::EmoExpression=True case=acc|gender=fem|num=sg|Sentiment::markable_100500160::Sentiment=True|EmoExpression::markable_100500162::EmoExpression=True case=nom|Target::markable_100500166::Target=True|*=True|Sentiment::markable_100500160::Sentiment=True|pers=2|num=sg|Target::markable_100500166::Anaphref=markable_100500161|Target::markable_100500166::Preferred=true Sentiment::markable_100500160::Sentiment=True|pos=True case=acc|gender=neut|num=sg|Sentiment::markable_100500160::Sentiment=True case=nom|Target::markable_100500167::Preferred=true|Target::markable_100500167::Anaphref=markable_100500161|*=True|Sentiment::markable_100500160::Sentiment=True|pers=2|num=sg|Target::markable_100500167::Target=True case=acc|EmoExpression::markable_100500163::SubjectiveFact=false|EmoExpression::markable_100500163::Polarity=negative|gender=masc|EmoExpression::markable_100500163::Uncertain=false|Sentiment::markable_100500160::Sentiment=True|EmoExpression::markable_100500163::EmoExpression=True|num=sg|EmoExpression::markable_100500163::Intensity=strong|EmoExpression::markable_100500163::Sarcasm=false pers=3|num=sg|tense=pres|mood=ind|Sentiment::markable_100500160::Sentiment=True Sentiment::markable_100500160::Sentiment=True EmoExpression::markable_100500164::Intensity=weak|*=True|EmoExpression::markable_100500164::SubjectiveFact=false|Sentiment::markable_100500160::Sentiment=True|EmoExpression::markable_100500164::EmoExpression=True|EmoExpression::markable_100500164::Uncertain=false|EmoExpression::markable_100500164::Polarity=negative|EmoExpression::markable_100500164::Sarcasm=false case=acc|gender=fem|num=pl|Sentiment::markable_100500160::Sentiment=True|EmoExpression::markable_100500164::EmoExpression=True
328467781299363841	positive	Kostenloser Ratgeber - Wissenswertes über die Pflege - optimale Lebensdauer Ihrer Haushaltsgeräte.	kostenloser Ratgeber - Wissenswerte über die Pflege - optimal Lebensdauer ihr Haushaltsgeräte.	ADJA NN $( NN APPR ART NN $( ADJA NN PPOSAT NN	2/NK 0/-- 2/-- 2/APP 4/MNR 7/NK 5/NK 7/-- 10/NK 7/APP 12/NK 10/AG	case=nom|EmoExpression::markable_100500158::Polarity=positive|gender=masc|pos=True|EmoExpression::markable_100500158::Uncertain=false|num=sg|EmoExpression::markable_100500158::Intensity=weak|EmoExpression::markable_100500158::SubjectiveFact=false|EmoExpression::markable_100500158::EmoExpression=True|EmoExpression::markable_100500158::Sarcasm=false case=nom|gender=masc|num=sg _ case=gen|EmoExpression::markable_100500157::Intensity=medium|EmoExpression::markable_100500157::SubjectiveFact=false|EmoExpression::markable_100500157::EmoExpression=True|gender=neut|EmoExpression::markable_100500157::Sarcasm=false|num=sg|EmoExpression::markable_100500157::Polarity=positive|EmoExpression::markable_100500157::Uncertain=false _ case=acc|gender=fem|num=sg case=acc|gender=fem|num=sg _ case=acc|EmoExpression::markable_100500159::Uncertain=false|gender=fem|EmoExpression::markable_100500159::Intensity=weak|pos=True|EmoExpression::markable_100500159::Sarcasm=false|EmoExpression::markable_100500159::SubjectiveFact=false|num=sg|EmoExpression::markable_100500159::Polarity=positive|EmoExpression::markable_100500159::EmoExpression=True case=acc|gender=fem|num=sg case=acc|gender=masc|num=sg case=acc|gender=masc|num=sg
328506197261029376	negative	Kann's mir doch nicht verkneifen: Viel Spass in Block A Salami du super Directioner ...	können ich doch nicht verkneifen: viel Spaß in Block A Salami du super Directioner ...	VMFIN PPER ADV PTKNEG ADJD ADV NN APPR NN NN NN PPER ADJD NN $.	0/-- 1/SB 1/MO 1/NG 1/MO 1/MO 1/SB 7/MNR 8/NK 1/MO 10/NK 10/PNC 1/MO 1/OA 14/--	pers=3|num=sg|tense=pres|mood=ind case=dat|*=True|num=sg|pers=1 _ _ pos=True _ case=acc|gender=masc|EmoExpression::markable_100500171::SubjectiveFact=false|EmoExpression::markable_100500171::Sarcasm=false|num=sg|EmoExpression::markable_100500171::Polarity=positive|EmoExpression::markable_100500171::EmoExpression=True|EmoExpression::markable_100500171::Uncertain=false|EmoExpression::markable_100500171::Intensity=medium _ case=acc|gender=masc|num=sg case=acc|gender=masc|num=sg case=acc|gender=masc|num=sg case=nom|Sentiment::markable_100500168::Polarity=negative|Sentiment::markable_100500168::Sarcasm=true|Sentiment::markable_100500168::Intensity=strong|Target::markable_100500169::Preferred=true|*=True|Target::markable_100500169::Anaphref=empty|pers=2|num=sg|Target::markable_100500169::Target=True|Sentiment::markable_100500168::Sentiment=True case=nom|EmoExpression::markable_100500170::SubjectiveFact=false|EmoExpression::markable_100500170::Polarity=positive|gender=masc|Sentiment::markable_100500168::Sentiment=True|pos=True|EmoExpression::markable_100500170::Intensity=medium|EmoExpression::markable_100500170::EmoExpression=True|num=sg|EmoExpression::markable_100500170::Sarcasm=true case=nom|gender=masc|num=sg|Sentiment::markable_100500168::Sentiment=True _
321523485480456192	positive	Oh, ich habe über 10.000 Follower. Danke an alle meine Folger! Ihr habt Stil. %PosSmiley	Oh, ich haben über @card@ Follower. Dank an alle mein Folger! ihr haben Stil. %PosSmiley	NE PPER VAFIN APPR CARD NN NN APPR PIAT PPOSAT NN PPOSAT VAFIN NN ITJ	3/SB 3/SB 0/-- 5/MO 6/NK 3/OA 0/-- 7/MO 11/NK 11/NK 8/NK 13/SB 0/-- 13/OA 0/NK	pers=1|num=sg|tense=pres|mood=ind case=nom|*=True|num=sg|pers=1 pers=1|num=sg|tense=pres|mood=ind _ _ gender=masc|*=True EmoExpression::markable_100500205::SubjectiveFact=false|EmoExpression::markable_100500205::EmoExpression=True|EmoExpression::markable_100500205::Uncertain=false|EmoExpression::markable_100500205::Polarity=positive|EmoExpression::markable_100500205::Sarcasm=false|EmoExpression::markable_100500205::Intensity=medium _ case=acc|gender=neut|num=pl case=acc|gender=neut|num=pl case=acc|gender=neut|num=pl case=nom|gender=masc|num=sg pers=3|num=sg|tense=pres|mood=ind case=nom|EmoExpression::markable_100500206::Uncertain=false|EmoExpression::markable_100500206::Intensity=medium|EmoExpression::markable_100500206::Sarcasm=false|EmoExpression::markable_100500206::Polarity=positive|gender=masc|EmoExpression::markable_100500206::EmoExpression=True|num=sg|EmoExpression::markable_100500206::SubjectiveFact=false EmoExpression::markable_72::EmoExpression=True|EmoExpression::markable_72::SubjectiveFact=false|EmoExpression::markable_72::Uncertain=false|EmoExpression::markable_72::Polarity=positive|EmoExpression::markable_72::Sarcasm=false|EmoExpression::markable_72::Intensity=strong
324182044261355520	neutral	Von kleinen Welten und grossen Szenen - experimentell-kreati? ve Makrofotografie: Hamburg | hamburg | Hamburg | ...	von klein Welt und groß Szene - experimentell-kreati? ve Makrofotografie: Hamburg | hamburg | Hamburg | ...	APPR ADJA NN KON ADJA NN $( ADJA ADJA NN NE XY NN XY NE XY $.	8/SBP 3/NK 1/NK 3/CD 6/NK 4/CJ 6/-- 0/-- 10/NK 0/-- 10/NK 13/NK 10/PAR 16/PNC 13/NK 10/MNR 16/--	_ case=dat|gender=neut|num=pl|pos=True case=dat|gender=neut|num=pl _ case=dat|gender=masc|num=pl|pos=True case=dat|gender=masc|num=pl _ pos=True _ case=nom|gender=neut|num=sg case=nom|gender=neut|num=sg case=nom|gender=neut|num=sg|pos=True case=nom|gender=neut|num=sg case=nom|gender=neut|num=sg|pos=True case=nom|gender=neut|num=sg _ _
322941175973699584	neutral	Ich habe 143,780 Goldmünzen gesammelt! %Link android, androidgames, gameinsight	ich haben @card@ Goldmünze gesammelt! %Link android, androidgames, gameinsight	PPER VAFIN CARD NN ADJA XY NE NE NE	2/SB 0/-- 4/NK 5/AMS 2/OC 0/-- 9/PNC 9/PNC 0/--	case=nom|*=True|num=sg|pers=1 pers=1|num=sg|tense=pres|mood=ind _ case=nom|gender=fem|num=pl _ case=nom|*=True|num=sg case=nom|*=True|num=sg case=nom|*=True|num=sg _
320660166976614400	neutral	Shōji FAQ - Antworten auf häufig gestellte Fragen zum Einbau und Handhabung sowie Kosten &amp;amp; Planung Themen...	Shōji FAQ - Antwort auf häufig gestellt Frage zu Einbau und Handhabung sowie Kosten &amp;amp; Planung Themen...	NE NE $( NN APPR ADJD ADJA NN APPRART NN KON NN KON NN ADJA NN NN	2/PNC 0/-- 2/-- 2/APP 4/MNR 7/MO 8/NK 5/NK 8/MNR 9/NK 10/CD 11/CJ 4/CD 13/CJ 16/NK 14/AG 16/NK	case=nom|*=True|num=sg case=nom|*=True|num=sg _ case=acc|gender=fem|num=pl _ pos=True case=acc|gender=fem|num=pl|pos=True case=acc|gender=fem|num=pl case=dat|gender=masc|num=sg case=dat|gender=masc|num=sg _ case=dat|gender=fem|num=sg _ case=dat|*=True|num=pl case=dat|*=True|num=pl|pos=True case=gen|gender=fem|num=sg case=gen|gender=fem|num=sg
327355907321249792	neutral	Ich habe 1,100 Nahrungseinheiten geerntet! %Link android, androidgames, gameinsight	ich haben @card@ Nahrungseinheiten geerntet! %Link android, androidgames, gameinsight	PPER VAFIN CARD NN VVPP XY NE NE NE	2/SB 0/-- 4/NK 5/OA 2/OC 0/-- 9/PNC 9/PNC 0/--	case=nom|*=True|num=sg|pers=1 pers=1|num=sg|tense=pres|mood=ind _ case=acc|gender=fem|num=pl _ case=nom|*=True|num=sg case=nom|*=True|num=sg case=nom|*=True|num=sg _
327164374886281216	positive	Nils ist mein Schutzengel. HAHAHAHA.	Nil|Nils sein mein Schutzengel. HAHAHAHA.	NE VAFIN PPOSAT NN NE	2/SB 0/-- 4/NK 2/PD 0/--	case=nom|Sentiment::markable_100500172::Intensity=medium|Target::markable_100500173::Preferred=true|Sentiment::markable_100500172::Sarcasm=false|Target::markable_100500173::Anaphref=empty|Target::markable_100500173::Target=True|*=True|num=sg|Sentiment::markable_100500172::Sentiment=True|Sentiment::markable_100500172::Polarity=positive pers=3|Sentiment::markable_100500172::Sentiment=True|num=sg|tense=pres|mood=ind case=nom|num=sg|Sentiment::markable_100500172::Sentiment=True|gender=masc|Source::markable_100500175::Source=True|Source::markable_100500175::Anaphref=empty case=nom|EmoExpression::markable_100500176::SubjectiveFact=false|EmoExpression::markable_100500176::Sarcasm=false|EmoExpression::markable_100500176::EmoExpression=True|gender=masc|EmoExpression::markable_100500176::Uncertain=false|EmoExpression::markable_100500176::Intensity=strong|EmoExpression::markable_100500176::Polarity=positive|num=sg|Sentiment::markable_100500172::Sentiment=True case=nom|gender=neut|num=sg|Sentiment::markable_100500172::Sentiment=True
323821587491069952	neutral	Ich habe 860 Nahrungseinheiten geerntet! %Link android, androidgames, gameinsight	ich haben @card@ Nahrungseinheiten geerntet! %Link android, androidgames, gameinsight	PPER VAFIN CARD NN VVPP XY NE NE NE	2/SB 0/-- 4/NK 5/OA 2/OC 0/-- 9/PNC 9/PNC 0/--	case=nom|*=True|num=sg|pers=1 pers=1|num=sg|tense=pres|mood=ind _ case=acc|gender=fem|num=pl _ case=nom|*=True|num=sg case=nom|*=True|num=sg case=nom|*=True|num=sg _
320849928236699649	positive	%User ist die Frage damit beantwortet? %PosSmiley	%User sein die Frage damit beantwortet? %PosSmiley	NE VAFIN ART NN PAV ADJA ITJ	2/SB 0/-- 4/NK 2/SB 6/NK 4/NK 4/NK	case=nom|gender=masc|num=sg pers=3|num=sg|tense=pres|mood=ind case=nom|gender=fem|num=sg case=nom|gender=fem|num=sg _ _ EmoExpression::markable_73::EmoExpression=True|EmoExpression::markable_73::Uncertain=false|EmoExpression::markable_73::Intensity=strong|EmoExpression::markable_73::Sarcasm=false|EmoExpression::markable_73::SubjectiveFact=false|EmoExpression::markable_73::Polarity=positive
321838551614492674	neutral	Gambling den dubuque ia: .tVv 916710	Gambling die dubuque ia: .tVv @card@	NN ART ADJA ADJA NN CARD	0/-- 5/NK 5/NK 5/NK 1/PAR 5/PNC	case=nom|gender=neut|num=sg case=acc|gender=masc|num=sg case=nom|gender=neut|num=sg|pos=True case=nom|*=True|num=sg *=True _
320901051802845184	positive	Abend? wie viel uhr? Ich würde es gerne sehen bin aber ab 10 Uhr weg .. D:	Abend? wie viele uhr? ich werden es gerne sehen sein aber ab 10 Uhr weg .. D:	NN KOKOM PIS VVFIN PPER VAFIN PPER ADV VVINF VAFIN KON APPR CARD NN ADV ADJA NN	0/-- 3/CM 4/MO 0/-- 6/SB 0/-- 9/OA 9/MO 6/OC 6/CJ 9/MO 9/MO 14/NK 12/NK 9/MO 9/MO 0/--	_ _ *=True pers=3|num=sg|tense=past|mood=ind case=nom|*=True|num=sg|pers=1 pers=1|num=sg|tense=past|mood=subj case=nom|gender=neut|num=sg|pers=3 _ pers=3|num=pl|tense=pres|mood=ind pers=1|num=sg|tense=pres|mood=ind _ _ _ gender=fem|*=True _ _ case=nom|EmoExpression::markable_74::EmoExpression=True|EmoExpression::markable_74::Uncertain=false|EmoExpression::markable_74::Intensity=strong|gender=fem|EmoExpression::markable_74::Polarity=positive|EmoExpression::markable_74::Sarcasm=false|num=sg|EmoExpression::markable_74::SubjectiveFact=false
322368017738649600	neutral	tiyuanna fakin dem girls sum fuckin models	tiyuanna fakin die girls sum fuckin Model	NE NE ART NN ADJA NN NN	2/PNC 4/SB 4/NK 0/-- 6/NK 4/AG 6/NK	case=nom|gender=neut|num=sg case=nom|gender=neut|num=sg case=dat|gender=masc|num=sg case=gen|gender=neut|num=sg case=gen|gender=neut|num=sg|pos=True case=gen|gender=neut|num=sg case=gen|gender=neut|num=sg
319608147536904193	neutral	Ich habe 1,012 Nahrungseinheiten geerntet! %Link android, androidgames, gameinsight	ich haben @card@ Nahrungseinheiten geerntet! %Link android, androidgames, gameinsight	PPER VAFIN CARD NN VVPP XY NE NE NE	2/SB 0/-- 4/NK 5/OA 2/OC 0/-- 9/PNC 9/PNC 0/--	case=nom|*=True|num=sg|pers=1 pers=1|num=sg|tense=pres|mood=ind _ case=acc|gender=fem|num=pl _ case=nom|*=True|num=sg case=nom|*=True|num=sg case=nom|*=True|num=sg _
322805075615576064	neutral	Erstes Webinar von Travelzoo und Google für deutsche Hotel- und Reisebranche - %Link Pressemitteilung	erst Webinar von Travelzoo und Google für deutsch Hotel- und Reisebranche - %Link Pressemitteilung	ADJA NN APPR NN KON NN APPR ADJA TRUNC KON NN $( XY NN	2/NK 0/-- 2/PG 3/NK 4/CD 5/CJ 2/MNR 11/NK 10/CJ 11/CD 7/NK 11/-- 14/NK 2/CJ	case=nom|gender=neut|num=sg|pos=True case=nom|gender=neut|num=sg _ case=dat|gender=neut|num=sg _ case=dat|gender=fem|num=sg _ case=acc|gender=fem|num=pl|pos=True _ _ case=dat|gender=fem|num=sg _ case=nom|gender=fem|num=sg case=nom|gender=fem|num=sg
324196287580872706	neutral	%Link präsentiert: BETWEEN BORDERS am 20.04. im FFT Ddorf: Nacht der Museen Die d...	%Link präsentiert: BETWEEN BORDERS an @card@ in FFT Ddorf: Nacht die Museum die d...	XY ADJA NN NN APPRART CARD APPRART NE NE NN ART NN ART NE	0/-- 3/NK 1/AG 3/NK 7/AC 5/NK 10/MO 9/PNC 7/NK 3/PAR 12/NK 10/AG 14/NK 0/--	case=nom|gender=fem|num=sg case=gen|gender=masc|num=pl|pos=True case=gen|gender=masc|num=pl case=gen|gender=masc|num=pl case=dat|gender=masc|num=sg _ case=dat|gender=neut|num=sg case=dat|gender=neut|num=sg case=nom|gender=fem|num=sg case=nom|gender=fem|num=sg case=gen|gender=fem|num=sg case=gen|gender=fem|num=sg case=acc|gender=fem|num=sg case=acc|gender=fem|num=sg
324755998915055616	neutral	Jobs Administrator Oracle Datenbank Administrator (m/w): Orizon - Frankfurt am Main, Hessen - , eine renommi...	Job Administrator Oracle Datenbank Administrator (m/w): Orizon - Frankfurt an Main, Hessen - , eine renommi...	NN NN NE NN NN NN NN $( NE APPRART NE NE $( $, ART ADJA	0/-- 1/NK 2/NK 1/MNR 4/NK 7/PNC 4/CJ 7/-- 4/PAR 9/MNR 10/NK 9/CJ 12/-- 13/-- 16/NK 1/SB	case=nom|gender=masc|num=pl case=nom|gender=masc|num=pl *=True *=True case=nom|gender=masc|num=sg case=nom|gender=masc|num=sg case=nom|gender=masc|num=sg _ case=nom|gender=neut|num=sg case=dat|gender=masc|num=sg case=dat|gender=masc|num=sg case=nom|gender=neut|num=sg _ _ case=acc|gender=fem|num=sg case=acc|gender=fem|num=sg|pos=True
328748390227783680	neutral	WALTER MEIER veräussert das Klima-Handelsgeschäft mit einem Jahresumsatz von 37 Millionen Euro in Deutschland an die Firma Swegon.	Walter meiern veräußern die Klima-Handelsgeschäft mit eine Jahresumsatz von 37 Million Euro in Deutschland an die Firma Swegon.	NE VVIMP VVFIN ART NN APPR ART NN APPR CARD NN NN APPR NE APPR ART NN NE	3/SB 1/PAR 0/-- 5/NK 3/SB 5/MNR 8/NK 6/NK 8/MNR 11/NMC 9/NK 11/NK 8/MNR 13/NK 3/MO 17/NK 15/NK 17/NK	_ pos=True pers=3|num=sg|tense=pres|mood=ind case=nom|gender=neut|num=sg case=nom|gender=neut|num=sg _ case=dat|gender=masc|num=sg case=dat|gender=masc|num=sg _ _ case=dat|gender=fem|num=pl case=nom|*=True|num=sg _ case=dat|gender=neut|num=sg _ case=acc|gender=fem|num=sg case=acc|gender=fem|num=sg case=nom|*=True|num=sg
324589694996316160	neutral	Die Sprachpolizei hat wieder zugeschlagen: "Chalenge your English?" %Link via %User	die Sprachpolizei haben wieder zugeschlagen: "Chalenge your English?" %Link via %User	ART NN VAFIN ADV ADJA NN NN ADJA XY APPR NE	2/NK 3/SB 0/-- 3/MO 6/NK 3/OA 8/OA 3/RS 0/-- 0/-- 10/NK	case=nom|gender=fem|num=sg case=nom|gender=fem|num=sg pers=3|num=sg|tense=pres|mood=ind _ case=acc|gender=masc|num=pl|pos=True case=acc|gender=masc|num=pl case=acc|gender=masc|num=pl case=acc|gender=masc|num=pl|pos=True _ _ case=nom|gender=masc|num=sg
319531249708457985	neutral	Bei Rethy dreht sich das Spiel. So so... mcfbvb	bei Rethy drehen sich die Spiel. so so... mcfbvb	APPR NE VVFIN PRF ART NN ADV ADJA ADJA	3/MO 1/NK 0/-- 3/OA 6/NK 3/SB 8/MO 0/-- 0/--	_ case=dat|*=True|num=sg pers=3|num=sg|tense=pres|mood=ind case=acc|pers=3|num=sg case=nom|gender=neut|num=sg case=nom|gender=neut|num=sg _ pers=3|num=pl|tense=pres|mood=subj _
323775857934073856	neutral	Rechtanwalt für Verkehrsrecht aus Rheinland-Pfalz, Ubierstrasse 54 in 56567 Neuwied: Rechtsanwalt	Rechtanwalt für Verkehrsrecht aus Rheinland-Pfalz, Ubierstrasse 54 in @card@ Neuwied: Rechtsanwalt	NN APPR NN APPR NE NN CARD APPR CARD ADJA NN	0/-- 1/MNR 2/NK 3/MNR 4/NK 3/PAR 6/NK 1/MO 11/NK 11/NK 8/NK	case=nom|gender=masc|num=sg _ case=acc|gender=neut|num=sg _ case=dat|gender=neut|num=sg case=dat|gender=neut|num=sg _ _ _ case=nom|gender=masc|num=sg|pos=True case=nom|gender=masc|num=sg
323753674562228224	neutral	Was macht mensch eigentlich, wenn die ToDo-Liste für einen Tag abgearbeitet ist? Ich kenne das irgendwie nicht...	was machen mensch eigentlich, wenn die ToDo-Liste für eine Tag abarbeiten ist? ich kennen die irgendwie nicht...	PIS VVFIN ADJD ADV KOUS ART NN APPR ART NN VVPP VVFIN PPER VVFIN ART ADV ADJA	2/SB 0/-- 2/MO 12/MO 12/CP 7/NK 12/SB 7/MNR 10/NK 8/NK 12/MO 2/MO 14/SB 0/-- 14/OA 17/MO 14/MO	case=nom|gender=neut|num=sg pers=3|num=sg|tense=pres|mood=ind pos=True _ _ case=nom|gender=fem|num=sg case=nom|gender=fem|num=sg _ case=acc|gender=masc|num=sg case=acc|gender=masc|num=sg _ _ case=nom|*=True|num=sg|pers=1 pers=1|num=sg|tense=pres|mood=ind case=acc|gender=neut|num=sg _ _
324856720272793601	neutral	ich dachte ich bin, doch als ich war, da dachte ich wer bin ich, so erkannte ich das ich ein mensch bin, nicht weniger oder mehr	ich denken ich bin, doch als ich war, da denken ich wer sein ich, so erkennen ich die ich eine Mensch bin, nicht weniger oder mehr	PPER VVFIN PPER NE ADV KOUS PPER NE ADV VVFIN PPER PWS VAFIN ADJD ADV VVFIN PPER PRELS PPER ART NN NE PTKNEG ADV KON PIAT	2/SB 0/-- 2/SB 2/DA 2/MO 8/CP 8/SB 2/DA 10/MO 2/CJ 10/SB 13/SB 15/RE 13/MO 16/MO 10/OC 16/SB 24/OA 24/SB 21/NK 24/OA 21/NK 24/NG 16/OA 24/CD 25/CJ	case=nom|*=True|num=sg|pers=1 pers=1|num=sg|tense=past|mood=ind case=nom|*=True|num=sg|pers=1 pers=1|num=sg|tense=pres|mood=ind _ _ case=nom|*=True|num=sg|pers=1 pers=1|num=sg|tense=pres|mood=ind _ pers=1|num=sg|tense=past|mood=ind case=nom|*=True|num=sg|pers=1 case=nom|gender=masc|num=sg pers=1|num=sg|tense=pres|mood=ind _ _ pers=3|num=sg|tense=past|mood=ind case=nom|*=True|num=sg|pers=1 case=acc|gender=neut|num=sg case=nom|*=True|num=sg|pers=1 case=acc|gender=neut|num=sg case=nom|gender=masc|num=sg case=nom|gender=masc|num=sg _ _ _ *=True
325029645303025666	neutral	i got dem green orbs going on don't i	i got die green orbs going on don't i	NE NE ART NN ADJA NE NE VVFIN NE	2/PNC 8/SB 4/NK 8/DA 7/NK 7/PNC 4/AG 0/-- 8/OA	_ case=nom|gender=masc|num=sg case=dat|gender=masc|num=sg case=dat|gender=masc|num=sg case=dat|gender=masc|num=sg|pos=True _ _ pers=3|num=sg|tense=pres|mood=ind _
325885316365950976	neutral	Sonntagsfrage zur Bundestagswahl Emnid/BamS: CDU/CSU 39 %, SPD 26 %, GRÜ 14 %, LIN 8 %, FDP 5 %, PIR 4 %, Son 4 % - htt...	Sonntagsfrage zu Bundestagswahl Emnid/BamS: CDU/CSU 39 %, SPD 26 %, GRÜ 14 %, LIN 8 %, FDP 5 %, Pir 4 %, Son 4 % - htt...	NN APPRART NN NN NE CARD NN NE CARD NN NE CARD NN NE CARD NN NE CARD NN NE CARD NN NE CARD NN $( NN	0/-- 1/MNR 2/NK 1/CJ 4/NK 7/NK 4/CJ 7/NK 10/NK 7/PAR 10/NK 13/NK 7/CJ 13/NK 16/NK 13/CJ 16/NK 19/NK 16/CJ 19/NK 22/NK 19/CJ 22/NK 25/NK 22/CJ 25/-- 25/CJ	case=nom|gender=fem|num=sg case=dat|gender=fem|num=sg case=dat|gender=fem|num=sg case=nom|gender=fem|num=sg case=nom|gender=fem|num=sg _ case=nom|gender=fem|num=sg case=nom|gender=fem|num=sg _ case=nom|*=True case=nom|*=True _ case=nom|gender=neut|num=sg case=nom|gender=neut|num=sg _ case=nom|gender=fem|num=sg case=nom|gender=fem|num=sg _ case=nom|*=True case=nom|*=True _ case=nom|gender=masc|num=sg case=nom|gender=masc|num=sg _ gender=neut|*=True _ case=nom|gender=fem|num=sg
328863687186198530	neutral	Die Lose für Presseplätze im NSU-Verfahren sind gezogen: SPIEGEL, FOCUS &amp; SZ-Magazin &amp; Brigitte sind dabei, FAZ und...	die Los|Lose für Presseplätze in NSU-Verfahren sein gezogen: SPIEGEL, Focus &amp; SZ-Magazin &amp; Brigitte sein dabei, FAZ und...	ART NN APPR NN APPRART NN VAFIN ADJA NE NE $( NN $( NE VAFIN NE NE ADJA	2/NK 7/PD 2/MNR 3/NK 4/MNR 5/NK 0/-- 12/NK 10/PNC 12/NK 10/-- 7/SB 12/-- 12/NK 7/CJ 17/PNC 15/SB 15/MO	case=nom|gender=fem|num=sg case=nom|gender=fem|num=sg _ case=acc|gender=masc|num=pl case=dat|gender=masc|num=sg case=dat|gender=masc|num=sg pers=3|num=pl|tense=pres|mood=ind case=nom|gender=masc|num=pl|pos=True case=nom|gender=masc|num=pl case=acc|gender=fem|num=sg case=acc|gender=fem|num=sg case=nom|gender=neut|num=sg case=nom|gender=neut|num=sg case=nom|gender=fem|num=sg pers=3|num=pl|tense=pres|mood=ind case=dat|pers=3|num=pl _ pos=True
322994390459097088	neutral	heute kein livestream da meine verbindung lutscht %PosSmiley	heute keine livestream da mein Verbindung lutschen %PosSmiley	ADV PIAT NN ADV PPOSAT NN VVFIN ITJ	7/MO 3/NK 7/SB 3/MO 6/NK 7/OA 0/-- 7/DM	_ case=nom|gender=masc|num=sg case=nom|gender=masc|num=sg _ case=acc|gender=fem|num=sg case=acc|gender=fem|num=sg pers=3|num=sg|tense=pres|mood=ind _
324751031097495552	neutral	Vielleicht setze ich mich mal dran ein paar Bilder für Deviantart zu machen.	vielleicht setzen ich ich mal dran eine paar Bild für Deviantart zu machen.	ADV VVFIN PPER PRF ADV PAV ART PIAT NN APPR NN APPR NE	2/MO 0/-- 2/SB 2/OA 2/MO 9/NK 8/NK 9/NK 2/OA 9/MNR 10/NK 11/MNR 12/NK	_ pers=1|num=sg|tense=pres|mood=ind case=nom|*=True|num=sg|pers=1 case=acc|pers=1|num=sg _ _ *=True *=True case=acc|gender=neut|num=pl _ case=acc|gender=fem|num=sg _ case=dat|gender=neut|num=sg
326638749326917632	positive	Frauen müssen wie Frauen aussehen... und nicht wie tapezierte Zirkus Clowns. %PosSmiley	Frau müssen wie Frau aussehen... und nicht wie tapeziert Zirkus Clowns. %PosSmiley	NN VMFIN KOKOM NN NE KON PTKNEG KOKOM ADJA NN NN ITJ	2/SB 0/-- 4/CM 2/SB 4/AG 11/JU 10/NG 10/CM 10/NK 11/NK 0/-- 0/NK	case=nom|gender=fem|num=pl pers=3|num=pl|tense=pres|mood=ind _ case=nom|gender=fem|num=pl _ _ _ _ case=acc|gender=neut|num=pl|pos=True case=acc|gender=neut|num=pl case=acc|gender=neut|num=pl EmoExpression::markable_75::Sarcasm=false|EmoExpression::markable_75::EmoExpression=True|EmoExpression::markable_75::Uncertain=false|EmoExpression::markable_75::Intensity=medium|EmoExpression::markable_75::SubjectiveFact=false|EmoExpression::markable_75::Polarity=positive
324219633248915457	neutral	Freundin so zu mir : man sollte nachts nicht essen ! ... ach .. und warum gibt’s dann Licht im Kühlschrank?	Freundin so zu ich : man sollen nachts nicht essen ! ... ach .. und warum gibt’s dann Licht in Kühlschrank?	NN ADV APPR PPER $. PIS VMFIN ADV PTKNEG VVINF $. $. ITJ NN KON PWAV VVFIN ADV NN APPRART NN	0/-- 3/MO 1/MNR 3/NK 4/-- 7/SB 1/PAR 7/MO 7/NG 7/OC 10/-- 0/-- 14/NK 0/-- 17/JU 17/MO 0/-- 17/MO 17/OA 17/MO 20/NK	case=nom|gender=masc|num=sg _ _ case=dat|*=True|num=sg|pers=1 _ case=nom|*=True|num=sg pers=3|num=sg|tense=past|mood=ind _ _ _ _ _ _ case=nom|gender=fem|num=sg _ _ pers=3|num=sg|tense=past|mood=ind _ case=acc|gender=neut|num=sg case=dat|gender=masc|num=sg case=dat|gender=masc|num=sg
324842671522844672	neutral	Local Hero: %User von %User präsentiert %User in realen Projekten beim EdgeCamp %User day	Local Hero: %User von %User präsentieren %User in real Projekt bei EdgeCamp %User day	ADJA NN NE APPR NE VVFIN NE APPR ADJA NN APPRART NN NE NE	2/NK 6/SB 5/PNC 5/PNC 2/NK 0/-- 6/OA 6/MO 10/NK 8/NK 6/MO 11/NK 12/NK 6/OA	case=nom|gender=neut|num=sg case=nom|gender=neut|num=sg case=nom|gender=masc|num=sg _ case=nom|gender=masc|num=sg pers=3|num=sg|tense=pres|mood=ind case=acc|*=True|num=sg _ case=dat|gender=neut|num=pl|pos=True case=dat|gender=neut|num=pl case=dat|gender=neut|num=sg case=dat|gender=neut|num=sg case=nom|*=True|num=sg _
329245871407505409	neutral	Heute ist unser Team %User und %User und später auch die personifizierte Verteidigungsbereitschaft vor Ort bei...	heute sein unser Team %User und %User und spät auch die personifiziert Verteidigungsbereitschaft vor Ort bei...	ADV VAFIN PPOSAT NN NE KON NE KON ADJD ADV ART ADJA NN APPR NN ADJA	2/MO 0/-- 4/NK 2/SB 4/NK 5/CD 6/CJ 4/CD 13/MO 13/MO 13/NK 13/NK 8/CJ 13/MNR 14/NK 15/NK	_ pers=3|num=sg|tense=pres|mood=ind case=nom|gender=neut|num=sg case=nom|gender=neut|num=sg case=nom|gender=neut|num=sg _ case=nom|gender=masc|num=sg _ comp=True _ case=acc|gender=fem|num=sg case=acc|gender=fem|num=sg|pos=True case=acc|gender=fem|num=sg _ case=dat|gender=masc|num=sg case=dat|gender=masc|num=sg
320260896381337600	neutral	da kann ich nur den standard.	da können ich nur die standard.	ADV VMFIN PPER ADV ART NE	2/MO 0/-- 2/SB 6/MO 6/NK 2/MO	_ pers=1|num=sg|tense=pres|mood=ind case=nom|*=True|num=sg|pers=1 _ case=acc|gender=masc|num=sg case=acc|gender=masc|num=sg
325319422803865600	neutral	Aquawebkatalog Index und sehr vielen Links wie Aquaristik Fachhändler	Aquawebkatalog Index und sehr viele Link wie Aquaristik Fachhändler	NN NN KON ADV PIAT NE KOKOM NN NN	0/-- 1/NK 1/CD 5/MO 6/NK 3/CJ 8/CM 1/CC 8/NK	case=nom|gender=masc|num=sg case=nom|gender=masc|num=sg _ _ case=dat|*=True|num=pl case=dat|*=True|num=pl _ case=nom|gender=fem|num=sg case=nom|gender=fem|num=sg
324849613389574144	negative	Tennis - Tsonga lässt bedientem Melzer keine Chance: Offenbar... %Link derStandardNewsroom	Tennis - Tsonga lassen bedientem Melzer keine Chance: Offenbar... %Link derStandardNewsroom	NN $( NE VVFIN ADJA NN PIAT ADJA NN XY NN	4/SB 1/-- 1/NK 0/-- 6/NK 4/DA 9/NK 9/NK 4/OA 9/NK 0/--	case=nom|gender=neut|num=sg _ case=nom|gender=neut|num=sg pers=3|num=sg|tense=pres|mood=ind case=dat|gender=neut|num=sg|pos=True case=dat|gender=neut|num=sg case=acc|EmoExpression::markable_100500207::Intensity=medium|EmoExpression::markable_100500207::SubjectiveFact=false|EmoExpression::markable_100500207::EmoExpression=True|gender=fem|EmoExpression::markable_100500207::Sarcasm=false|num=sg|EmoExpression::markable_100500207::Polarity=negative|EmoExpression::markable_100500207::Uncertain=false case=acc|gender=fem|num=sg|pos=True case=acc|gender=fem|num=sg _ case=nom|gender=masc|num=sg
319599238935896064	negative	%Link: Trossingen-Schura Justus Schmid ist an diesem Mittwochabend nicht zu beneiden: Der...	%Link: Trossingen-Schura Justus Schmid sein an dies Mittwochabend nicht zu beneiden: Der...	NN NE NE NE VAFIN APPR PDAT NN PTKNEG PTKA ADJD ADJA	5/SB 4/PNC 4/PNC 1/NK 0/-- 5/MO 8/NK 6/NK 11/NG 11/MO 12/MO 5/PD	case=nom|gender=masc|num=sg case=nom|Sentiment::markable_100500179::Intensity=weak|Sentiment::markable_100500179::Sentiment=True|Target::markable_100500180::Preferred=true|gender=masc|Target::markable_100500180::Anaphref=empty|Sentiment::markable_100500179::Polarity=negative|num=sg|Sentiment::markable_100500179::Sarcasm=false|Target::markable_100500180::Target=True case=nom|gender=masc|num=sg|Sentiment::markable_100500179::Sentiment=True|Target::markable_100500180::Target=True case=nom|gender=masc|num=sg|Sentiment::markable_100500179::Sentiment=True|Target::markable_100500180::Target=True pers=3|num=sg|tense=pres|mood=ind|Sentiment::markable_100500179::Sentiment=True Sentiment::markable_100500179::Sentiment=True case=dat|gender=masc|num=sg|Sentiment::markable_100500179::Sentiment=True case=dat|gender=masc|num=sg|Sentiment::markable_100500179::Sentiment=True Negation::markable_100500181::EmoExpressionRef=empty|Negation::markable_100500181::Negation=True|Sentiment::markable_100500179::Sentiment=True Sentiment::markable_100500179::Sentiment=True pos=True case=dat|gender=fem|num=sg|pos=True
326574271415599104	neutral	Der Landkreis Enzkreis Der Enzkreis ist ein Landkreis in Baden-Württemberg. Er gehört zur Region Nor	die Landkreis Enzkreis die Enzkreis sein eine Landkreis in Baden-Württemberg. er gehören zu Region Nor	ART NN NN ART NN VAFIN ART NN APPR NE PPER VVFIN APPRART NN NE	2/NK 6/SB 2/NK 5/NK 6/SB 0/-- 8/NK 6/SB 8/MNR 9/NK 12/SB 0/-- 12/OP 13/NK 14/AG	case=nom|gender=masc|num=sg case=nom|gender=masc|num=sg case=nom|gender=masc|num=sg case=nom|gender=masc|num=sg case=nom|gender=masc|num=sg pers=3|num=sg|tense=pres|mood=ind case=nom|gender=masc|num=sg case=nom|gender=masc|num=sg _ case=dat|gender=neut|num=sg case=nom|gender=masc|num=sg|pers=3 pers=3|num=sg|tense=pres|mood=ind case=dat|gender=fem|num=sg case=dat|gender=fem|num=sg case=gen|*=True|num=sg
