311919759388192769	positive	Zum Glüch wurde der neue Papst heute gekürt %PosSmiley	zu Glüch werden die neu Papst heute küren %PosSmiley	APPRART NN VAFIN ART ADJA NN ADV VVPP ITJ	8/MO 1/NK 0/-- 6/NK 6/NK 3/SB 8/MO 3/OC 8/NK	case=dat|Sentiment::markable_1::Sarcasm=false|EmoExpression::markable_2::SubjectiveFact=false|EmoExpression::markable_2::Polarity=positive|gender=neut|Sentiment::markable_1::Sentiment=True|EmoExpression::markable_2::Uncertain=false|EmoExpression::markable_2::Intensity=medium|num=sg|EmoExpression::markable_2::Sarcasm=false|Sentiment::markable_1::Polarity=positive|Sentiment::markable_1::Intensity=medium|EmoExpression::markable_2::EmoExpression=True case=dat|gender=neut|num=sg|EmoExpression::markable_2::EmoExpression=True|Sentiment::markable_1::Sentiment=True mood=ind|Target::markable_3::Anaphref=empty|Target::markable_3::Preferred=true|Target::markable_3::Target=True|Sentiment::markable_1::Sentiment=True|pers=3|num=sg|tense=past case=nom|gender=masc|num=sg|Target::markable_3::Target=True|Sentiment::markable_1::Sentiment=True case=nom|num=sg|Target::markable_3::Target=True|gender=masc|pos=True|Sentiment::markable_1::Sentiment=True case=nom|gender=masc|num=sg|Target::markable_3::Target=True|Sentiment::markable_1::Sentiment=True Target::markable_3::Target=True|Sentiment::markable_1::Sentiment=True Target::markable_3::Target=True|Sentiment::markable_1::Sentiment=True EmoExpression::markable_4::SubjectiveFact=false|EmoExpression::markable_4::Uncertain=false|EmoExpression::markable_4::Sarcasm=false|EmoExpression::markable_4::Intensity=medium|EmoExpression::markable_4::EmoExpression=True|EmoExpression::markable_4::Polarity=positive|Sentiment::markable_1::Sentiment=True
311906517546856450	mixed	Is’ echt so! %PosSmiley Mir scheissegal, wieviel Papstwitze hier kursieren. Mich bewegt das. Trotz allem. Papst Konklave	Is’ echt so! %PosSmiley ich scheissegal, wieviele Papstwitz hier kursieren. ich bewegen das. trotz allem. Papst Konklave	ADJD ADJD VVPP ITJ PPER ADJA PWAV NN ADV NE PPER VVFIN ADJD APPR NE NN NN	2/MO 3/MO 0/-- 3/NK 8/NK 8/NK 8/NK 0/-- 10/MO 8/AG 12/SB 0/-- 12/MO 0/-- 14/NK 0/-- 16/NK	pos=True pos=True Sentiment::markable_6::Polarity=negative|Sentiment::markable_6::Intensity=medium|Source::markable_10::Anaphref=empty|Sentiment::markable_6::Sentiment=True|Source::markable_10::Source=True|Sentiment::markable_6::Sarcasm=false Sentiment::markable_6::Sentiment=True case=dat|pers=1|num=sg|Source::markable_7::Source=True|Source::markable_7::Anaphref=empty|Sentiment::markable_6::Sentiment=True|*=True Sentiment::markable_6::Sentiment=True|*=True|pos=True Target::markable_9::Anaphref=empty|Sentiment::markable_6::Sentiment=True|Target::markable_9::Target=True|Target::markable_9::Preferred=true case=acc|gender=masc|Sentiment::markable_6::Sentiment=True|num=pl|Target::markable_9::Target=True Sentiment::markable_6::Sentiment=True|Target::markable_9::Target=True case=gen|*=True|num=sg case=acc|Source::markable_12::Anaphref=markable_10|Source::markable_12::Source=True|*=True|pers=1|Sentiment::markable_11::Polarity=positive|num=sg|Sentiment::markable_11::Intensity=medium|Sentiment::markable_11::Sentiment=True|Sentiment::markable_11::Sarcasm=false mood=ind|EmoExpression::markable_13::EmoExpression=True|EmoExpression::markable_13::SubjectiveFact=false|pers=3|num=sg|tense=pres|EmoExpression::markable_13::Polarity=positive|EmoExpression::markable_13::Uncertain=false|EmoExpression::markable_13::Intensity=medium|EmoExpression::markable_13::Sarcasm=false|Sentiment::markable_11::Sentiment=True pos=True|Sentiment::markable_11::Sentiment=True _ case=dat|gender=neut|num=sg case=nom|gender=masc|num=sg case=nom|gender=masc|num=sg
311929520116617216	positive	als ich hörte der neue papst ist ein argentinier dachte ich an Lionel Messi der 1. %PosSmiley %User	als ich hören die neu Papst sein eine Argentinier denken ich an Lionel Messi die 1. %PosSmiley %User	KOKOM PPER VVFIN ART ADJA NN VAFIN ART NN VVFIN PPER APPR NE NN ART ADJA ITJ NE	2/CM 3/SB 0/-- 6/NK 6/NK 7/SB 3/OC 9/NK 7/SB 9/NK 10/SB 10/MO 12/NK 7/PD 18/NK 18/NK 18/NK 14/AG	_ case=nom|*=True|num=sg|pers=1 pers=1|num=sg|tense=past|mood=ind case=nom|gender=masc|num=sg case=nom|gender=masc|num=sg|pos=True case=nom|gender=masc|num=sg pers=3|num=sg|tense=pres|mood=ind case=nom|gender=masc|num=sg case=nom|gender=masc|num=sg pers=1|num=sg|tense=past|mood=ind case=nom|*=True|num=sg|pers=1 _ case=acc|*=True|num=sg gender=fem|*=True|num=sg case=gen|gender=fem|num=sg case=gen|gender=fem|num=sg|pos=True case=gen|EmoExpression::markable_15::Intensity=medium|EmoExpression::markable_15::SubjectiveFact=false|gender=fem|EmoExpression::markable_15::Uncertain=false|EmoExpression::markable_15::Polarity=positive|num=sg|EmoExpression::markable_15::EmoExpression=True|EmoExpression::markable_15::Sarcasm=false case=gen|gender=fem|num=sg
311927121712922624	positive	Wer ist der neue Papst? %PosSmiley %Link	wer sein die neu Papst? %PosSmiley %Link	PWS VAFIN ART ADJA NN ITJ XY	2/SB 0/-- 5/NK 5/NK 2/SB 5/NK 0/--	case=nom|gender=masc|num=sg pers=3|num=sg|tense=pres|mood=ind case=nom|gender=masc|num=sg case=nom|gender=masc|num=sg|pos=True case=nom|gender=masc|num=sg EmoExpression::markable_16::Polarity=positive|EmoExpression::markable_16::Sarcasm=false|EmoExpression::markable_16::EmoExpression=True|EmoExpression::markable_16::SubjectiveFact=false|EmoExpression::markable_16::Uncertain=false|EmoExpression::markable_16::Intensity=medium _
311922836941963264	positive	Der neue Papst löst in mir so ein wunderschönes Gefühl aus. ♥ I feel blessed %PosSmiley	die neu Papst lösen in ich so eine wunderschön Gefühl aus. ♥ I feel blessed %PosSmiley	ART ADJA NN VVFIN APPR PPER ADV ART ADJA NN ADJA ADJA NN ADJA NN ITJ	3/NK 3/NK 4/SB 0/-- 4/MO 5/NK 10/MO 10/NK 10/NK 4/OA 7/UC 13/NK 0/-- 15/NK 13/CJ 15/NK	case=nom|gender=masc|num=sg case=nom|gender=masc|num=sg|pos=True case=nom|gender=masc|num=sg pers=3|num=sg|tense=pres|mood=ind _ case=dat|*=True|num=sg|pers=1 _ case=nom|gender=neut|num=sg case=nom|EmoExpression::markable_104012636::Sarcasm=false|EmoExpression::markable_104012636::Polarity=positive|gender=neut|EmoExpression::markable_104012636::Uncertain=false|pos=True|EmoExpression::markable_104012636::Intensity=strong|num=sg|EmoExpression::markable_104012636::EmoExpression=True|EmoExpression::markable_104012636::SubjectiveFact=false case=nom|gender=neut|num=sg case=nom|gender=neut|num=sg|pos=True _ case=nom|gender=neut|num=sg case=nom|gender=neut|num=sg|pos=True case=nom|EmoExpression::markable_104012637::EmoExpression=True|gender=neut|EmoExpression::markable_104012637::SubjectiveFact=false|num=sg|EmoExpression::markable_104012637::Polarity=positive|EmoExpression::markable_104012637::Sarcasm=false|EmoExpression::markable_104012637::Uncertain=false|EmoExpression::markable_104012637::Intensity=strong _
311907822730366976	positive	%PosSmiley jetzt bin ich aber Gespannt wer der Neue Papst ist.	%PosSmiley jetzt sein ich aber spannen wer die neu Papst ist.	ITJ ADV VAFIN PPER ADV VVPP PWS ART ADJA NN NE	2/DM 3/MO 0/-- 3/SB 3/MO 3/PD 6/OA 10/NK 10/NK 7/PAR 10/NK	EmoExpression::markable_17::SubjectiveFact=false|EmoExpression::markable_17::Polarity=positive|EmoExpression::markable_17::EmoExpression=True|EmoExpression::markable_17::Sarcasm=false|EmoExpression::markable_17::Uncertain=false|EmoExpression::markable_17::Intensity=medium _ pers=1|num=sg|tense=pres|mood=ind case=nom|*=True|num=sg|pers=1 _ case=nom|gender=masc|num=sg case=nom|gender=masc|num=sg case=nom|gender=masc|num=sg case=nom|gender=masc|num=sg|pos=True case=nom|gender=masc|num=sg case=nom|gender=masc|num=sg
311981791202377728	neutral	Jetzt gar keine mehr %PosSmiley "Der neue Papst %User: Vor 2 Minuten noch 25'000 Twitter-Follower, jetzt schon 56'000!"	jetzt gar keine mehr %PosSmiley "Der neu Papst %User: vor 2 Minute noch 25'000 Twitter-Follower, jetzt schon 56'000!"	ADV ADV PIAT PIS ITJ NN ADJA NN ADJD APPR CARD NN ADV CARD NN ADV ADV ADJA	6/MO 3/MO 6/NK 6/NK 6/NK 0/-- 8/NK 6/NK 6/MNR 15/MO 12/NK 10/NK 14/MO 15/NK 9/CC 15/MNR 18/MO 16/UC	_ _ case=nom|gender=fem|num=sg *=True *=True case=nom|gender=masc|num=sg case=nom|gender=masc|num=sg|pos=True case=nom|gender=masc|num=sg pos=True _ _ case=dat|gender=fem|num=pl _ _ case=nom|gender=fem|num=pl _ _ case=dat|gender=neut|num=pl|comp=True
312099418033758208	neutral	%PosSmiley Der neue Papst schafft den Google Reader ab. Das haben wir nun davon.	%PosSmiley die neu Papst schaffen die Google Reader ab. die haben wir nun davon.	ITJ ART ADJA NN VVFIN ART NN NN NN PDS VAFIN PPER ADV ADJD	5/DM 4/NK 4/NK 5/SB 0/-- 7/NK 5/OA 7/NK 5/OA 14/OA 0/-- 11/SB 11/MO 11/MO	_ case=nom|gender=masc|num=sg case=nom|gender=masc|num=sg|pos=True case=nom|gender=masc|num=sg pers=3|num=sg|tense=pres|mood=ind case=acc|gender=masc|num=sg case=acc|gender=masc|num=sg case=nom|gender=masc|num=sg case=nom|gender=masc|num=sg case=acc|gender=neut|num=sg pers=1|num=pl|tense=pres|mood=ind case=nom|*=True|num=pl|pers=1 _ pos=True
311919039930851328	positive	oh - massive Ton- und Bildaussetzer bei Rizzoli und Isles %NegSmiley Hallo, Papst (@pontifex ), mach das mal heile! Danke!	oh - massiv Ton- und Bildaussetzer bei Rizzoli und Isles %NegSmiley Hallo, Papst (@pontifex ), machen die mal heile! Danke!	ITJ $( ADJA TRUNC KON NN APPR NN KON ADJA ITJ NN NN NN NN VVIMP ART ADV ADJA NN	6/NK 1/-- 6/NK 5/CJ 6/CD 0/-- 6/MNR 7/NK 8/CD 12/NK 12/NK 9/CJ 12/MNR 13/PNC 16/PD 0/-- 16/OA 19/MO 16/NK 0/--	_ _ case=acc|gender=fem|num=pl|pos=True _ _ case=nom|gender=masc|num=pl _ case=dat|gender=masc|num=sg _ case=nom|gender=neut|num=sg|pos=True case=nom|gender=neut|num=sg *=True *=True *=True case=nom|gender=masc|num=sg pers=3|num=sg|tense=pres|mood=ind case=acc|gender=neut|num=sg _ EmoExpression::markable_21::EmoExpression=True|EmoExpression::markable_21::SubjectiveFact=false|EmoExpression::markable_21::Uncertain=false|EmoExpression::markable_21::Polarity=positive|EmoExpression::markable_21::Sarcasm=false|EmoExpression::markable_21::Intensity=medium case=nom|gender=masc|num=sg
311825751311798272	positive	was würde da der Papst dazu sagen? Ich hoffe, das versetzt ihn nicht gleich in die Wechseljahre? %PosSmiley MM	was werden da die Papst dazu sagen? ich hoffe, die versetzen er nicht gleich in die Wechseljahre? %PosSmiley MM	PIS VAFIN ADV ART NN PAV VVFIN PPER NE ART VVFIN PPER PTKNEG ADJD APPR ART NN ITJ NE	2/SB 0/-- 7/MO 5/NK 7/SB 5/NK 2/OC 11/SB 10/AG 8/NK 0/-- 11/OA 11/NG 15/MO 11/MO 17/NK 15/NK 17/NK 0/--	case=nom|gender=neut|num=sg pers=3|num=sg|tense=past|mood=subj _ case=nom|gender=masc|num=sg case=nom|gender=masc|num=sg _ pers=3|num=sg|tense=past|mood=ind case=nom|*=True|num=sg|pers=1 pers=1|num=sg|tense=pres|mood=ind case=acc|gender=neut|num=sg pers=3|num=sg|tense=pres|mood=ind case=acc|gender=masc|num=sg|pers=3 _ pos=True _ case=acc|gender=fem|num=sg case=acc|gender=fem|num=sg EmoExpression::markable_22::Uncertain=false|EmoExpression::markable_22::Intensity=medium|EmoExpression::markable_22::Sarcasm=false|EmoExpression::markable_22::SubjectiveFact=false|EmoExpression::markable_22::EmoExpression=True|EmoExpression::markable_22::Polarity=positive case=nom|*=True|num=sg
311912675242278912	positive	sorry würde dir ja schreiben schaue aber gerade die papst wahl an und wer der neue papst ist ! %PosSmiley	sorry werden du ja schreiben schauen aber gerade die papst Wahl an und wer die neu Papst sein ! %PosSmiley	NN VAFIN PPER ADV VVINF VVFIN ADV ADV ART ADJA NN PTKVZ KON PWS ART ADJA NN VAFIN $. ITJ	2/OC 0/-- 5/DA 5/MO 2/OC 5/OC 6/MO 6/MO 11/NK 11/NK 6/OA 6/SVP 6/CD 18/SB 17/NK 17/NK 18/PD 13/CJ 18/-- 18/NK	_ pers=3|num=sg|tense=past|mood=subj case=dat|*=True|num=sg|pers=2 _ _ pers=3|num=sg|tense=pres|mood=subj _ _ case=acc|gender=fem|num=sg case=acc|gender=fem|num=sg|pos=True case=acc|gender=fem|num=sg _ _ case=nom|gender=masc|num=sg case=nom|gender=masc|num=sg case=nom|gender=masc|num=sg|pos=True case=nom|gender=masc|num=sg pers=3|num=sg|tense=pres|mood=ind _ EmoExpression::markable_23::SubjectiveFact=false|EmoExpression::markable_23::Intensity=medium|EmoExpression::markable_23::EmoExpression=True|EmoExpression::markable_23::Polarity=positive|EmoExpression::markable_23::Uncertain=false|EmoExpression::markable_23::Sarcasm=false
311905323038425088	positive	Neuer Papst ist gewählt.. Ich bin es nicht %PosSmiley	neu Papst sein gewählt.. ich sein es nicht %PosSmiley	ADJA NN VAFIN NE PPER VAFIN PPER PTKNEG ITJ	2/NK 3/PD 0/-- 3/SB 6/SB 0/-- 6/PD 6/NG 6/NK	case=nom|gender=masc|num=sg|pos=True case=nom|gender=masc|num=sg pers=3|num=sg|tense=pres|mood=ind _ case=nom|*=True|num=sg|pers=1 pers=1|num=sg|tense=pres|mood=ind case=nom|gender=neut|num=sg|pers=3 _ EmoExpression::markable_24::Intensity=medium|EmoExpression::markable_24::Sarcasm=false|EmoExpression::markable_24::Uncertain=false|EmoExpression::markable_24::Polarity=positive|EmoExpression::markable_24::EmoExpression=True|EmoExpression::markable_24::SubjectiveFact=false
311914765658255360	positive	Mal gespannt wer der neue Papst ist%PosSmiley	Mal spannen wer die neu Papst ist%PosSmiley	NN VVPP PWS ART ADJA NN NE	2/MO 0/-- 2/OA 6/NK 6/NK 2/PAR 6/NK	_ _ case=nom|gender=masc|num=sg case=nom|gender=masc|num=sg case=nom|gender=masc|num=sg|pos=True case=nom|gender=masc|num=sg case=nom|EmoExpression::markable_25::Polarity=positive|gender=masc|EmoExpression::markable_25::EmoExpression=True|EmoExpression::markable_25::Intensity=medium|num=sg|EmoExpression::markable_25::Sarcasm=false|EmoExpression::markable_25::SubjectiveFact=false|EmoExpression::markable_25::Uncertain=false
311799961165639680	negative	Von uns kommen die nicht %PosSmiley Wenn's nervt, abschalten! Papst Konklave	von wir kommen die nicht %PosSmiley Wenn's nervt, abschalten! Papst Konklave	APPR PPER VVFIN ART PTKNEG ITJ VVFIN NE ADJA NN NN	3/MO 1/NK 0/-- 8/NK 9/NG 8/NK 8/NK 3/SB 3/MO 0/-- 10/NK	_ case=dat|*=True|num=pl|pers=1 pers=3|num=pl|tense=pres|mood=ind case=nom|*=True|num=pl _ EmoExpression::markable_27::EmoExpression=True|EmoExpression::markable_27::Uncertain=false|EmoExpression::markable_27::Intensity=medium|EmoExpression::markable_27::SubjectiveFact=false|EmoExpression::markable_27::Polarity=negative|EmoExpression::markable_27::Sarcasm=false pers=3|num=sg|tense=past|mood=ind case=nom|*=True|num=sg pos=True case=nom|gender=masc|num=sg case=nom|gender=masc|num=sg
311931250870996992	positive	GUT %PosSmiley ein bescheidener Mann Kardinal Bergoglio ist der neue Papst Franziskus	gut %PosSmiley eine bescheiden Mann Kardinal Bergoglio sein die neu Papst Franziskus	ADJD ITJ ART ADJA NN NN NE VAFIN ART ADJA NN NE	5/MO 5/NK 5/NK 5/NK 8/SB 7/PNC 5/NK 0/-- 11/NK 11/NK 8/SB 11/NK	EmoExpression::markable_104012649::EmoExpression=True|Sentiment::markable_30::Sentiment=True|Sentiment::markable_30::Sarcasm=false|EmoExpression::markable_104012649::SubjectiveFact=false|pos=True|EmoExpression::markable_104012649::Uncertain=false|Sentiment::markable_30::Intensity=medium|EmoExpression::markable_104012649::Intensity=medium|EmoExpression::markable_104012649::Sarcasm=false|Sentiment::markable_30::Polarity=positive|EmoExpression::markable_104012649::Polarity=positive EmoExpression::markable_28::Sarcasm=false|EmoExpression::markable_28::SubjectiveFact=false|Sentiment::markable_30::Sentiment=True|mood=ind|EmoExpression::markable_28::EmoExpression=True|pers=3|EmoExpression::markable_28::Intensity=medium|num=sg|tense=past|EmoExpression::markable_28::Polarity=positive|EmoExpression::markable_28::Uncertain=false case=nom|num=sg|Sentiment::markable_30::Sentiment=True|gender=masc|Target::markable_31::Target=True|Target::markable_31::Preferred=true|Target::markable_31::Anaphref=empty case=nom|Target::markable_31::Target=True|Sentiment::markable_30::Sentiment=True|EmoExpression::markable_32::Polarity=positive|gender=masc|pos=True|EmoExpression::markable_32::EmoExpression=True|num=sg|EmoExpression::markable_32::Intensity=medium|EmoExpression::markable_32::Sarcasm=false|EmoExpression::markable_32::SubjectiveFact=false|EmoExpression::markable_32::Uncertain=false case=nom|gender=masc|Target::markable_31::Target=True|num=sg|Sentiment::markable_30::Sentiment=True case=nom|gender=masc|num=sg case=nom|gender=masc|num=sg pers=3|num=sg|tense=pres|mood=ind case=nom|gender=masc|num=sg case=nom|gender=masc|num=sg|pos=True case=nom|gender=masc|num=sg case=nom|gender=masc|num=sg
311925424299057154	neutral	*ACHTUNG%PosSmiley Papst - erste Rede! Der neue Papst tritt vor das Volk:	*ACHTUNG%PosSmiley Papst - erst Rede! die neu Papst treten vor die Volk:	NN NN $( ADJA NN ART ADJA NN VVFIN APPR ART NN	0/-- 1/NK 2/-- 5/NK 1/PAR 8/NK 8/NK 9/SB 0/-- 9/MO 12/NK 10/NK	case=nom|gender=masc|num=sg case=nom|gender=masc|num=sg _ case=nom|gender=masc|num=sg|pos=True case=nom|gender=masc|num=sg case=nom|gender=masc|num=sg case=nom|gender=masc|num=sg|pos=True case=nom|gender=masc|num=sg pers=3|num=sg|tense=pres|mood=ind _ case=acc|gender=neut|num=sg case=acc|gender=neut|num=sg
311842500010733568	neutral	RUFT JETZT FÜR DEN PAPST AN! 01379... Oder sende eine SMS mit "Konklave1" an die 666...6...%PosSmiley	rufen jetzt für die Papst AN! @card@ oder senden eine SMS mit "Konklave1" an die 666...6...%PosSmiley	VVFIN ADV APPR ART NN NN CARD KON VVFIN ART NE APPR NN APPR ART NE	0/-- 1/MO 1/MO 5/NK 3/NK 1/OA 0/-- 7/CD 8/CJ 11/NK 9/OA 9/MO 12/NK 13/MNR 16/NK 14/NK	_ _ _ *=True *=True *=True _ _ pers=3|num=sg|tense=pres|mood=subj case=nom|gender=fem|num=sg case=nom|gender=fem|num=sg _ case=dat|gender=fem|num=sg _ case=acc|gender=fem|num=sg case=acc|gender=fem|num=sg
311905369922338816	positive	WEISSER RAUCH... Wir haben einen neuen Papst %PosSmiley %Link	weiß RAUCH... wir haben eine neu Papst %PosSmiley %Link	ADJA NN PPER VAFIN ART ADJA NN ITJ XY	2/NK 0/-- 4/SB 0/-- 7/NK 7/NK 4/OA 7/NK 7/NK	case=nom|EmoExpression::markable_104012638::EmoExpression=True|gender=neut|EmoExpression::markable_104012638::Polarity=positive|EmoExpression::markable_104012638::Sarcasm=false|pos=True|num=sg|EmoExpression::markable_104012638::SubjectiveFact=true|EmoExpression::markable_104012638::Uncertain=false|EmoExpression::markable_104012638::Intensity=medium case=nom|gender=neut|num=sg case=nom|Target::markable_34::Target=True|Sentiment::markable_33::Intensity=medium|*=True|pers=1|Sentiment::markable_33::Sentiment=True|num=pl|Target::markable_34::Anaphref=empty|Sentiment::markable_33::Sarcasm=false|Sentiment::markable_33::Polarity=positive|Target::markable_34::Preferred=true pers=1|Sentiment::markable_33::Sentiment=True|Target::markable_34::Target=True|num=pl|tense=pres|mood=ind case=acc|gender=masc|Target::markable_34::Target=True|num=sg|Sentiment::markable_33::Sentiment=True case=acc|Sentiment::markable_33::Sentiment=True|Target::markable_34::Target=True|num=sg|gender=masc|pos=True case=acc|gender=masc|Target::markable_34::Target=True|num=sg|Sentiment::markable_33::Sentiment=True Sentiment::markable_33::Sentiment=True|EmoExpression::markable_35::Intensity=medium|EmoExpression::markable_35::Sarcasm=false|EmoExpression::markable_35::SubjectiveFact=false|EmoExpression::markable_35::Uncertain=false|EmoExpression::markable_35::EmoExpression=True|EmoExpression::markable_35::Polarity=positive _
311903559451037696	positive	Der neue Papst wird gleich vorgestellt... Ich denke, er wird aus Mittel- Südamerika kommen... mal schauen%PosSmiley	die neu Papst werden gleich vorgestellt... ich denke, er werden aus Mittel- Südamerika kommen... mal schauen%PosSmiley	ART ADJA NN VAFIN ADJD ADJA PPER ADJD PPER VAFIN APPR TRUNC NE NE ADV NE	3/NK 3/NK 4/SB 0/-- 6/MO 4/OC 10/SB 10/PD 10/SB 0/-- 8/MO 14/NK 14/PNC 11/NK 16/MO 0/--	case=nom|gender=masc|num=sg case=nom|gender=masc|num=sg|pos=True case=nom|gender=masc|num=sg pers=3|num=sg|tense=pres|mood=ind pos=True _ case=nom|*=True|num=sg|pers=1 pers=1|num=sg|tense=pres|mood=ind case=nom|gender=masc|num=sg|pers=3 pers=3|num=sg|tense=pres|mood=ind _ _ case=dat|gender=neut|num=sg case=dat|gender=neut|num=sg _ EmoExpression::markable_36::EmoExpression=True|EmoExpression::markable_36::SubjectiveFact=false|EmoExpression::markable_36::Uncertain=false|EmoExpression::markable_36::Polarity=positive|EmoExpression::markable_36::Sarcasm=false|EmoExpression::markable_36::Intensity=medium
311923020463751168	positive	Auch im Büro verpassen wir den Papst nicht %PosSmiley MKBerlin	auch in Büro verpassen wir die Papst nicht %PosSmiley MKBerlin	ADV APPRART NN VVFIN PPER ART NN PTKNEG ITJ NN	2/MO 4/MO 2/NK 0/-- 4/SB 7/NK 4/OA 4/NG 10/NK 4/OA	_ case=dat|gender=neut|num=sg case=dat|gender=neut|num=sg pers=1|num=pl|tense=pres|mood=ind case=nom|*=True|num=pl|pers=1 case=acc|gender=masc|num=sg case=acc|gender=masc|num=sg _ case=acc|EmoExpression::markable_37::Uncertain=false|gender=masc|EmoExpression::markable_37::Sarcasm=false|pos=True|EmoExpression::markable_37::EmoExpression=True|num=sg|EmoExpression::markable_37::Intensity=medium|EmoExpression::markable_37::SubjectiveFact=false|EmoExpression::markable_37::Polarity=positive case=acc|gender=masc|num=sg
311912376763043841	positive	Und aus welchem Land kommt er nun? papst wer wagt eine Prognose? %PosSmiley ich tippe auf: Scherer ...	und aus welche Land kommen er nun? papst wer wagen eine Prognose? %PosSmiley ich tippen auf: Scherer ...	KON APPR PRELS NN VVFIN PPER ADV ADJA PWS VVFIN ART NN ITJ PPER VVFIN ADJA NN $.	5/JU 5/MO 4/NK 2/NK 0/-- 5/SB 5/MO 9/NK 10/SB 0/-- 12/NK 10/SB 12/NK 15/SB 0/-- 17/NK 15/OA 17/--	_ _ case=dat|gender=neut|num=sg case=dat|gender=neut|num=sg pers=3|num=sg|tense=pres|mood=ind case=nom|gender=masc|num=sg|pers=3 _ pers=3|num=sg|tense=pres|mood=ind case=nom|gender=masc|num=sg pers=3|num=sg|tense=pres|mood=ind case=nom|gender=fem|num=sg case=nom|gender=fem|num=sg case=nom|EmoExpression::markable_38::Sarcasm=false|EmoExpression::markable_38::EmoExpression=True|gender=fem|EmoExpression::markable_38::Uncertain=false|EmoExpression::markable_38::Intensity=medium|EmoExpression::markable_38::Polarity=positive|num=sg|EmoExpression::markable_38::SubjectiveFact=false case=nom|*=True|num=sg|pers=1 pers=1|num=sg|tense=pres|mood=ind case=nom|gender=neut|num=pl|pos=True case=nom|gender=neut|num=pl _
312122309030866945	positive	das stimmt. Wobei... der Papst schon eine andere Nummer ist als der google reader %PosSmiley	die stimmt. Wobei... die Papst schon eine andere Nummer sein als die google reader %PosSmiley	ART ADJA NN ART NN ADV ART PIAT NN VAFIN KOKOM ART NN ADJA ITJ	2/NK 0/-- 0/-- 5/NK 10/SB 10/MO 9/NK 9/NK 10/SB 0/-- 13/CM 13/NK 8/CC 15/NK 13/NK	case=nom|gender=neut|num=sg case=nom|gender=neut|num=sg|pos=True case=nom|gender=neut|num=sg case=nom|gender=masc|num=sg case=nom|gender=masc|num=sg _ case=acc|gender=fem|num=sg case=nom|gender=fem|num=sg case=nom|gender=fem|num=sg pers=3|num=sg|tense=pres|mood=ind _ case=nom|gender=masc|num=sg case=nom|gender=masc|num=sg case=nom|gender=masc|num=sg|pos=True case=nom|EmoExpression::markable_39::SubjectiveFact=false|EmoExpression::markable_39::EmoExpression=True|gender=masc|EmoExpression::markable_39::Polarity=positive|num=sg|EmoExpression::markable_39::Sarcasm=false|EmoExpression::markable_39::Uncertain=false|EmoExpression::markable_39::Intensity=medium
311974568514445312	positive	Ich werd den Papst nur noch Francis nennen und dabei an den Katerdetektiv denken %PosSmiley	ich werd die Papst nur noch Francis nennen und dabei an die Katerdetektiv denken %PosSmiley	PPER NE ART NN ADV ADV NE VVINF KON PAV APPR ART NN VVINF ITJ	2/SB 0/-- 4/NK 8/OA 8/MO 5/MO 8/OA 2/PAR 8/CD 14/NK 14/OP 13/NK 11/NK 9/CJ 2/NK	case=nom|*=True|num=sg|pers=1 pers=1|num=sg|tense=pres|mood=ind case=acc|gender=masc|num=sg case=acc|gender=masc|num=sg _ _ case=acc|gender=masc|num=sg _ _ _ _ case=acc|gender=masc|num=sg case=acc|gender=masc|num=sg pers=3|num=pl|tense=pres|mood=ind EmoExpression::markable_40::Sarcasm=false|EmoExpression::markable_40::EmoExpression=True|EmoExpression::markable_40::Uncertain=false|EmoExpression::markable_40::Intensity=medium|EmoExpression::markable_40::SubjectiveFact=false|EmoExpression::markable_40::Polarity=positive
312116256440467456	positive	Nein wir berichten nicht über den neuen Papst %PosSmiley Aber die heilligen Dance Hörer in diesem Lande sollten...	Nein wir berichten nicht über die neu Papst %PosSmiley aber die heilligen Dance Hörer in dies Land sollten...	NN PPER VVFIN PTKNEG APPR ART ADJA NN ITJ KON ART ADJA NE NN APPR PDAT NN ADJA	0/-- 3/SB 1/OC 3/NG 3/OP 8/NK 8/NK 5/NK 8/NK 3/CD 14/NK 14/NK 14/PNC 18/OA 14/MNR 17/NK 15/NK 10/CJ	case=nom|gender=masc|num=sg case=nom|*=True|num=pl|pers=1 case=acc|pers=3|*=True _ _ case=acc|gender=masc|num=sg case=acc|gender=masc|num=sg|pos=True case=acc|gender=masc|num=sg EmoExpression::markable_41::EmoExpression=True|EmoExpression::markable_41::Uncertain=false|EmoExpression::markable_41::Intensity=medium|EmoExpression::markable_41::SubjectiveFact=false|EmoExpression::markable_41::Polarity=positive|EmoExpression::markable_41::Sarcasm=false _ case=acc|gender=fem|num=pl case=acc|gender=fem|num=pl|pos=True case=nom|gender=fem|num=sg case=nom|gender=fem|num=sg _ case=dat|gender=neut|num=sg case=dat|gender=neut|num=sg case=gen|gender=neut|num=pl|pos=True
311931621613899776	positive	hey leute na wie geht es euch? es gibt wieder einen neuen papst %PosSmiley	Hey leute na wie gehen es euch? es geben wieder eine neu Papst %PosSmiley	NE ADJA ITJ KOKOM VVFIN PPER ADJA PPER VVFIN ADV ART ADJA NN ITJ	5/DA 1/UC 5/DM 5/CM 0/-- 5/EP 5/DA 9/EP 0/-- 9/MO 13/NK 13/NK 9/OA 13/NK	_ case=nom|*=True|num=pl _ _ pers=3|num=sg|tense=pres|mood=ind case=nom|gender=neut|num=sg|pers=3 case=acc|gender=masc|num=pl|pos=True case=nom|gender=neut|num=sg|pers=3 pers=3|num=sg|tense=pres|mood=ind _ case=acc|gender=masc|num=sg case=acc|gender=masc|num=sg|pos=True case=acc|gender=masc|num=sg EmoExpression::markable_42::Sarcasm=false|EmoExpression::markable_42::Uncertain=false|EmoExpression::markable_42::Polarity=positive|EmoExpression::markable_42::Intensity=medium|EmoExpression::markable_42::EmoExpression=True|EmoExpression::markable_42::SubjectiveFact=false
311906235903528960	positive	In Wasserburg läuten die katholischen Glocken. Jetzt ist die Nachricht analog getwittert. %PosSmiley Papst habemuspapam	in Wasserburg läuten die katholisch Glocken. jetzt sein die Nachricht analog getwittert. %PosSmiley Papst habemuspapam	APPR NN VVFIN ART ADJA NE ADV VAFIN ART NN ADJD NN ITJ NN NE	3/MO 1/NK 0/-- 6/NK 6/NK 3/SB 8/MO 0/-- 10/NK 8/SB 8/MO 8/PD 14/NK 0/-- 14/NK	Target::markable_45::Target=True|Sentiment::markable_43::Sentiment=True|Target::markable_45::Anaphref=empty|Target::markable_45::Preferred=true case=dat|gender=neut|Target::markable_45::Target=True|num=sg|Sentiment::markable_43::Sentiment=True pers=3|num=pl|tense=pres|mood=ind|Target::markable_45::Target=True|Sentiment::markable_43::Sentiment=True case=nom|gender=masc|Target::markable_45::Target=True|num=pl|Sentiment::markable_43::Sentiment=True case=nom|num=pl|gender=masc|Target::markable_45::Target=True|Sentiment::markable_43::Sentiment=True|pos=True case=nom|gender=masc|Target::markable_45::Target=True|num=pl|Sentiment::markable_43::Sentiment=True Target::markable_45::Target=True|Sentiment::markable_43::Sentiment=True pers=3|num=sg|tense=pres|mood=ind|Target::markable_45::Target=True|Sentiment::markable_43::Sentiment=True case=nom|gender=fem|Target::markable_45::Target=True|num=sg|Sentiment::markable_43::Sentiment=True case=nom|gender=fem|Target::markable_45::Target=True|num=sg|Sentiment::markable_43::Sentiment=True Target::markable_45::Target=True|Sentiment::markable_43::Sentiment=True|pos=True Sentiment::markable_43::Sentiment=True case=nom|EmoExpression::markable_46::EmoExpression=True|EmoExpression::markable_46::Uncertain=false|gender=masc|Sentiment::markable_43::Sentiment=True|EmoExpression::markable_46::SubjectiveFact=false|EmoExpression::markable_46::Polarity=positive|num=sg|EmoExpression::markable_46::Intensity=medium|EmoExpression::markable_46::Sarcasm=false case=nom|gender=masc|num=sg case=nom|gender=masc|num=sg
311922352701198338	mixed	Im Vatikan wird gerade per weissen Rauchenzeichen kommuniziert, dass ein neuer Pädophiler entdeckt wurde. Papst %PosSmiley	in Vatikan werden gerade per weiß Rauchenzeichen kommuniziert, dass eine neu Pädophiler entdecken wurde. Papst %PosSmiley	APPRART NN VAFIN ADV APPR ADJA NN TRUNC KOUS ART ADJA NN VVPP ADJA NN ITJ	13/MO 1/NK 0/-- 13/MO 13/MO 7/NK 5/NK 14/CJ 13/CP 12/NK 12/NK 13/SB 3/OC 13/MO 0/-- 15/NK	case=dat|gender=masc|num=sg|Sentiment::markable_47::Sentiment=True case=dat|gender=masc|num=sg|Sentiment::markable_47::Sentiment=True pers=3|num=sg|tense=pres|mood=ind|Sentiment::markable_47::Sentiment=True Sentiment::markable_47::Sentiment=True Sentiment::markable_47::Sentiment=True case=dat|gender=fem|num=pl|pos=True|Sentiment::markable_47::Sentiment=True case=dat|gender=fem|num=pl|Sentiment::markable_47::Sentiment=True Sentiment::markable_47::Sentiment=True Sentiment::markable_47::Sentiment=True case=nom|gender=masc|num=sg|Sentiment::markable_47::Sentiment=True case=nom|gender=masc|num=sg|pos=True|Sentiment::markable_47::Sentiment=True case=nom|EmoExpression::markable_51::Uncertain=false|gender=masc|EmoExpression::markable_51::EmoExpression=True|Sentiment::markable_47::Sentiment=True|EmoExpression::markable_51::SubjectiveFact=true|num=sg|EmoExpression::markable_51::Sarcasm=false|EmoExpression::markable_51::Polarity=negative|EmoExpression::markable_51::Intensity=medium Sentiment::markable_47::Sentiment=True case=nom|gender=masc|num=sg|pos=True|Sentiment::markable_47::Sentiment=True case=nom|num=sg|Target::markable_49::Target=True|gender=masc|Target::markable_49::Anaphref=empty|Target::markable_49::Preferred=true|Sentiment::markable_47::Sentiment=True case=nom|EmoExpression::markable_50::Intensity=medium|gender=masc|EmoExpression::markable_50::SubjectiveFact=false|EmoExpression::markable_50::Uncertain=false|EmoExpression::markable_50::EmoExpression=True|Sentiment::markable_47::Sentiment=True|num=sg|EmoExpression::markable_50::Polarity=positive|EmoExpression::markable_50::Sarcasm=false
311902524330344449	positive	Ein neuer Papst ist gewählt! Wir halten uns aus diesem Thema heraus %PosSmiley	eine neu Papst sein gewählt! wir halten wir aus dies Thema heraus %PosSmiley	ART ADJA NN VAFIN ADJD PPER VVFIN PPER APPR PDAT NN PTKVZ ITJ	3/NK 3/NK 4/SB 0/-- 4/PD 7/SB 0/-- 7/OA 7/MO 11/NK 9/NK 7/SVP 12/NK	case=nom|gender=masc|num=sg case=nom|gender=masc|num=sg|pos=True case=nom|gender=masc|num=sg pers=3|num=sg|tense=pres|mood=ind pos=True case=nom|*=True|num=pl|pers=1 pers=1|num=pl|tense=pres|mood=ind case=acc|*=True|num=pl|pers=1 _ case=dat|gender=neut|num=sg case=dat|gender=neut|num=sg _ EmoExpression::markable_52::EmoExpression=True|EmoExpression::markable_52::Uncertain=false|EmoExpression::markable_52::Intensity=medium|EmoExpression::markable_52::SubjectiveFact=false|EmoExpression::markable_52::Polarity=positive|EmoExpression::markable_52::Sarcasm=false
312084219847385089	negative	Wieder kein Moslem als Papst. %NegSmiley	wieder keine Moslem als Papst. %NegSmiley	ADV PIAT NN KOKOM NN ITJ	3/MO 3/NK 0/-- 3/CD 4/NK 0/NK	Sentiment::markable_53::Sentiment=True case=nom|Target::markable_55::Target=True|num=sg|Target::markable_55::Anaphref=empty|gender=masc|Sentiment::markable_53::Sentiment=True|Target::markable_55::Preferred=true case=nom|gender=masc|num=sg|Sentiment::markable_53::Sentiment=True|Target::markable_55::Target=True Target::markable_55::Target=True|Sentiment::markable_53::Sentiment=True case=nom|gender=masc|num=sg|Sentiment::markable_53::Sentiment=True EmoExpression::markable_56::SubjectiveFact=false|EmoExpression::markable_56::Intensity=medium|EmoExpression::markable_56::EmoExpression=True|EmoExpression::markable_56::Polarity=negative|Sentiment::markable_53::Sentiment=True|EmoExpression::markable_56::Uncertain=false|EmoExpression::markable_56::Sarcasm=false
311905048860966915	positive	Das sind doch eher veraltete Ansichten. Dann müsste ja der Papst mit blauem Rauch gemeldet werden. %PosSmiley	die sein doch eher veraltet Ansichten. dann müssen ja die Papst mit blau Rauch melden werden. %PosSmiley	PDS VAFIN ADV ADV ADJA NN ADV VMFIN ADV ART NN APPR ADJA NN VVPP NE ITJ	2/SB 0/-- 2/MO 5/MO 6/NK 2/PD 8/MO 0/-- 8/MO 11/NK 8/SB 11/MNR 14/NK 12/NK 8/OC 15/OA 0/NK	case=nom|gender=neut|num=sg pers=3|num=pl|tense=pres|mood=ind _ _ case=nom|gender=neut|num=sg|pos=True case=nom|gender=neut|num=sg _ pers=3|num=sg|tense=past|mood=ind _ case=nom|gender=masc|num=sg case=nom|gender=masc|num=sg _ case=dat|gender=masc|num=sg|pos=True case=dat|gender=masc|num=sg _ _ EmoExpression::markable_57::Uncertain=false|EmoExpression::markable_57::Intensity=medium|EmoExpression::markable_57::Sarcasm=false|EmoExpression::markable_57::SubjectiveFact=false|EmoExpression::markable_57::EmoExpression=True|EmoExpression::markable_57::Polarity=positive
311908081497944067	positive	Nur 'mal zwischendurch - auch wenn die Spannung steigt Papst - wer wird neuer Präsi bei 1860 ? %PosSmiley	nur 'mal zwischendurch - auch wenn die Spannung steigen Papst - wer werden neu Präsi bei @card@ ? %PosSmiley	ADV NN ADV $( ADV KOUS ART NN VVFIN NN $( PWS VAFIN ADJA NN APPR CARD $. ITJ	2/MO 9/SB 2/MNR 3/-- 9/MO 9/CP 8/NK 9/SB 0/-- 9/OA 10/-- 13/SB 10/PAR 15/NK 13/PD 9/MO 16/NK 17/-- 16/MO	_ case=acc|gender=neut|num=sg _ _ _ _ case=nom|gender=fem|num=sg case=nom|gender=fem|num=sg pers=3|num=sg|tense=pres|mood=ind case=acc|gender=fem|num=sg _ case=nom|gender=masc|num=sg pers=3|num=sg|tense=pres|mood=ind case=nom|gender=masc|num=sg|pos=True case=nom|gender=masc|num=sg _ _ _ EmoExpression::markable_58::Polarity=positive|EmoExpression::markable_58::Sarcasm=false|EmoExpression::markable_58::SubjectiveFact=false|EmoExpression::markable_58::Uncertain=false|EmoExpression::markable_58::Intensity=medium|EmoExpression::markable_58::EmoExpression=True
312088942738567168	positive	Guten Morgen! Die Welt ist geretten, weil es ist ein Argentinier %PosSmiley MOIN PAPST	gut Morgen! die Welt sein geretten, weil es sein eine Argentinier %PosSmiley Moin Papst	ADJA NN ART NN VAFIN ADV KOUS PPER VAFIN ART NN ITJ NE NN	2/NK 0/-- 4/NK 5/SB 0/-- 5/MO 9/CP 9/SB 5/MO 11/NK 9/PD 13/NK 11/NK 9/PD	case=acc|EmoExpression::markable_60::Intensity=medium|EmoExpression::markable_60::SubjectiveFact=false|gender=masc|pos=True|EmoExpression::markable_60::Uncertain=false|EmoExpression::markable_60::Polarity=positive|num=sg|EmoExpression::markable_60::EmoExpression=True|EmoExpression::markable_60::Sarcasm=false case=acc|gender=masc|num=sg case=nom|gender=fem|num=sg case=nom|gender=fem|num=sg pers=3|num=sg|tense=pres|mood=ind _ _ case=nom|gender=neut|num=sg|pers=3 pers=3|num=sg|tense=pres|mood=ind case=nom|gender=masc|num=sg case=nom|gender=masc|num=sg EmoExpression::markable_59::Polarity=positive|EmoExpression::markable_59::Intensity=medium|EmoExpression::markable_59::SubjectiveFact=false|EmoExpression::markable_59::EmoExpression=True|EmoExpression::markable_59::Sarcasm=false|EmoExpression::markable_59::Uncertain=false case=nom|gender=masc|num=sg case=nom|gender=masc|num=sg
311928831453847552	positive	Der ist ja putzig! %PosSmiley Der neue Papst.	die sein ja putzig! %PosSmiley die neu Papst.	PDS VAFIN ADV ADJA ITJ ART ADJA NN	2/SB 0/-- 4/MO 2/PD 4/NK 8/NK 8/NK 0/--	case=nom|Sentiment::markable_61::Sentiment=True|num=sg|Target::markable_63::Target=True|gender=masc|Target::markable_63::Anaphref=markable_65|Target::markable_63::Preferred=true pers=3|Sentiment::markable_61::Sentiment=True|num=sg|tense=pres|mood=ind Sentiment::markable_61::Sentiment=True gender=fem|Sentiment::markable_61::Sentiment=True|*=True|num=sg|pos=True Sentiment::markable_61::Sentiment=True|EmoExpression::markable_66::EmoExpression=True|gender=fem|*=True|num=sg|EmoExpression::markable_66::Polarity=positive|EmoExpression::markable_66::Uncertain=false|EmoExpression::markable_66::Intensity=medium|EmoExpression::markable_66::Sarcasm=false|EmoExpression::markable_66::SubjectiveFact=false case=nom|Target::markable_65::Anaphref=empty|Sentiment::markable_61::Sentiment=True|num=sg|Target::markable_65::Preferred=true|gender=masc|Target::markable_65::Target=True case=nom|Sentiment::markable_61::Sentiment=True|num=sg|gender=masc|Target::markable_65::Target=True|pos=True case=nom|gender=masc|Sentiment::markable_61::Sentiment=True|num=sg
312119689000148992	neutral	... der Papst promovierte dort, wo Kardinal Lehmann kurz zuvor noch lehrte: in Freiburg!	... die Papst promovieren dort, wo Kardinal Lehmann kurz zuvor noch lehrte: in Freiburg!	$. ART NN VVFIN NE PWAV NN NE ADJD ADV ADV VVFIN APPR ADJA	0/-- 3/NK 4/SB 0/-- 4/SB 12/MO 12/SB 7/NK 10/MO 12/MO 12/MO 4/RC 12/MO 13/NK	_ case=nom|gender=masc|num=sg case=nom|gender=masc|num=sg pers=3|num=sg|tense=past|mood=ind case=acc|*=True|num=sg _ case=acc|gender=neut|num=sg case=nom|*=True|num=sg pos=True _ _ pers=3|num=sg|tense=past|mood=ind _ *=True|pos=True
311935213393547264	positive	Glücklich sieht anders aus. Der fängt bestimmt heute Abend an zu twittern. papst	glücklich sehen anders aus. die fangen bestimmt heute Abend an zu twittern. papst	ADJD VVFIN ADV ADJD PDS VVFIN ADV ADV NN APZR APPR NE ADJA	2/MO 0/-- 4/MO 2/MO 6/SB 0/-- 6/MO 6/MO 6/OA 6/SVP 13/MO 11/NK 6/MO	EmoExpression::markable_67::Intensity=medium|EmoExpression::markable_67::Polarity=positive|EmoExpression::markable_67::Uncertain=false|EmoExpression::markable_67::Sarcasm=false|EmoExpression::markable_67::SubjectiveFact=false|EmoExpression::markable_67::EmoExpression=True|pos=True pers=3|num=sg|tense=pres|mood=ind _ pos=True case=nom|gender=masc|num=sg pers=3|num=sg|tense=pres|mood=ind _ _ case=acc|gender=masc|num=sg _ _ case=dat|*=True|num=sg _
311914216070213633	negative	wah wah wah... neuer papst, interessiert mich null.!	wah wah wah... neu papst, interessieren ich null.!	NE NE ADJA ADJA NE VVFIN PRF ADJA	0/-- 1/UC 1/UC 5/NK 6/SB 0/-- 6/OA 6/MO	_ _ _ case=nom|Target::markable_69::Target=True|gender=masc|Target::markable_69::Anaphref=empty|pos=True|Target::markable_69::Preferred=true|Sentiment::markable_68::Sentiment=True|num=sg|Sentiment::markable_68::Intensity=medium|Sentiment::markable_68::Sarcasm=false|Sentiment::markable_68::Polarity=negative case=nom|gender=masc|num=sg|Sentiment::markable_68::Sentiment=True EmoExpression::markable_70::SubjectiveFact=false|EmoExpression::markable_70::EmoExpression=True|mood=ind|EmoExpression::markable_70::Polarity=positive|EmoExpression::markable_70::Sarcasm=false|pers=3|Sentiment::markable_68::Sentiment=True|num=sg|tense=pres|EmoExpression::markable_70::Intensity=medium|EmoExpression::markable_70::Uncertain=false case=acc|pers=1|num=sg|Sentiment::markable_68::Sentiment=True|*=True|Source::markable_71::Anaphref=empty|Source::markable_71::Source=True _
311916198017249280	positive	Zur Feier des Tages, eine Mohammed Karikatur: %Link papst	zu Feier die Tages, eine Mohammed Karikatur: %Link papst	APPRART NN ART NN ART NE ADJA XY ADJA	9/MO 1/NK 4/NK 2/AG 6/NK 7/OA 4/AG 0/-- 0/--	case=dat|gender=fem|num=sg case=dat|EmoExpression::markable_73::EmoExpression=True|EmoExpression::markable_73::Uncertain=false|gender=fem|EmoExpression::markable_73::SubjectiveFact=false|EmoExpression::markable_73::Polarity=positive|num=sg|EmoExpression::markable_73::Intensity=medium|EmoExpression::markable_73::Sarcasm=false case=gen|gender=neut|num=sg case=gen|gender=neut|num=sg case=acc|gender=fem|num=sg case=acc|gender=fem|num=sg case=acc|gender=fem|num=sg|pos=True case=acc|gender=fem|num=sg case=acc|gender=fem|num=sg|pos=True
311926498695188482	neutral	Auf allen Sendern läuft die Papstwahl. Auf BibelTV läuft ein amerikanischer Gospel. Finde den Fehler. Papst habemus ...	auf alle Sender laufen die Papstwahl. auf BibelTV laufen eine amerikanisch Gospel. finden die Fehler. Papst habemus ...	APPR PIAT NN VVFIN ART NN APPR NE VVFIN ART ADJA NN VVFIN ART NE NN NN $.	4/MO 3/NK 1/NK 0/-- 6/NK 4/OA 9/MO 7/NK 0/-- 12/NK 12/NK 9/SB 0/-- 15/NK 13/OA 0/-- 16/NK 17/--	_ case=dat|gender=masc|num=pl case=dat|gender=masc|num=pl pers=3|num=sg|tense=pres|mood=ind case=acc|gender=fem|num=sg case=acc|gender=fem|num=sg _ case=dat|gender=neut|num=sg pers=3|num=sg|tense=pres|mood=ind case=nom|gender=masc|num=sg case=nom|gender=masc|num=sg|pos=True case=nom|gender=masc|num=sg pers=3|num=sg|tense=pres|mood=subj case=acc|gender=masc|num=sg case=acc|gender=masc|num=sg case=nom|gender=masc|num=sg case=nom|gender=masc|num=sg _
311942851296636928	neutral	Papst Franziskus hat in Deutschland promoviert. Ist %Link noch frei?	Papst Franziskus haben in Deutschland promoviert. sein %Link noch frei?	NN NE VAFIN APPR NE NE VAFIN XY ADV ADJA	3/SB 1/NK 0/-- 3/MO 4/NK 3/OA 0/-- 7/SB 10/MO 7/PD	case=nom|gender=masc|num=sg case=nom|gender=masc|num=sg pers=3|num=sg|tense=pres|mood=ind _ case=dat|gender=neut|num=sg pos=True pers=3|num=sg|tense=pres|mood=ind case=nom|gender=fem|num=sg _ case=nom|gender=fem|num=sg|pos=True
311914607340036097	neutral	Da... marschieren Uniformierte zu Marschmusik mit... Knarren! Und alle Kapellen spielen durcheinander. Sind die irr ...	Da... marschieren Uniformierte zu Marschmusik mit... Knarren! und alle Kapelle spielen durcheinander. sein die irren ...	NE VVFIN NN APPR NN ADJA NN KON PIAT NN VVFIN NE VAFIN ART VVIMP $.	0/-- 6/MO 2/SB 6/MO 4/NK 0/-- 0/-- 11/JU 10/NK 11/SB 0/-- 11/OA 0/-- 13/SB 13/OC 15/--	case=nom|gender=neut|num=sg pers=3|num=pl|tense=pres|mood=ind case=nom|*=True|num=pl _ case=dat|gender=fem|num=sg case=dat|gender=fem|num=sg|pos=True case=nom|gender=neut|num=sg _ case=nom|gender=fem|num=pl case=nom|gender=fem|num=pl pers=3|num=pl|tense=pres|mood=ind _ pers=3|num=pl|tense=pres|mood=ind case=nom|*=True|num=pl case=nom|*=True|num=pl _
311984810878971905	neutral	Papst-Begeisterung in Rom: Polonäse über den Petersplatz: "Viva, viva il Papa Francesco!" Tausende Gläubige be...	Papst-Begeisterung in Rom: Polonäse über die Petersplatz: "Viva, Viva il Papa Francesco!" Tausend gläubig be...	NN APPR NE NN APPR ART NN NE NE NE NN ADJA NN ADJA ADJA	0/-- 1/MNR 4/AG 2/NK 4/MNR 7/NK 5/NK 10/PNC 10/PNC 7/NK 12/OA 4/APP 0/-- 13/NK 13/NK	case=nom|gender=fem|num=sg _ case=gen|*=True|num=sg case=dat|gender=fem|num=sg _ case=acc|gender=masc|num=sg case=acc|gender=masc|num=sg case=nom|gender=masc|num=sg case=nom|gender=masc|num=sg case=nom|gender=masc|num=sg case=nom|gender=masc|num=sg case=gen|gender=fem|num=sg|pos=True case=nom|gender=fem|num=sg case=nom|gender=fem|num=sg|pos=True case=nom|gender=fem|num=sg|pos=True
311909570316468224	neutral	Stelle mir gerade vor, wie der neu gewählte Papst gerade die Kardinäle abklatscht und andauernd:"Fuck, ist das kras ...	Stelle ich gerade vor, wie die neu gewählt Papst gerade die Kardinal abklatschen und andauernd:"Fuck, sein die kras ...	NN PRF ADV NE KOKOM ART ADJD ADJA NN ADV ART NN VVFIN KON NE VAFIN ART NN $.	13/SB 13/DA 4/MO 13/DA 13/MO 9/NK 8/MO 9/NK 13/SB 13/MO 12/NK 13/OA 0/-- 13/CD 16/SB 14/CJ 18/NK 16/PD 18/--	case=nom|gender=fem|num=sg case=dat|*=True|num=sg|pers=1 _ _ _ case=nom|gender=masc|num=sg pos=True case=nom|gender=masc|num=sg|pos=True case=nom|gender=masc|num=sg _ case=acc|gender=fem|num=sg case=acc|gender=fem|num=sg pers=3|num=sg|tense=pres|mood=ind _ case=dat|*=True|num=sg pers=3|num=sg|tense=pres|mood=ind case=nom|gender=neut|num=sg case=nom|gender=neut|num=sg _
311921072125652993	negative	Woher weiss das Konklave nur immer so gut, welchen Papst dieser ominöse Gott gerade will? Und warum müssen die trotzdem so oft wählen?	woher wissen die Konklave nur immer so gut, welche Papst dies ominös Gott gerade will? und warum müssen die trotzdem so oft wählen?	PWAV VVFIN ART NN ADV ADV ADV ADJD PIAT NN PDAT ADJA NN ADV VVFIN KON PWAV VMFIN ART PAV ADV ADV ADJA	2/MO 0/-- 4/NK 2/SB 6/MO 2/MO 8/MO 2/MO 10/NK 2/OA 13/NK 13/NK 10/AG 15/MO 2/OC 18/JU 18/MO 0/-- 18/SB 19/NK 22/MO 18/MO 18/MO	_ pers=3|num=sg|tense=pres|mood=ind case=nom|gender=neut|num=sg case=nom|gender=neut|num=sg _ _ _ pos=True case=acc|gender=masc|num=sg case=acc|gender=masc|num=sg case=gen|Target::markable_76::Preferred=true|gender=fem|Sentiment::markable_75::Sentiment=True|Sentiment::markable_75::Sarcasm=false|Sentiment::markable_75::Intensity=medium|Target::markable_76::Target=True|num=sg|Target::markable_76::Anaphref=empty|Sentiment::markable_75::Polarity=negative case=nom|EmoExpression::markable_77::Uncertain=false|gender=neut|Sentiment::markable_75::Sentiment=True|pos=True|EmoExpression::markable_77::EmoExpression=True|Target::markable_76::Target=True|num=sg|EmoExpression::markable_77::Sarcasm=false|EmoExpression::markable_77::Polarity=negative|EmoExpression::markable_77::SubjectiveFact=false|EmoExpression::markable_77::Intensity=medium case=nom|gender=neut|num=sg|Sentiment::markable_75::Sentiment=True|Target::markable_76::Target=True _ pers=3|num=sg|tense=past|mood=ind _ _ pers=3|num=pl|tense=pres|mood=ind case=nom|gender=masc|num=pl _ _ _ _
312108178609422337	neutral	Neuer Mann und immer noch: der Papst hats Speckbsteck zspät bstellt. Lernen die das nicht? Papst	neu Mann und immer noch: die Papst hats Speckbsteck zspät bstellt. Lernen die die nicht? Papst	ADJA NN KON ADV VVFIN ART NN NN NN VVFIN NE NN ART ART ADJA NN	2/NK 10/SB 2/CD 5/MO 3/CJ 7/NK 5/SB 5/MO 8/NK 0/-- 10/OA 0/-- 12/SB 15/NK 12/PD 0/--	case=nom|gender=masc|num=sg|pos=True case=nom|gender=masc|num=sg _ _ pers=3|num=sg|tense=past|mood=ind case=nom|gender=masc|num=sg case=nom|gender=masc|num=sg *=True case=nom|gender=masc|num=sg pers=3|num=sg|tense=pres|mood=ind *=True case=nom|gender=fem|num=pl case=nom|gender=fem|num=pl case=acc|gender=neut|num=sg case=acc|gender=neut|num=sg|pos=True case=nom|gender=masc|num=sg
311922659724259328	positive	Ich habe es auch toll gefunden, dass er erst an den ehemaligen Papst Benedikt gedacht und für ihn gebetet hat! papst ...	ich haben es auch toll gefunden, dass er erst an die ehemalig Papst Benedikt denken|gedenken und für er beten hat! Papst ...	PPER VAFIN PPER ADV ADJD ADJA KOUS PPER ADV APPR ART ADJA NN NE VVPP KON APPR PPER VVPP ADJA NN $.	2/SB 0/-- 15/OA 6/MO 6/MO 15/OA 15/CP 15/SB 10/MO 15/MO 13/NK 13/NK 10/NK 13/NK 2/OC 15/CD 19/MO 17/NK 16/CJ 19/MO 0/-- 21/--	case=nom|pers=1|num=sg|Source::markable_80::Source=True|Source::markable_80::Anaphref=markable_79|*=True|Sentiment::markable_78::Sentiment=True pers=1|Sentiment::markable_78::Sentiment=True|num=sg|tense=pres|mood=ind case=acc|gender=neut|num=sg|Sentiment::markable_78::Sentiment=True|pers=3 Sentiment::markable_78::Sentiment=True EmoExpression::markable_81::SubjectiveFact=false|EmoExpression::markable_81::Intensity=strong|pos=True|EmoExpression::markable_81::Uncertain=false|Sentiment::markable_78::Sentiment=True|EmoExpression::markable_81::EmoExpression=True|EmoExpression::markable_81::Polarity=positive|EmoExpression::markable_81::Sarcasm=false case=gen|gender=masc|num=pl|pos=True|Sentiment::markable_78::Sentiment=True Sentiment::markable_78::Sentiment=True case=nom|Sentiment::markable_78::Sentiment=True|gender=masc|Target::markable_82::Preferred=true|pers=3|Target::markable_82::Target=True|num=sg|Target::markable_82::Anaphref=empty Sentiment::markable_78::Sentiment=True|Target::markable_82::Target=True Sentiment::markable_78::Sentiment=True|Target::markable_82::Target=True case=acc|gender=masc|num=sg|Target::markable_82::Target=True|Sentiment::markable_78::Sentiment=True case=acc|Sentiment::markable_78::Sentiment=True|num=sg|Target::markable_82::Target=True|gender=masc|pos=True case=acc|gender=masc|num=sg|Target::markable_82::Target=True|Sentiment::markable_78::Sentiment=True case=acc|gender=masc|num=sg|Target::markable_82::Target=True|Sentiment::markable_78::Sentiment=True Sentiment::markable_78::Sentiment=True|Target::markable_82::Target=True Sentiment::markable_78::Sentiment=True|Target::markable_82::Target=True Sentiment::markable_78::Sentiment=True|Target::markable_82::Target=True case=acc|pers=3|num=sg|Target::markable_82::Target=True|gender=masc|Sentiment::markable_78::Sentiment=True Sentiment::markable_78::Sentiment=True|Target::markable_82::Target=True case=dat|gender=neut|num=pl|pos=True|Sentiment::markable_78::Sentiment=True _ _
312106776508125184	neutral	Der %User ist nicht der Papst, doch beichten kann er auch: %User hat ihn sich bei will angesehen: ...	die %User sein nicht die Papst, doch beichten können er auch: %User haben er sich bei wollen angesehen: ...	ART NE VAFIN PTKNEG ART NE ADV VVINF VMFIN PPER ADJA NE VAFIN PPER PRF APPR VMFIN VVPP $.	2/NK 3/SB 0/-- 3/NG 6/NK 9/SB 9/MO 9/OC 3/CJ 9/SB 12/NK 13/SB 9/CJ 13/SB 18/OA 18/MO 18/PAR 13/OC 18/--	case=nom|gender=masc|num=sg case=nom|gender=masc|num=sg pers=3|num=sg|tense=pres|mood=ind _ case=nom|gender=masc|num=sg case=nom|gender=masc|num=sg _ _ pers=3|num=sg|tense=pres|mood=ind case=nom|gender=masc|num=sg|pers=3 case=acc|gender=neut|num=pl|pos=True case=acc|gender=neut|num=pl pers=3|num=sg|tense=pres|mood=ind case=acc|gender=masc|num=sg|pers=3 case=acc|pers=3|num=sg _ pers=3|num=sg|tense=pres|mood=ind _ _
312095175646273536	negative	Einige Linke empören sich schon über den neuen Papst. Aber was haben die denn erwartet? Kommentar von Deniz Yücel: ...	einige Linke empören sich schon über die neu Papst. aber was haben die denn erwartet? Kommentar von Deniz Yücel: ...	PIAT NN VVFIN PRF ADV APPR ART ADJA NN KON PIS VAFIN ART ADV ADJA NN APPR NE NE $.	2/NK 3/SB 0/-- 3/OA 3/MO 3/OP 9/NK 9/NK 6/NK 12/JU 12/OA 0/-- 12/SB 15/MO 12/RS 0/-- 16/PG 19/PNC 17/NK 19/--	case=nom|Sentiment::markable_83::Sarcasm=false|Source::markable_84::Anaphref=empty|Source::markable_84::Source=True|Sentiment::markable_83::Intensity=medium|*=True|num=pl|Sentiment::markable_83::Polarity=negative|Sentiment::markable_83::Sentiment=True case=nom|*=True|num=pl|Sentiment::markable_83::Sentiment=True|Source::markable_84::Source=True EmoExpression::markable_85::EmoExpression=True|mood=ind|pers=3|EmoExpression::markable_85::Uncertain=false|num=pl|tense=pres|EmoExpression::markable_85::Intensity=medium|EmoExpression::markable_85::Polarity=negative|EmoExpression::markable_85::Sarcasm=false|Sentiment::markable_83::Sentiment=True|EmoExpression::markable_85::SubjectiveFact=false case=acc|pers=3|num=pl|EmoExpression::markable_85::EmoExpression=True|Sentiment::markable_83::Sentiment=True Sentiment::markable_83::Sentiment=True Sentiment::markable_83::Sentiment=True case=acc|num=sg|Target::markable_86::Target=True|gender=masc|Target::markable_86::Preferred=true|Target::markable_86::Anaphref=empty|Sentiment::markable_83::Sentiment=True case=acc|num=sg|Target::markable_86::Target=True|gender=masc|pos=True|Sentiment::markable_83::Sentiment=True case=acc|gender=masc|num=sg _ case=acc|gender=neut|num=sg pers=3|num=pl|tense=pres|mood=ind case=nom|gender=fem|num=pl _ case=nom|gender=fem|num=pl|pos=True case=nom|gender=masc|num=sg _ case=nom|gender=masc|num=sg case=dat|gender=masc|num=sg _
311915887525494784	neutral	Exklusiv Meldung aus Vatikan: Papst kommt nicht raus, schaut noch 98 Komma 8 Stunden wach via Livestream 988stundenwach	exklusiv Meldung aus Vatikan: Papst kommen nicht raus, schauen noch 98 Komma 8 Stunde|Stunden wach via Livestream 988stundenwach	ADJD NN APPR ADJA NN VVFIN PTKNEG NE VVFIN ADV CARD NN CARD NN ADJD APPR NN ADJD	6/MO 6/SB 2/MNR 5/NK 3/NK 0/-- 6/NG 9/SB 6/CJ 11/MO 9/MO 9/MO 14/NK 9/OA 9/MO 9/MO 16/NK 9/MO	pos=True case=nom|gender=fem|num=sg _ case=nom|gender=masc|num=sg|pos=True case=nom|gender=masc|num=sg pers=3|num=sg|tense=pres|mood=ind _ case=nom|*=True|num=sg pers=3|num=sg|tense=pres|mood=ind _ _ case=dat|*=True|num=sg|pers=1 _ case=acc|gender=fem|num=pl pos=True _ case=dat|gender=neut|num=sg pos=True
311941711272226816	negative	"Guten Abend!" (Böser Verdacht: Neuer Papst ein Mainzelmännchen? )	"Guten Abend!" (Böser Verdacht: neu Papst eine Mainzelmännchen? )	NN ADJA NN ADJA ADJA NN ART NN $(	0/-- 1/NK 0/-- 6/NK 6/NK 3/NK 8/NK 3/PD 0/--	gender=masc|*=True|num=sg EmoExpression::markable_88::EmoExpression=True|gender=masc|*=True|num=sg|EmoExpression::markable_88::Polarity=negative|EmoExpression::markable_88::Uncertain=false|EmoExpression::markable_88::Intensity=medium|EmoExpression::markable_88::Sarcasm=false|EmoExpression::markable_88::SubjectiveFact=false case=nom|EmoExpression::markable_87::Polarity=negative|gender=masc|EmoExpression::markable_87::EmoExpression=True|EmoExpression::markable_87::Intensity=medium|num=sg|EmoExpression::markable_87::Sarcasm=false|EmoExpression::markable_87::SubjectiveFact=false|EmoExpression::markable_87::Uncertain=false case=nom|gender=masc|num=sg|pos=True case=nom|gender=masc|num=sg|pos=True case=nom|gender=masc|num=sg case=nom|gender=masc|num=sg case=nom|gender=masc|num=sg _
311921423813844992	positive	Und er nimmt Bezug auf den alten Papst. Sehr sympathisch!	und er nehmen Bezug auf die alt Papst. sehr sympathisch!	KON PPER VVFIN NN APPR ART ADJA NN ADV ADJA	3/JU 3/SB 0/-- 3/OA 3/MO 8/NK 8/NK 5/NK 10/MO 0/--	Sentiment::markable_90::Polarity=positive|Sentiment::markable_90::Sarcasm=false|Sentiment::markable_90::Intensity=strong|Sentiment::markable_90::Sentiment=True case=nom|gender=masc|Target::markable_91::Preferred=true|pers=3|Target::markable_91::Target=True|num=sg|Target::markable_91::Anaphref=empty|Sentiment::markable_90::Sentiment=True pers=3|Target::markable_91::Target=True|num=sg|tense=pres|mood=ind|Sentiment::markable_90::Sentiment=True case=acc|gender=masc|num=sg|Sentiment::markable_90::Sentiment=True|Target::markable_91::Target=True Target::markable_91::Target=True|Sentiment::markable_90::Sentiment=True case=acc|gender=masc|num=sg|Sentiment::markable_90::Sentiment=True|Target::markable_91::Target=True case=acc|Target::markable_91::Target=True|num=sg|gender=masc|pos=True|Sentiment::markable_90::Sentiment=True case=acc|gender=masc|num=sg|Sentiment::markable_90::Sentiment=True Intensifier::markable_93::Degree=medium|Intensifier::markable_93::EmoExpressionRef=emo-expression:markable_92|Sentiment::markable_90::Sentiment=True|Intensifier::markable_93::Intensifier=True Sentiment::markable_90::Sentiment=True
311922451468668929	positive	Feuerwerk und Konfettiregen wären jetzt cool. Und dazu fetzige Musik von den Village People. %Link papst	Feuerwerk und Konfettiregen sein jetzt cool. und dazu fetzige Musik von die Village People. %Link papst	NN KON NN VAFIN ADV ADJA KON PAV ADJA NN APPR ART NN NN XY ADJA	4/SB 1/CD 2/CJ 0/-- 4/MO 4/MO 14/JU 10/NK 10/NK 14/MO 14/PG 13/NK 11/NK 0/-- 14/NK 0/--	case=nom|Target::markable_95::Target=True|gender=neut|Target::markable_95::Preferred=true|Sentiment::markable_94::Polarity=positive|num=sg|Sentiment::markable_94::Sarcasm=false|Sentiment::markable_94::Intensity=medium|Sentiment::markable_94::Sentiment=True|Target::markable_95::Anaphref=empty Sentiment::markable_94::Sentiment=True case=dat|Target::markable_96::Anaphref=empty|num=pl|Target::markable_96::Preferred=true|gender=masc|Sentiment::markable_94::Sentiment=True|Target::markable_96::Target=True pers=3|Sentiment::markable_94::Sentiment=True|num=pl|tense=past|mood=subj Sentiment::markable_94::Sentiment=True case=gen|gender=masc|Sentiment::markable_94::Sentiment=True|num=pl|comp=True _ _ case=acc|gender=fem|num=sg|pos=True case=acc|gender=fem|num=sg _ case=dat|gender=masc|num=pl case=dat|gender=masc|num=pl case=nom|gender=masc|num=sg case=nom|gender=masc|num=sg _
311919085619388416	negative	Na toll. Da hat man den Tweet seines Lebens vorbereitet und dann ist der neue Papst kein hinkender Peruaner, dessen Name auf olov endet.	na toll. da haben man die Tweet sein Leben vorbereiten und dann sein die neu Papst keine hinkend Peruaner, die Name auf olov endet.	ITJ ADJA ADV VAFIN PIS ART NN PPOSAT NN VVPP KON ADV VAFIN ART ADJA NN PIAT ADJA NN PDAT NN APPR NE NE	2/NK 0/-- 10/MO 0/-- 4/SB 7/NK 10/OA 9/NK 7/AG 4/OC 4/CD 13/MO 11/CJ 16/NK 16/NK 13/SB 19/NK 19/NK 13/PD 21/NK 19/AG 19/MNR 24/PNC 22/NK	EmoExpression::markable_104012639::EmoExpression=True|EmoExpression::markable_104012639::Intensity=medium|EmoExpression::markable_104012639::Uncertain=false|EmoExpression::markable_104012639::SubjectiveFact=false|EmoExpression::markable_104012639::Polarity=negative|EmoExpression::markable_104012639::Sarcasm=false _ _ pers=3|num=sg|tense=pres|mood=ind case=nom|*=True|num=sg case=acc|gender=masc|num=sg case=acc|gender=masc|num=sg case=gen|gender=neut|num=sg case=gen|gender=neut|num=sg _ _ _ pers=3|num=sg|tense=pres|mood=ind case=nom|gender=masc|num=sg case=nom|gender=masc|num=sg|pos=True case=nom|gender=masc|num=sg case=nom|gender=masc|num=sg case=nom|gender=masc|num=sg|pos=True case=nom|gender=masc|num=sg case=gen|gender=masc|num=sg case=nom|gender=masc|num=sg _ case=acc|*=True|num=sg _
311922928562364417	neutral	Der Papst segnet alle Menschen und Frauen, weil wir sind dann genau was?!	die Papst segnen alle Mensch und Frauen, weil wir sein dann genau was?!	ART NN VVFIN PIAT NN KON NN KOUS PPER VAFIN ADV ADJD ADJA	2/NK 3/SB 0/-- 5/NK 3/OA 5/CD 6/CJ 10/CP 10/SB 3/MO 10/MO 13/MO 10/MO	case=nom|gender=masc|num=sg case=nom|gender=masc|num=sg pers=3|num=sg|tense=pres|mood=ind case=acc|gender=masc|num=pl case=acc|gender=masc|num=pl _ case=dat|gender=masc|num=sg _ case=nom|*=True|num=pl|pers=1 pers=1|num=pl|tense=pres|mood=ind _ pos=True pos=True
311955046264868864	positive	Reaktionen auf neuen Papst: "Ein Zeichen der Stärke Lateinamerikas": Glückwünsche aus aller Welt erreichen Fra...	Reaktion auf neu Papst: "Ein Zeichen die Stärke Lateinamerikas": Glückwunsch aus alle Welt erreichen Fra...	NN APPR ADJA NN NN NN ART NN ADJA NN APPR PIAT NN VVFIN NE	14/SB 1/OP 4/NK 2/NK 4/NK 1/PD 8/NK 6/AG 10/NK 8/AG 8/MNR 13/NK 11/NK 0/-- 14/OA	case=nom|gender=fem|num=pl _ case=acc|gender=masc|num=sg|pos=True case=acc|gender=masc|num=sg case=acc|gender=masc|num=sg case=nom|gender=neut|num=sg case=gen|gender=fem|num=sg case=gen|EmoExpression::markable_99::Sarcasm=false|EmoExpression::markable_99::SubjectiveFact=false|gender=fem|EmoExpression::markable_99::Intensity=medium|num=sg|EmoExpression::markable_99::Polarity=positive|EmoExpression::markable_99::EmoExpression=True|EmoExpression::markable_99::Uncertain=false case=gen|gender=fem|num=sg|pos=True case=gen|EmoExpression::markable_100::EmoExpression=True|EmoExpression::markable_100::SubjectiveFact=false|gender=fem|EmoExpression::markable_100::Sarcasm=false|EmoExpression::markable_100::Uncertain=false|EmoExpression::markable_100::Polarity=positive|num=sg|EmoExpression::markable_100::Intensity=medium _ case=dat|gender=fem|num=sg case=dat|gender=fem|num=sg _ case=nom|*=True|num=sg
311918392238030850	positive	Für die alle die es wissen wollen der Papst kommt aus Argentinien D:	für die alle die es wissen wollen die Papst kommen aus Argentinien D:	APPR ART PIAT PRELS PPER VVINF VMFIN ART NN VVFIN APPR NE NE	4/MO 3/NK 1/NK 7/SB 6/OA 7/OC 0/-- 9/NK 10/DA 7/OC 10/MO 13/PNC 11/NK	_ case=acc|gender=fem|num=sg case=nom|*=True|num=pl case=nom|*=True|num=pl case=acc|gender=neut|num=sg|pers=3 _ pers=3|num=pl|tense=pres|mood=ind case=dat|gender=fem|num=sg case=dat|gender=fem|num=sg pers=3|num=sg|tense=pres|mood=ind _ case=dat|gender=neut|num=sg case=dat|EmoExpression::markable_98::Intensity=medium|gender=neut|EmoExpression::markable_98::EmoExpression=True|EmoExpression::markable_98::Uncertain=false|num=sg|EmoExpression::markable_98::Polarity=positive|EmoExpression::markable_98::Sarcasm=false|EmoExpression::markable_98::SubjectiveFact=false
311940174688960513	negative	Solange nicht jemand mit evangelischen Glauben Papst wird interessiert es mich nicht, denn so wird sich bei den Katholiken eh nichts ändern!	solange nicht jemand mit evangelisch Glaube Papst werden interessiert es ich nicht, denn so werden sich bei die Katholik eh nichts ändern!	KOUS PTKNEG PIS APPR ADJA NN NN VAFIN ADJD PPER PRF ADJD KON ADV VAFIN PRF APPR ART NN ADV PIAT ADJA	8/CP 3/NG 8/SB 3/MNR 6/NK 4/NK 6/NK 0/-- 8/MO 8/EP 12/DA 8/PD 8/CD 20/MO 13/CJ 20/OA 20/MO 19/NK 17/NK 21/MO 15/SB 21/MO	Sentiment::markable_101::Polarity=negative|Sentiment::markable_101::Sarcasm=false|Sentiment::markable_101::Sentiment=True|Sentiment::markable_101::Intensity=medium Sentiment::markable_101::Sentiment=True case=nom|gender=masc|num=sg|Sentiment::markable_101::Sentiment=True Sentiment::markable_101::Sentiment=True case=dat|gender=fem|num=pl|pos=True|Sentiment::markable_101::Sentiment=True case=dat|gender=fem|num=pl|Sentiment::markable_101::Sentiment=True case=nom|gender=masc|num=sg|Sentiment::markable_101::Sentiment=True pers=3|num=sg|tense=pres|mood=ind|Sentiment::markable_101::Sentiment=True Sentiment::markable_101::Sentiment=True|EmoExpression::markable_102::EmoExpression=True|EmoExpression::markable_102::Sarcasm=false|pos=True|EmoExpression::markable_102::Polarity=positive|EmoExpression::markable_102::SubjectiveFact=false|EmoExpression::markable_102::Intensity=medium|EmoExpression::markable_102::Uncertain=false case=nom|Sentiment::markable_101::Sentiment=True|gender=neut|Target::markable_106::Preferred=true|pers=3|Target::markable_106::Target=True|num=sg|Target::markable_106::Anaphref=empty case=acc|pers=1|num=sg|Sentiment::markable_101::Sentiment=True|Source::markable_104::Anaphref=empty|Source::markable_104::Source=True pos=True _ _ pers=3|num=sg|tense=pres|mood=ind case=acc|pers=3|num=sg _ case=dat|*=True|num=pl case=dat|*=True|num=pl _ gender=neut|*=True case=acc|gender=neut|num=pl|pos=True
311934127773454336	positive	Der Papst auf Fb, das ist schon cool: "Papst Franziskus I. hat schon knapp 50.000 Fans bei Facebook	die Papst auf Fb, die sein schon cool: "Papst Franziskus I. haben schon knapp @card@ Fan bei Facebook	ART NN APPR NE ART VAFIN ADV ADJA NN NE NE VAFIN ADV ADJD CARD NN APPR NE	2/NK 6/SB 2/MNR 3/NK 9/NK 0/-- 8/MO 6/SB 12/SB 9/NK 10/PNC 6/CJ 12/MO 15/MO 16/NK 12/OA 16/MNR 17/NK	case=nom|Sentiment::markable_107::Sentiment=True|gender=masc|Target::markable_108::Preferred=true|Sentiment::markable_107::Intensity=medium|num=sg|Target::markable_108::Target=True|Sentiment::markable_107::Sarcasm=false|Target::markable_108::Anaphref=empty|Sentiment::markable_107::Polarity=positive case=nom|gender=masc|num=sg|Target::markable_108::Target=True|Sentiment::markable_107::Sentiment=True Sentiment::markable_107::Sentiment=True|Target::markable_108::Target=True case=acc|*=True|num=sg|Sentiment::markable_107::Sentiment=True case=nom|gender=neut|num=sg|Sentiment::markable_107::Sentiment=True pers=3|Sentiment::markable_107::Sentiment=True|num=sg|tense=pres|mood=ind Sentiment::markable_107::Sentiment=True _ _ _ _ pers=3|num=sg|tense=pres|mood=ind _ pos=True _ case=dat|gender=masc|num=pl _ case=dat|*=True|num=sg
311923171571924992	neutral	und gleich für er noch penis und macht gnihihi papst	und gleich für er noch penis und machen gnihihi papst	KON ADJD APPR PPER ADV ADJD KON VVFIN NE ADJA	8/JU 6/MO 6/MO 3/NK 6/MO 8/MO 6/CD 0/-- 7/CJ 8/MO	_ pos=True _ case=nom|gender=masc|num=sg|pers=3 _ pos=True _ pers=3|num=sg|tense=pres|mood=ind case=nom|*=True|num=sg _
311910033673838592	neutral	Da... marschieren Uniformierte zu Marschmusik mit... Knarren! Und alle Kapellen spielen durcheinander. Sind die irre? papst konklave	Da... marschieren Uniformierte zu Marschmusik mit... Knarren! und alle Kapelle spielen durcheinander. sein die irre? papst Konklave	NE VVFIN NN APPR NN ADJA NN KON PIAT NN VVFIN NE VAFIN ART ADJA ADJA NN	0/-- 6/MO 2/SB 6/MO 4/NK 0/-- 0/-- 11/JU 10/NK 11/SB 0/-- 11/OA 0/-- 15/NK 13/SB 17/NK 0/--	case=nom|gender=neut|num=sg pers=3|num=pl|tense=pres|mood=ind case=nom|*=True|num=pl _ case=dat|gender=fem|num=sg case=dat|gender=fem|num=sg|pos=True case=nom|gender=neut|num=sg _ case=nom|gender=fem|num=pl case=nom|gender=fem|num=pl pers=3|num=pl|tense=pres|mood=ind _ pers=3|num=pl|tense=pres|mood=ind case=nom|*=True|num=pl case=nom|*=True|num=pl|pos=True _ case=nom|gender=neut|num=pl
311902080694644737	positive	Meine Nachbarin hat gerade original geschrien: 'Wir ham een neuen Papst, ist das geil!' Schmöchtedasnich	mein Nachbarin haben gerade original geschrien: 'Wir ham een neu Papst, sein die geil!' Schmöchtedasnich	PPOSAT NN VAFIN ADV ADJD ADJA NN ADJA ADJA ADJA NE VAFIN ART ADJA NN	2/NK 3/SB 0/-- 7/MO 6/MO 7/NK 3/SB 11/NK 11/NK 11/NK 12/SB 3/CJ 14/NK 12/SB 0/--	case=nom|Source::markable_112::Source=True|Sentiment::markable_111::Sentiment=True|Source::markable_112::Anaphref=empty|gender=fem|Sentiment::markable_111::Polarity=positive|Sentiment::markable_111::Sarcasm=false|num=sg|Sentiment::markable_111::Intensity=strong case=nom|gender=fem|Source::markable_112::Source=True|num=sg|Sentiment::markable_111::Sentiment=True pers=3|num=sg|tense=pres|mood=ind|Sentiment::markable_111::Sentiment=True Sentiment::markable_111::Sentiment=True Sentiment::markable_111::Sentiment=True|pos=True case=nom|gender=masc|num=sg|pos=True|Sentiment::markable_111::Sentiment=True case=nom|num=sg|Target::markable_113::Preferred=true|gender=masc|Sentiment::markable_111::Sentiment=True|Target::markable_113::Target=True|Target::markable_113::Anaphref=empty Sentiment::markable_111::Sentiment=True|Target::markable_113::Target=True|pos=True case=acc|num=sg|gender=masc|Sentiment::markable_111::Sentiment=True|Target::markable_113::Target=True|pos=True case=acc|num=sg|gender=masc|Sentiment::markable_111::Sentiment=True|Target::markable_113::Target=True|pos=True case=acc|gender=masc|num=sg|Sentiment::markable_111::Sentiment=True pers=3|num=sg|tense=pres|mood=ind|Sentiment::markable_111::Sentiment=True case=nom|gender=neut|num=sg|Sentiment::markable_111::Sentiment=True case=nom|gender=neut|num=sg|pos=True case=nom|gender=masc|num=sg
311921206586650625	neutral	Chabos wissen wer der Papo ist! Papst	Chabos wissen wer die Papo ist! Papst	NE VVFIN PWS ART NN ADJA NN	2/SB 0/-- 6/SB 5/NK 6/SB 2/SB 0/--	case=gen|gender=neut|num=sg pers=3|num=pl|tense=pres|mood=ind case=nom|gender=masc|num=sg case=nom|gender=masc|num=sg case=nom|gender=masc|num=sg case=gen|gender=fem|num=sg|pos=True case=nom|gender=masc|num=sg
311906840311103488	neutral	Mist. Nicht genug Geld bezahlt. Papst zu früh gewählt.	Mist. nicht genug Geld bezahlt. Papst zu früh gewählt.	NN PTKNEG ADV NN NE NN PTKA ADJD ADJA	0/-- 4/NG 2/MO 0/-- 4/NK 0/-- 8/MO 9/MO 6/NK	case=nom|gender=masc|Sentiment::markable_116::Sentiment=True|num=sg Target::markable_117::Preferred=true|Sentiment::markable_116::Sentiment=True|Target::markable_117::Target=True|Target::markable_117::Anaphref=empty Sentiment::markable_116::Sentiment=True|Target::markable_117::Target=True case=acc|gender=neut|Sentiment::markable_116::Sentiment=True|num=sg|Target::markable_117::Target=True Sentiment::markable_116::Sentiment=True|Target::markable_117::Target=True case=nom|gender=masc|Sentiment::markable_116::Sentiment=True|num=sg|Target::markable_117::Target=True Sentiment::markable_116::Sentiment=True|Target::markable_117::Target=True Sentiment::markable_116::Sentiment=True|pos=True|Target::markable_117::Target=True Sentiment::markable_116::Sentiment=True|Target::markable_117::Target=True
311940649014423552	negative	Die fünf dringendsten Aufgaben des neuen Kirchenführers - Papst Franzikus I. übernimmt ein schweres Erbe	die fünf dringend Aufgabe die neu Kirchenführers - Papst Franzikus I. übernehmen eine schwer Erbe	ART CARD ADJA NN ART ADJA NN $( NN NN NE VVFIN ART ADJA NN	4/NK 4/NK 4/NK 12/OA 7/NK 7/NK 4/AG 7/-- 7/NK 11/PNC 9/NK 0/-- 15/NK 15/NK 12/OA	case=nom|gender=masc|num=pl _ case=nom|gender=fem|num=pl|pos=True case=nom|gender=fem|num=pl case=gen|gender=neut|num=sg case=gen|gender=neut|num=sg|pos=True case=gen|gender=neut|num=sg _ case=nom|gender=masc|num=sg case=nom|gender=masc|num=sg case=nom|gender=masc|num=sg pers=3|num=sg|tense=pres|mood=ind case=acc|gender=neut|num=sg case=acc|EmoExpression::markable_104012643::Sarcasm=false|EmoExpression::markable_104012643::Polarity=negative|gender=neut|EmoExpression::markable_104012643::Uncertain=false|pos=True|EmoExpression::markable_104012643::Intensity=medium|num=sg|EmoExpression::markable_104012643::EmoExpression=True|EmoExpression::markable_104012643::SubjectiveFact=false case=acc|gender=neut|num=sg
311920566384877568	neutral	Wat macht der Papst da oben dat ist nicht mein bf mein bf ist der Papst ich bin Jesus. What the fuck	Wat machen die Papst da oben dat sein nicht mein bf mein bf sein die Papst ich sein Jesus. what the fuck	NN VVFIN ART NN ADV ADV ADJD VAFIN PTKNEG PPOSAT NE PPOSAT NE VAFIN ART NN PPER VAFIN NN FM FM NN	2/SB 0/-- 4/NK 2/SB 2/MO 7/MO 2/MO 2/CJ 8/NG 13/NK 13/PNC 13/NK 14/SB 2/CJ 16/NK 14/SB 18/SB 14/CJ 18/PD 21/PNC 0/-- 21/UC	case=nom|gender=masc|num=sg pers=3|num=sg|tense=pres|mood=ind case=nom|gender=masc|num=sg case=nom|gender=masc|num=sg _ _ pos=True pers=3|num=sg|tense=pres|mood=ind _ case=nom|gender=masc|num=sg case=nom|gender=masc|num=sg case=nom|gender=masc|num=sg case=nom|gender=masc|num=sg pers=3|num=sg|tense=pres|mood=ind case=nom|gender=masc|num=sg case=nom|gender=masc|num=sg case=nom|*=True|num=sg|pers=1 pers=1|num=sg|tense=pres|mood=ind case=nom|gender=masc|num=sg *=True *=True *=True
312124030587113472	positive	Neuer Papst: Franziskus will Vorgänger Benedikt schnell treffen: Den Vormittag seines ersten Tages als Papst h...	neu Papst: Franziskus wollen Vorgänger Benedikt schnell treffen: die Vormittag sein erst Tag als Papst h...	ADJA NN NE VMFIN NN NE ADJD ADJD ART NN PPOSAT ADJA NN KOKOM NN NN	2/NK 4/SB 2/NK 0/-- 4/SB 5/NK 8/MO 5/CD 10/NK 8/NK 13/NK 13/NK 10/AG 15/CM 13/CC 4/OA	case=nom|gender=masc|num=sg|pos=True case=nom|gender=masc|num=sg case=nom|Sentiment::markable_118::Polarity=positive|Sentiment::markable_118::Sentiment=True|gender=masc|Sentiment::markable_118::Intensity=medium|Sentiment::markable_118::Sarcasm=false|Source::markable_119::Anaphref=empty|num=sg|Source::markable_119::Source=True Sentiment::markable_118::Sentiment=True|mood=ind|EmoExpression::markable_120::Uncertain=false|EmoExpression::markable_120::Polarity=positive|EmoExpression::markable_120::EmoExpression=True|EmoExpression::markable_120::Intensity=medium|pers=3|num=sg|tense=pres|EmoExpression::markable_120::Sarcasm=false|EmoExpression::markable_120::SubjectiveFact=false case=nom|num=sg|Sentiment::markable_118::Sentiment=True|Target::markable_121::Target=True|Target::markable_121::Anaphref=empty|gender=masc|Target::markable_121::Preferred=true case=nom|gender=masc|num=sg|Sentiment::markable_118::Sentiment=True|Target::markable_121::Target=True Target::markable_121::Target=True|Sentiment::markable_118::Sentiment=True|pos=True pos=True case=acc|gender=masc|num=sg case=acc|gender=masc|num=sg case=gen|gender=masc|num=sg case=gen|gender=masc|num=sg|pos=True case=gen|gender=masc|num=sg _ case=nom|gender=masc|num=sg case=nom|gender=masc|num=sg
311956225657024512	negative	Ich bin mit %User einer Meinung: Ich glaube auch, dass der Papst ein trauriges Leben führt. /cc %User	ich sein mit %User eine Meinung: ich glauben auch, dass die Papst eine traurig Leben führt. /cc %User	PPER VAFIN APPR NE ART NN PPER VVFIN NE KOUS ART NN ART ADJA NN NE NE NE	2/SB 0/-- 2/MO 3/NK 6/NK 2/OG 8/SB 2/CJ 8/OA 8/OP 12/NK 10/NK 15/NK 15/NK 8/OA 15/NK 18/PNC 0/--	case=nom|*=True|num=sg|pers=1 pers=1|num=sg|tense=pres|mood=ind _ case=dat|gender=fem|num=sg case=dat|gender=fem|num=sg case=dat|gender=fem|num=sg case=nom|*=True|num=sg|pers=1 pers=1|num=sg|tense=pres|mood=ind case=acc|gender=masc|num=sg _ case=nom|gender=masc|num=sg case=nom|gender=masc|num=sg case=acc|Sentiment::markable_126::Intensity=medium|Sentiment::markable_126::Sentiment=True|Target::markable_127::Preferred=true|gender=neut|Sentiment::markable_126::Polarity=negative|Target::markable_127::Anaphref=empty|num=sg|Sentiment::markable_126::Sarcasm=false|Target::markable_127::Target=True case=acc|Sentiment::markable_126::Sentiment=True|gender=neut|pos=True|EmoExpression::markable_128::Uncertain=false|num=sg|EmoExpression::markable_128::SubjectiveFact=false|EmoExpression::markable_128::Intensity=medium|EmoExpression::markable_128::EmoExpression=True|EmoExpression::markable_128::Polarity=negative|EmoExpression::markable_128::Sarcasm=false|Target::markable_127::Target=True case=acc|gender=neut|num=sg|Sentiment::markable_126::Sentiment=True|Target::markable_127::Target=True case=nom|*=True|num=sg _ _
311915916533309440	negative	Irgenwie geht mir das mit dem Papst gerade auf die Eier.	Irgenwie gehen ich die mit die Papst gerade auf die Eier.	ADV VVFIN PPER PDS APPR ART NN ADV APPR ART NN	2/MO 0/-- 2/DA 2/SB 2/MO 7/NK 5/NK 2/MO 2/MO 11/NK 9/NK	Sentiment::markable_122::Sentiment=True|Sentiment::markable_122::Sarcasm=false|Sentiment::markable_122::Polarity=negative|Sentiment::markable_122::Intensity=strong EmoExpression::markable_124::Sarcasm=false|mood=ind|Sentiment::markable_122::Sentiment=True|EmoExpression::markable_124::SubjectiveFact=false|EmoExpression::markable_124::EmoExpression=True|pers=3|num=sg|tense=pres|EmoExpression::markable_124::Polarity=negative|EmoExpression::markable_124::Intensity=strong|EmoExpression::markable_124::Uncertain=false case=dat|pers=1|num=sg|Source::markable_123::Source=True|Sentiment::markable_122::Sentiment=True|Source::markable_123::Anaphref=empty|*=True case=acc|Sentiment::markable_122::Sentiment=True|num=sg|Target::markable_125::Anaphref=empty|Target::markable_125::Preferred=true|Target::markable_125::Target=True|gender=neut Target::markable_125::Target=True|Sentiment::markable_122::Sentiment=True case=dat|gender=masc|num=sg|Target::markable_125::Target=True|Sentiment::markable_122::Sentiment=True case=dat|gender=masc|num=sg|Target::markable_125::Target=True|Sentiment::markable_122::Sentiment=True Sentiment::markable_122::Sentiment=True Sentiment::markable_122::Sentiment=True|EmoExpression::markable_124::EmoExpression=True case=acc|gender=fem|EmoExpression::markable_124::EmoExpression=True|num=sg|Sentiment::markable_122::Sentiment=True case=acc|gender=fem|num=sg|Sentiment::markable_122::Sentiment=True
312102458765746176	neutral	Deutschland | Deutsche Kardinäle: "Ich hatte mir einen anderen vorgestellt": Die Wahl von Papst Franziskus ka...	Deutschland | deutsch Kardinäle: "Ich haben ich eine andere vorgestellt": die Wahl von Papst Franziskus ka...	NE XY ADJA NN NN VAFIN PPER ART PIS VVFIN ART NN APPR NN NE ADJA	6/SB 4/NK 4/NK 1/MNR 4/NK 0/-- 10/DA 9/NK 10/NK 6/OC 12/NK 10/OA 12/PG 13/NK 14/AG 10/MO	case=nom|gender=neut|num=sg case=nom|gender=neut|num=sg case=nom|gender=fem|num=sg|pos=True case=nom|gender=fem|num=sg case=nom|gender=fem|num=sg pers=3|num=sg|tense=past|mood=ind case=dat|*=True|num=sg|pers=1 case=acc|gender=masc|num=sg case=acc|gender=masc|num=sg _ case=acc|gender=fem|num=sg case=acc|gender=fem|num=sg _ case=dat|gender=fem|num=sg case=gen|gender=neut|num=sg case=gen|gender=neut|num=sg|pos=True
311947987121221633	neutral	Der Papst ist jünger als Frank Stronach	die Papst sein jung als Frank Stronach	ART NN VAFIN ADJD KOKOM NE ADV	2/NK 3/SB 0/-- 3/PD 6/CM 4/CC 6/MO	case=nom|gender=masc|num=sg case=nom|gender=masc|num=sg pers=3|num=sg|tense=pres|mood=ind comp=True _ case=nom|gender=masc|num=sg _
311878815343316993	neutral	Da guckste in die Timeline und was ist Thema? Papst Konklave Kardinäle und S04 Dramatische Mischung.	da guckste in die Timeline und was sein Thema? Papst Konklave Kardinal und S04 dramatisch Mischung.	ADV VVFIN APPR ART NN KON PIS VAFIN ADJA NN NN NN KON NN ADJA NN	2/MO 0/-- 2/MO 5/NK 3/NK 2/CD 8/SB 6/CJ 8/MO 0/-- 10/NK 10/CJ 12/CD 13/CJ 16/NK 10/MNR	_ pers=3|num=sg|tense=past|mood=ind _ case=acc|gender=neut|num=pl case=acc|gender=neut|num=pl _ case=nom|gender=neut|num=sg pers=3|num=sg|tense=pres|mood=ind case=nom|gender=neut|num=sg case=nom|gender=masc|num=sg case=nom|gender=masc|num=sg case=nom|gender=masc|num=sg _ case=nom|gender=masc|num=sg case=nom|gender=masc|num=sg|pos=True case=nom|gender=masc|num=sg
311917290532790272	negative	Vielleicht der Sohn vom Papst... der ist doch vie zu jung.	vielleicht die Sohn von Papst... die sein doch vie zu jung.	ADV ART NN APPRART NN ART VAFIN ADV ADJD PTKZU ADJA	3/MO 3/NK 0/-- 3/MNR 4/NK 7/SB 0/-- 7/MO 7/PD 11/PM 7/RS	_ case=nom|gender=masc|num=sg case=nom|gender=masc|num=sg case=dat|gender=masc|num=sg case=dat|gender=masc|num=sg case=nom|gender=masc|num=sg pers=3|num=sg|tense=pres|mood=ind _ _ EmoExpression::markable_104012644::SubjectiveFact=false|EmoExpression::markable_104012644::Intensity=medium|EmoExpression::markable_104012644::Polarity=negative|EmoExpression::markable_104012644::Sarcasm=false|EmoExpression::markable_104012644::EmoExpression=True|EmoExpression::markable_104012644::Uncertain=false _
311909610544037890	neutral	Habemus Papam! Live im ORF - jetzt ZIB, dann wieder Sondersendung. konklave Papst	Habemus Papam! Live in ORF - jetzt ZIB, dann wieder Sondersendung. Konklave Papst	NN NN NN APPRART NE $( ADV NE ADV ADV NN NN NN	0/-- 1/NK 7/MO 3/MNR 4/NK 5/-- 8/MO 0/-- 8/MO 8/MO 12/NK 8/MO 12/NK	case=nom|gender=masc|num=sg case=nom|gender=masc|num=sg _ case=dat|gender=masc|num=sg case=dat|gender=masc|num=sg _ _ case=nom|*=True|num=sg _ _ case=nom|gender=masc|num=sg case=nom|gender=masc|num=sg case=nom|gender=masc|num=sg
311955697187307520	neutral	++++ Habemus Batman: Neuer Papst entscheidet sich für ungewöhnlichen Namen ++++ newstweet	++++ Habemus Batman: neu Papst entscheiden sich für ungewöhnlich Name ++++ newstweet	ADJA NN NE ADJA NN VVFIN PRF APPR ADJA NN ADJD ADJA	2/NK 5/AG 2/NK 5/NK 6/SB 0/-- 6/OA 6/MO 10/NK 8/NK 6/MO 6/MO	case=nom|gender=masc|num=sg|pos=True case=nom|gender=masc|num=sg case=nom|gender=masc|num=sg case=nom|gender=masc|num=sg|pos=True case=nom|gender=masc|num=sg pers=3|num=sg|tense=pres|mood=ind case=acc|pers=3|num=sg _ case=acc|gender=masc|num=sg|pos=True case=acc|gender=masc|num=sg case=acc|gender=masc|num=sg _
311988532614938625	neutral	Eine Berichtigung zur Papstberichterstattung im TA: Der Papst heisst nur Franziskus, nicht Franziskus I. Bei Johannes Paul I. war das anders	eine Berichtigung zu Papstberichterstattung in TA: die Papst heißen nur Franziskus, nicht Franziskus I. bei Johannes Paul I. sein die anders	ART NN APPRART NN APPRART NN ART NN VVFIN ADV NE PTKNEG NE NE APPR NE NE NE VAFIN ART ADV	2/NK 9/SB 2/MNR 3/NK 4/MNR 5/NK 8/NK 6/NK 0/-- 11/MO 9/SB 9/NG 14/PNC 19/SB 14/MNR 17/PNC 15/NK 17/PNC 9/CJ 19/SB 19/MO	case=nom|gender=fem|num=sg case=nom|gender=fem|num=sg case=dat|gender=fem|num=sg case=dat|gender=fem|num=sg case=dat|gender=masc|num=sg case=dat|gender=masc|num=sg case=nom|gender=masc|num=sg case=nom|gender=masc|num=sg pers=3|num=sg|tense=pres|mood=ind _ case=nom|gender=masc|num=sg _ case=nom|gender=masc|num=sg case=nom|gender=masc|num=sg case=nom|gender=masc|num=sg case=nom|gender=masc|num=sg case=nom|gender=masc|num=sg case=nom|gender=masc|num=sg pers=3|num=sg|tense=past|mood=ind case=nom|gender=neut|num=sg _
311908865094590464	neutral	"Der abgetretene Papst". Na, na. Man muss ihn ja nicht gleich mit einer Fussmatte vergleichen.	"Der abgetreten Papst". Na, na. man müssen er ja nicht gleich mit eine Fussmatte vergleichen.	NN ADJA NN NE NE PIS VMFIN PPER ADV PTKNEG ADJD APPR ART NN NE	0/-- 3/NK 1/NK 5/PNC 0/-- 7/SB 0/-- 7/SB 7/MO 7/NG 12/MO 7/MO 14/NK 12/NK 14/NK	case=nom|gender=masc|num=sg case=nom|gender=masc|num=sg|pos=True case=nom|gender=masc|num=sg case=nom|*=True|num=sg case=nom|*=True|num=sg case=nom|*=True|num=sg pers=3|num=sg|tense=pres|mood=ind case=acc|gender=masc|num=sg|pers=3 _ _ _ _ case=dat|gender=fem|num=sg case=dat|gender=fem|num=sg case=nom|gender=masc|num=sg
311917220794093568	neutral	GZSZ soll jetzt vorbei sein! Ich muss den neuen Papst sehen!	GZSZ sollen jetzt vorbei sein! ich müssen die neu Papst sehen!	NN VMFIN ADV ADV VVFIN PPER VMFIN ART ADJA NN ADJA	2/SB 0/-- 2/MO 5/MO 2/OC 7/SB 0/-- 10/NK 10/NK 11/OA 7/MO	case=nom|gender=fem|num=sg pers=3|num=sg|tense=pres|mood=ind _ _ pos=True case=nom|*=True|num=sg|pers=1 pers=1|num=sg|tense=pres|mood=ind case=acc|gender=masc|num=sg case=acc|gender=masc|num=sg|pos=True case=acc|gender=masc|num=sg _
311949413125849089	neutral	Kommentar aus dem Jahr 2011 über den neuen Papst: %Link klingtnichtgut	Kommentar aus die Jahr @card@ über die neu Papst: %Link klingtnichtgut	NN APPR ART NN CARD APPR ART ADJA NN XY ADJA	0/-- 1/MNR 4/NK 2/NK 4/NK 1/MNR 9/NK 9/NK 6/NK 0/-- 1/MO	case=nom|gender=masc|num=sg _ case=dat|gender=neut|num=sg case=dat|gender=neut|num=sg _ _ case=acc|gender=masc|num=sg case=acc|gender=masc|num=sg|pos=True case=acc|gender=masc|num=sg case=acc|gender=masc|num=sg _
312111164643479552	neutral	Auf einen Blick: Warum der Papst auch keine Reformen durchführen wird.	auf eine Blick: warum die Papst auch keine Reform durchfahren|durchführen wird.	APPR ART NN PWAV ART NN ADV PIAT NN VVFIN ADJA	10/MO 3/NK 1/NK 10/MO 6/NK 3/AG 9/MO 9/NK 10/OA 0/-- 10/MO	_ case=acc|gender=masc|num=sg case=acc|gender=masc|num=sg _ case=dat|gender=fem|num=sg case=dat|gender=fem|num=sg _ case=acc|gender=fem|num=pl case=acc|gender=fem|num=pl _ _
311881379522674688	negative	Noch ein halbes Jahr schwarzer Rauch - das wär's! Könnte man täglich nach dem Dax und vor dem Wetter kommentieren P ...	noch eine halb Jahr schwarz Rauch - die wär's! können man täglich nach die Dax und vor die Wetter kommentieren P ...	ADV ART ADJA NN ADJA NN $( ART ADJA VVFIN PIS ADJD APPR ART NE KON APPR ART NN VVFIN NE $.	4/MO 4/NK 4/NK 5/MO 0/-- 5/NK 6/-- 9/NK 5/MO 20/MO 10/SB 10/MO 10/MO 15/NK 13/NK 13/CD 16/CJ 19/NK 17/NK 0/-- 20/SB 21/--	_ case=acc|gender=neut|num=sg case=acc|gender=neut|num=sg|pos=True case=acc|gender=neut|num=sg case=nom|EmoExpression::markable_104012645::Uncertain=false|EmoExpression::markable_104012645::Polarity=negative|EmoExpression::markable_104012645::Sarcasm=false|gender=masc|pos=True|num=sg|EmoExpression::markable_104012645::Intensity=medium|EmoExpression::markable_104012645::SubjectiveFact=true|EmoExpression::markable_104012645::EmoExpression=True case=nom|gender=masc|num=sg|EmoExpression::markable_104012645::EmoExpression=True _ case=nom|gender=neut|num=sg case=nom|gender=neut|num=sg pers=3|num=sg|tense=past|mood=subj case=nom|*=True|num=sg pos=True _ case=dat|gender=neut|num=sg case=dat|gender=neut|num=sg _ _ case=dat|gender=neut|num=sg case=dat|gender=neut|num=sg pers=3|num=pl|tense=pres|mood=ind case=nom|*=True|num=sg _
311913563398737920	neutral	Neuer Papst in Rom gewählt: Nachdem am Mittwochabend im fünften Wahlgang ein neuer Papst gewählt worden ist, s...	neu Papst in Rom gewählt: nachdem an Mittwochabend in fünft Wahlgang eine neu Papst wählen werden ist, s...	ADJA NN APPR NE VVFIN KOUS APPRART NN APPRART ADJA NN ART ADJA NN VVPP VAPP NE ADJA	2/NK 5/SB 2/MNR 3/NK 0/-- 17/CP 15/MO 7/NK 15/MO 11/NK 9/NK 14/NK 14/NK 17/SB 16/OC 17/OC 5/SB 5/MO	case=nom|gender=masc|num=sg|pos=True case=nom|gender=masc|num=sg _ case=dat|gender=neut|num=sg _ case=dat|gender=neut|num=sg case=dat|gender=neut|num=sg case=dat|gender=neut|num=sg case=dat|gender=neut|num=sg case=dat|gender=masc|num=sg|pos=True case=dat|gender=masc|num=sg case=nom|gender=masc|num=sg case=nom|gender=masc|num=sg|pos=True case=nom|gender=masc|num=sg _ _ _ _
311918877049253888	neutral	Franziskus ist der Patron des Umweltschutzes ! papst	Franziskus sein die Patron die Umweltschutz ! papst	NE VAFIN ART NN ART NN $. ADJA	2/SB 0/-- 4/NK 2/PD 6/NK 4/AG 6/-- 0/--	case=nom|gender=masc|num=sg pers=3|num=sg|tense=pres|mood=ind case=nom|gender=masc|num=sg case=nom|gender=masc|num=sg case=gen|gender=masc|num=sg case=gen|gender=masc|num=sg _ _
312010460285243392	neutral	Sieben Millionen Tweets zur Papst-Wahl	sieben Million Tweets zu Papst-Wahl	CARD NN NN APPRART NN	2/NMC 0/-- 2/NK 2/MNR 4/NK	_ case=nom|gender=fem|num=pl case=nom|gender=masc|num=pl case=dat|gender=fem|num=sg case=dat|gender=fem|num=sg
311910829584953347	neutral	Aber wie werden die Märkte reagieren?! papst	aber wie werden die Markt reagieren?! Papst	KON KOKOM VAFIN ART NN ADJA NN	3/JU 3/CM 0/-- 5/NK 3/SB 3/OC 0/--	_ _ pers=3|num=pl|tense=pres|mood=ind case=nom|gender=masc|num=pl case=nom|gender=masc|num=pl case=nom|gender=neut|num=sg|pos=True _
311928054874243072	neutral	Oooh wie ale gleich wieder n fass aufmachen weil man übern papst twittert. Meiiine fresse. Kriegt euch wieder ein.	Oooh wie ale gleich wieder n fassen aufmachen weil man übern papst twittert. Meiiine fresse. kriegen ihr wieder ein.	NN KOKOM ADJD ADJD ADV ADJA VVIMP VVFIN KOUS PIS APPRART ADJA NN NE NE VVFIN PPER ADV NE	4/NK 4/CM 4/MO 8/MO 6/MO 4/CC 6/NK 0/-- 11/CP 11/SB 8/MO 13/NK 11/NK 15/PNC 0/-- 0/-- 16/DA 16/MO 16/OA	pos=True _ pos=True _ _ _ _ _ _ case=nom|*=True|num=sg pers=3|num=pl|tense=pres|mood=ind pers=3|num=sg|tense=pres|mood=ind case=acc|gender=masc|num=sg case=nom|gender=fem|num=sg case=nom|gender=fem|num=sg pers=3|num=sg|tense=pres|mood=ind case=dat|*=True|num=pl|pers=2 _ case=nom|*=True|num=sg
311926066518319105	positive	Gesegnet sei die Medien-KuH! Euer Papst	segnen sein die Medien-KuH! euer Papst	VVPP VAFIN ART NN PPOSAT NN	2/PD 0/-- 4/NK 2/SB 6/NK 0/--	Sentiment::markable_129::Intensity=medium|EmoExpression::markable_130::SubjectiveFact=false|Sentiment::markable_129::Sarcasm=false|EmoExpression::markable_130::Sarcasm=false|EmoExpression::markable_130::EmoExpression=True|Sentiment::markable_129::Polarity=positive|Sentiment::markable_129::Sentiment=True|EmoExpression::markable_130::Intensity=medium|EmoExpression::markable_130::Polarity=positive|EmoExpression::markable_130::Uncertain=false pers=3|Sentiment::markable_129::Sentiment=True|num=sg|tense=pres|mood=subj case=nom|gender=fem|Sentiment::markable_129::Sentiment=True|num=sg case=nom|gender=fem|Sentiment::markable_129::Sentiment=True|num=sg case=nom|Target::markable_131::Target=True|num=sg|Sentiment::markable_129::Sentiment=True|*=True|Target::markable_131::Preferred=true|Target::markable_131::Anaphref=empty case=nom|*=True|Sentiment::markable_129::Sentiment=True|num=sg|Target::markable_131::Target=True
311923018349821952	neutral	Wenn ich ihn wär müessti jetzt zersch mal eis go suufe. papst	wenn ich er wär müessti jetzt zersch mal eis go suufe. papst	KOUS PPER PPER ADJD NE ADV VVFIN ADV PTKVZ XY ADJA ADJA	7/CP 7/SB 7/OA 7/MO 4/SB 4/MO 0/-- 7/MO 11/MO 9/NK 7/MO 7/MO	_ case=nom|*=True|num=sg|pers=1 case=acc|gender=masc|num=sg|pers=3 pos=True case=nom|*=True|num=sg _ pos=True _ _ _ case=dat|gender=neut|num=pl|pos=True _
311962386632421376	neutral	Der neue Papst schrieb seine Doktorarbeit in Frankfurt. Ich stand mal im Pissoir des Jesuiten-Seminars dort. Tjaja.	die neu Papst schreiben sein Doktorarbeit in Frankfurt. ich stehen mal in Pissoir die Jesuiten-Seminars dort. Tjaja.	ART ADJA NN VVFIN PPOSAT NN APPR NE PPER VVFIN ADV APPRART NN ART NN NE NE	3/NK 3/NK 4/SB 0/-- 6/NK 4/OA 6/MNR 7/NK 10/SB 0/-- 10/MO 10/MO 12/NK 15/NK 13/AG 15/NK 0/--	case=nom|gender=masc|num=sg case=nom|gender=masc|num=sg|pos=True case=nom|gender=masc|num=sg pers=3|num=sg|tense=past|mood=ind case=acc|gender=fem|num=sg case=acc|gender=fem|num=sg _ case=dat|gender=neut|num=sg case=nom|*=True|num=sg|pers=1 pers=1|num=sg|tense=past|mood=ind _ case=dat|gender=masc|num=sg case=dat|gender=masc|num=sg case=gen|gender=masc|num=sg case=gen|gender=masc|num=sg case=nom|gender=masc|num=sg case=nom|*=True|num=sg
311921786386268160	negative	Der neue Papst spielte eine dubiose Rolle während der Militärdiktatur in Argentinien	die neu Papst spielen eine dubios Rolle während die Militärdiktatur in Argentinien	ART ADJA NN VVFIN ART ADJA NN APPR ART NN APPR NE	3/NK 3/NK 4/SB 0/-- 7/NK 7/NK 4/OA 7/MNR 10/NK 8/NK 10/MNR 11/NK	case=nom|Target::markable_134::Target=True|num=sg|Sentiment::markable_132::Sentiment=True|gender=masc|Target::markable_134::Preferred=true|Target::markable_134::Anaphref=empty case=nom|Target::markable_134::Target=True|num=sg|Sentiment::markable_132::Sentiment=True|gender=masc|pos=True case=nom|gender=masc|Target::markable_134::Target=True|num=sg|Sentiment::markable_132::Sentiment=True pers=3|Sentiment::markable_132::Sentiment=True|num=sg|tense=past|mood=ind case=acc|gender=fem|num=sg|Sentiment::markable_132::Sentiment=True case=acc|EmoExpression::markable_135::Polarity=negative|EmoExpression::markable_135::SubjectiveFact=false|EmoExpression::markable_135::Sarcasm=false|gender=fem|EmoExpression::markable_135::Intensity=medium|pos=True|EmoExpression::markable_135::EmoExpression=True|num=sg|Sentiment::markable_132::Sentiment=True|EmoExpression::markable_135::Uncertain=false case=acc|gender=fem|num=sg|Sentiment::markable_132::Sentiment=True Sentiment::markable_132::Sentiment=True case=dat|gender=fem|num=sg|Sentiment::markable_132::Sentiment=True case=dat|gender=fem|num=sg|Sentiment::markable_132::Sentiment=True Sentiment::markable_132::Sentiment=True case=dat|gender=neut|num=sg|Sentiment::markable_132::Sentiment=True
312185481637003264	neutral	Berlin und Brandenburg begrüssen neuen Papst: Ihren Angaben zufolge leben in Berlin, Brandenburg und Mecklenbur...	Berlin und Brandenburg begrüßen neu Papst: ihr Angabe zufolge leben in Berlin, Brandenburg und Mecklenbur...	NE KON NE VVFIN ADJA NN PPOSAT NN APPO VVFIN APPR NE NE KON NE	4/SB 1/CD 2/CJ 0/-- 6/NK 4/OA 8/NK 9/NK 10/MO 4/CJ 10/MO 13/PNC 11/NK 13/CD 14/CJ	case=nom|gender=neut|num=sg _ case=nom|gender=neut|num=sg pers=3|num=pl|tense=pres|mood=ind case=acc|gender=masc|num=sg|pos=True case=acc|gender=masc|num=sg case=dat|gender=fem|num=pl case=dat|gender=fem|num=pl _ pers=3|num=pl|tense=pres|mood=ind _ case=dat|gender=neut|num=sg case=dat|gender=neut|num=sg _ case=dat|gender=neut|num=sg
311906010015088640	positive	Konklave: Weisser Rauch! Neuer Papst ist gewählt...	Konklave: weiß Rauch! neu Papst sein gewählt...	NN ADJA NN ADJA NN VAFIN ADJA	0/-- 3/NK 1/AG 5/NK 6/SB 0/-- 6/SB	case=nom|EmoExpression::markable_104012646::Polarity=positive|EmoExpression::markable_104012646::EmoExpression=True|gender=masc|num=sg|EmoExpression::markable_104012646::Uncertain=false|EmoExpression::markable_104012646::Intensity=medium|EmoExpression::markable_104012646::Sarcasm=false|EmoExpression::markable_104012646::SubjectiveFact=true *=True|pos=True|EmoExpression::markable_104012646::EmoExpression=True case=nom|gender=masc|num=sg case=nom|gender=masc|num=sg|pos=True case=nom|gender=masc|num=sg pers=3|num=sg|tense=pres|mood=ind case=nom|gender=masc|num=sg|pos=True
311926070783901696	neutral	Papst Franziskus I. promovierte in Deutschland. Können wir mal bitte die Doktorarbeit nach Plagiaten durchsuchen lassen?	Papst Franziskus I. promovieren in Deutschland. Können wir mal bitte die Doktorarbeit nach Plagiat durchsuchen lassen?	NN NE NE VVFIN APPR ADJA NN PPER ADV ADV ART NN APPR NN VVFIN ADJA	4/SB 3/PNC 1/NK 0/-- 4/MO 5/NK 0/-- 7/SB 7/MO 7/MO 12/NK 15/OA 12/MNR 13/NK 7/CJ 15/MO	case=nom|gender=masc|num=sg case=nom|gender=masc|num=sg case=nom|gender=masc|num=sg pers=3|num=sg|tense=past|mood=ind _ case=dat|gender=fem|num=sg|pos=True pers=1|num=pl|tense=pres|mood=ind case=nom|*=True|num=pl|pers=1 _ _ case=acc|gender=fem|num=sg case=acc|gender=fem|num=sg _ case=dat|gender=fem|num=pl _ _
312108112268111873	neutral	Dinge, die die Welt nicht braucht. papst	Dinge, die die Welt nicht braucht. papst	NE ART ART NN PTKNEG NE ADJA	7/SB 6/NK 4/NK 6/OA 6/NG 7/OA 0/--	case=nom|*=True|num=sg|Sentiment::markable_136::Sentiment=True case=acc|gender=fem|num=sg|Sentiment::markable_136::Sentiment=True case=acc|gender=fem|num=sg|Sentiment::markable_136::Sentiment=True case=acc|gender=fem|num=sg|Sentiment::markable_136::Sentiment=True Sentiment::markable_136::Sentiment=True|Negation::markable_138::EmoExpressionRef=emo-expression:markable_137|Negation::markable_138::Negation=True case=acc|gender=fem|num=sg case=acc|num=sg|Target::markable_139::Preferred=true|gender=fem|Target::markable_139::Target=True|pos=True|Target::markable_139::Anaphref=empty
311936074001817601	negative	Na also, ein Papst der nicht in der Hitlerjugend war. Und jetzt kommen alle mit Junta. Was wollt ihr, einen Humanisten?	na also, eine Papst die nicht in die Hitlerjugend war. und jetzt kommen alle mit Junta. was wollen ihr, eine Humanisten?	ITJ NE ART NN ART PTKNEG APPR ART NN NE KON ADV VVFIN PIS APPR NE PIS VMFIN ADV ART ADJA	2/NK 4/SB 4/NK 0/-- 10/NK 10/NG 10/MO 9/NK 7/NK 4/AG 13/JU 13/MO 0/-- 13/SB 13/MO 15/NK 18/SB 0/-- 18/MO 21/NK 18/OC	_ case=nom|gender=masc|num=sg case=nom|gender=masc|num=sg case=nom|gender=masc|num=sg case=gen|gender=fem|num=sg _ _ case=dat|gender=fem|num=sg case=dat|EmoExpression::markable_104012647::Polarity=negative|EmoExpression::markable_104012647::Sarcasm=false|gender=fem|EmoExpression::markable_104012647::SubjectiveFact=true|num=sg|EmoExpression::markable_104012647::Uncertain=false|EmoExpression::markable_104012647::Intensity=medium|EmoExpression::markable_104012647::EmoExpression=True case=nom|gender=fem|num=sg _ _ pers=3|num=pl|tense=pres|mood=ind case=nom|*=True|num=pl _ case=dat|*=True|num=sg case=nom|gender=neut|num=sg pers=3|num=sg|tense=pres|mood=ind _ case=acc|gender=masc|num=sg case=acc|gender=masc|num=sg|pos=True
311906167544741889	neutral	Den Papstnamen "Florida-Rolf" hatte wohl niemand auf dem Zettel. papst zeit	die Papstnamen "Florida-Rolf" haben wohl niemand auf die Zettel. Papst zeit	ART NN NN VAFIN ADV PIS APPR ART NN NN APPR	2/NK 4/SB 2/NK 0/-- 4/MO 4/SB 4/MO 9/NK 7/NK 9/NK 9/MNR	*=True case=nom|gender=neut|num=sg case=nom|gender=neut|num=sg pers=3|num=sg|tense=past|mood=ind _ case=nom|gender=masc|num=sg _ case=dat|gender=masc|num=sg case=dat|gender=masc|num=sg case=nom|gender=masc|num=sg _
312150328940306432	positive	Neuer Papst: Franziskus würdigt Vorgänger Benedikt mit Besuch: Den Vormittag seines ersten Tages als Papst ver...	neu Papst: Franziskus würdigen Vorgänger Benedikt mit Besuch: die Vormittag sein erst Tag als Papst ver...	ADJA NN NE VVFIN NN NE APPR NN ART NN PPOSAT ADJA NN KOKOM NN ADJA	2/NK 4/SB 2/NK 0/-- 4/SB 5/NK 4/MO 7/NK 10/NK 4/OA 13/NK 13/NK 10/AG 16/MO 14/NK 4/MO	case=nom|gender=masc|num=sg|pos=True case=nom|gender=masc|num=sg case=nom|gender=masc|num=sg mood=ind|EmoExpression::markable_104012648::Sarcasm=false|EmoExpression::markable_104012648::EmoExpression=True|EmoExpression::markable_104012648::SubjectiveFact=false|EmoExpression::markable_104012648::Polarity=positive|pers=3|num=sg|tense=pres|EmoExpression::markable_104012648::Uncertain=false|EmoExpression::markable_104012648::Intensity=medium case=nom|gender=masc|num=sg case=nom|gender=masc|num=sg _ case=dat|gender=fem|num=sg case=acc|gender=masc|num=sg case=acc|gender=masc|num=sg case=gen|gender=masc|num=sg case=gen|gender=masc|num=sg|pos=True case=gen|gender=masc|num=sg _ case=nom|gender=masc|num=sg case=nom|gender=masc|num=sg|pos=True
312159985931022336	neutral	%Link news Franziskus: Sein erster Tag als Papst - Spiegel Online	%Link news Franziskus: sein erst Tag als Papst - Spiegel Online	XY NN NE PPOSAT ADJA NN KOKOM NN $( NN NE	0/-- 0/-- 2/NK 6/NK 6/NK 2/CJ 8/CM 6/CC 8/-- 8/CJ 10/NK	_ case=nom|gender=neut|num=sg|pos=True case=nom|gender=neut|num=sg case=nom|gender=masc|num=sg case=nom|gender=masc|num=sg|pos=True case=nom|gender=masc|num=sg _ case=nom|gender=masc|num=sg _ case=nom|gender=masc|num=sg case=nom|gender=masc|num=sg
311901203841818624	neutral	Odilo Scherer: "Er wäre in gewisser Hinsicht ein deutscher Papst"	Odilo Scherer: "Er sein in gewiss Hinsicht eine deutsch Papst"	NE ADJA NN VAFIN APPR ADJA NN ART ADJA NN	3/AG 3/NK 4/SB 0/-- 4/MO 7/NK 5/NK 10/NK 10/NK 4/PD	case=nom|gender=masc|num=sg case=nom|gender=masc|num=sg|pos=True case=nom|gender=masc|num=sg pers=3|num=sg|tense=past|mood=subj _ case=dat|gender=fem|num=sg|pos=True case=dat|gender=fem|num=sg case=nom|gender=masc|num=sg case=nom|gender=masc|num=sg|pos=True case=nom|gender=masc|num=sg
312184299573084160	neutral	++epd-Newsticker++ Reinhard Marx: "Der Herr selbst leitet seine Kirche" - Deutsche Kardinäle beeindruckt vom neuen Papst und seine... ++	++epd-Newsticker++ Reinhard Marx: "Der Herr selbst leiten sein Kirche" - deutsch Kardinal beeindrucken von neu Papst und seine... ++	NN NE ADJA NN NN ADV VVFIN PPOSAT NN $( ADJA NN VVFIN APPRART ADJA NN KON ADJA ADJA	7/SB 1/NK 4/NK 1/PAR 4/NK 1/MNR 0/-- 9/NK 7/OA 9/-- 12/NK 13/SB 7/CJ 13/MO 16/NK 14/NK 13/CD 17/CJ 0/--	case=nom|gender=masc|num=sg case=nom|gender=masc|num=sg case=nom|gender=masc|num=sg case=nom|gender=masc|num=sg case=nom|gender=masc|num=sg _ pers=3|num=sg|tense=pres|mood=ind case=acc|gender=fem|num=sg case=acc|gender=fem|num=sg _ case=acc|gender=neut|num=pl|pos=True case=acc|gender=neut|num=pl _ case=dat|gender=masc|num=sg case=dat|gender=masc|num=sg|pos=True case=dat|gender=masc|num=sg _ case=nom|*=True|num=pl|pos=True _
311918302974865409	neutral	Juchuuu, ich hab einen Papst zum Geburtstag bekommen.	Juchuuu, ich haben eine Papst zu Geburtstag bekommen.	NE PPER VAIMP ART NN APPRART NN NE	5/SB 1/SB 1/NK 5/NK 0/-- 5/MNR 6/NK 7/NK	pers=1|num=sg|tense=pres|mood=ind case=nom|*=True|num=sg|pers=1 _ case=acc|gender=masc|num=sg case=acc|gender=masc|num=sg case=dat|gender=masc|num=sg case=dat|gender=masc|num=sg case=nom|gender=neut|num=sg
