311908973185998848	positive	In Wasserburg läuten die katholischen Glocken. Jetzt ist die Nachricht analog getwittert. %PosSmiley Papst habemuspapam	in Wasserburg läuten die katholisch Glocken. jetzt sein die Nachricht analog getwittert. %PosSmiley Papst habemuspapam	APPR NN VVFIN ART ADJA NE ADV VAFIN ART NN ADJD NN ITJ NN NE	3/MO 1/NK 0/-- 6/NK 6/NK 3/SB 8/MO 0/-- 10/NK 8/SB 8/MO 8/PD 14/NK 0/-- 14/NK	_ case=dat|gender=neut|num=sg pers=3|num=pl|tense=pres|mood=ind case=nom|gender=masc|num=pl case=nom|gender=masc|num=pl|pos=True case=nom|gender=masc|num=pl _ pers=3|num=sg|tense=pres|mood=ind case=nom|gender=fem|num=sg case=nom|gender=fem|num=sg pos=True _ case=nom|EmoExpression::markable_1::SubjectiveFact=false|EmoExpression::markable_1::EmoExpression=True|gender=masc|EmoExpression::markable_1::Polarity=positive|EmoExpression::markable_1::Sarcasm=false|num=sg|EmoExpression::markable_1::Uncertain=false|EmoExpression::markable_1::Intensity=medium case=nom|gender=masc|num=sg case=nom|gender=masc|num=sg
311847152248840194	neutral	RUFT JETZT FÜR DEN PAPST AN! 01379... Oder sende eine SMS mit "Konklave1" an die 666...6...%PosSmiley	rufen jetzt für die Papst AN! @card@ oder senden eine SMS mit "Konklave1" an die 666...6...%PosSmiley	VVFIN ADV APPR ART NN NN CARD KON VVFIN ART NE APPR NN APPR ART NE	0/-- 1/MO 1/MO 5/NK 3/NK 1/OA 0/-- 7/CD 8/CJ 11/NK 9/OA 9/MO 12/NK 13/MNR 16/NK 14/NK	_ _ _ *=True *=True *=True _ _ pers=3|num=sg|tense=pres|mood=subj case=nom|gender=fem|num=sg case=nom|gender=fem|num=sg _ case=dat|gender=fem|num=sg _ case=acc|gender=fem|num=sg case=acc|gender=fem|num=sg
312126278251724801	positive	Mein Lieblingsfoto: Franziskus vor wenigen Tagen in der U-Bahn %PosSmiley Papst Franziskus Pope Francis ...	mein Lieblingsfoto: Franziskus vor wenige Tag in die U-Bahn %PosSmiley Papst Franziskus Pope Francis ...	PPOSAT NN NE APPR PIAT NN APPR ART NN ITJ NN NE NN NE $.	2/NK 0/-- 2/NK 2/MO 6/NK 4/NK 6/MNR 9/NK 7/NK 11/NK 6/PAR 14/PNC 14/PNC 11/NK 14/--	case=nom|gender=masc|Source::markable_3::Source=True|num=sg|Sentiment::markable_2::Polarity=positive|Sentiment::markable_2::Intensity=strong|Sentiment::markable_2::Sarcasm=false|Source::markable_3::Anaphref=empty|Sentiment::markable_2::Sentiment=True case=nom|gender=masc|num=sg|Sentiment::markable_2::Sentiment=True case=nom|Target::markable_100500121::Target=True|num=sg|Target::markable_100500121::Anaphref=empty|gender=masc|Target::markable_100500121::Preferred=true|Sentiment::markable_2::Sentiment=True Target::markable_100500121::Target=True|Sentiment::markable_2::Sentiment=True case=dat|gender=masc|Target::markable_100500121::Target=True|num=pl|Sentiment::markable_2::Sentiment=True case=dat|gender=masc|Target::markable_100500121::Target=True|num=pl|Sentiment::markable_2::Sentiment=True Target::markable_100500121::Target=True|Sentiment::markable_2::Sentiment=True case=dat|gender=fem|Target::markable_100500121::Target=True|num=sg|Sentiment::markable_2::Sentiment=True case=dat|gender=fem|Target::markable_100500121::Target=True|num=sg|Sentiment::markable_2::Sentiment=True case=nom|gender=masc|EmoExpression::markable_6::SubjectiveFact=false|EmoExpression::markable_6::Sarcasm=false|num=sg|EmoExpression::markable_6::Uncertain=false|EmoExpression::markable_6::Intensity=medium|EmoExpression::markable_6::EmoExpression=True|EmoExpression::markable_6::Polarity=positive|Sentiment::markable_2::Sentiment=True case=nom|gender=masc|num=sg case=nom|gender=masc|num=sg case=nom|gender=masc|num=sg case=nom|gender=masc|num=sg _
311930958465089536	positive	Bekommen wir dann auch einen Papst gestuerzt? %PosSmiley Plagiat %User	Bekommen wir dann auch eine Papst gestuerzt? %PosSmiley Plagiat %User	NN PPER ADV ADV ART NN VVPP ITJ NN NE	0/-- 1/SB 7/MO 6/MO 6/NK 7/OA 1/OC 7/NK 0/-- 9/NK	pers=1|num=pl|tense=pres|mood=ind case=nom|*=True|num=pl|pers=1 _ _ case=acc|gender=masc|num=sg case=acc|gender=masc|num=sg _ EmoExpression::markable_7::EmoExpression=True|EmoExpression::markable_7::Uncertain=false|EmoExpression::markable_7::Intensity=medium|EmoExpression::markable_7::SubjectiveFact=false|EmoExpression::markable_7::Sarcasm=false|EmoExpression::markable_7::Polarity=positive case=nom|gender=masc|num=sg case=nom|gender=masc|num=sg
311945752454762498	positive	Ein Argentinier wird Papst und nennt sich nach Franz Beckenbauer... Was sagt denn Maradona dazu? %PosSmiley habemuspapam	eine Argentinier werden Papst und nennen sich nach Franz Beckenbauer... was sagen denn Maradona dazu? %PosSmiley habemuspapam	ART NN VAFIN NN KON VVFIN PRF APPR NE NE PIS VVFIN KON NE ADJA ITJ ADJA	2/NK 3/SB 0/-- 3/SB 3/CD 5/CJ 6/OA 6/MO 10/PNC 8/NK 12/OA 0/-- 12/MO 15/PNC 13/CJ 15/NK 0/--	case=nom|gender=masc|num=sg case=nom|gender=masc|num=sg pers=3|num=sg|tense=pres|mood=ind case=nom|gender=masc|num=sg _ pers=3|num=sg|tense=pres|mood=ind case=acc|pers=3|num=sg _ case=dat|gender=neut|num=sg case=dat|gender=neut|num=sg case=acc|gender=neut|num=sg pers=3|num=sg|tense=pres|mood=ind _ case=nom|gender=neut|num=sg case=nom|gender=neut|num=sg EmoExpression::markable_8::SubjectiveFact=false|EmoExpression::markable_8::Intensity=medium|EmoExpression::markable_8::Polarity=positive|EmoExpression::markable_8::Sarcasm=false|EmoExpression::markable_8::EmoExpression=True|EmoExpression::markable_8::Uncertain=false _
311918215674593280	positive	Jetzt kann ich mit Papa den Papst gucken %PosSmiley oder wie man das nennt %PosSmiley	jetzt können ich mit Papa die Papst gucken %PosSmiley oder wie man die nennen %PosSmiley	ADV VMFIN PPER APPR NN ART NN VVINF ITJ KON KOUS PIS PDS VVFIN ITJ	2/MO 0/-- 2/SB 2/MO 4/NK 7/NK 8/OA 2/OC 2/DM 2/CD 14/CM 14/SB 14/OA 10/CJ 14/DM	_ pers=1|num=sg|tense=pres|mood=ind case=nom|*=True|num=sg|pers=1 _ case=nom|gender=masc|num=sg case=acc|gender=masc|num=sg case=acc|gender=masc|num=sg _ EmoExpression::markable_9::Uncertain=false|EmoExpression::markable_9::Polarity=positive|EmoExpression::markable_9::Sarcasm=false|EmoExpression::markable_9::Intensity=medium|EmoExpression::markable_9::SubjectiveFact=false|EmoExpression::markable_9::EmoExpression=True _ _ case=nom|*=True|num=sg case=acc|gender=neut|num=sg pers=3|num=sg|tense=pres|mood=ind EmoExpression::markable_10::Uncertain=false|EmoExpression::markable_10::Polarity=positive|EmoExpression::markable_10::Sarcasm=false|EmoExpression::markable_10::Intensity=strong|EmoExpression::markable_10::EmoExpression=True|EmoExpression::markable_10::SubjectiveFact=false
311911191108780034	positive	%User ist kein Date, mein Papst%PosSmiley	%User sein keine Date, mein Papst%PosSmiley	NE VAFIN PIAT NN PPOSAT NE	2/SB 0/-- 4/NK 2/PD 6/NK 4/AG	case=nom|gender=masc|num=sg pers=3|num=sg|tense=pres|mood=ind case=nom|gender=masc|num=sg case=nom|gender=masc|num=sg case=nom|gender=masc|num=sg case=nom|EmoExpression::markable_11::Sarcasm=false|EmoExpression::markable_11::SubjectiveFact=false|gender=masc|EmoExpression::markable_11::Intensity=medium|num=sg|EmoExpression::markable_11::Polarity=positive|EmoExpression::markable_11::EmoExpression=True|EmoExpression::markable_11::Uncertain=false
311841179497021440	positive	Falls ein Schwarzer zum Papst gewählt wird, steigt dann auch weisser Rauch auf? %PosSmiley	Fall eine Schwarze zu Papst wählen wird, steigen dann auch weiß Rauch auf? %PosSmiley	NN ART NN APPRART NN VVPP NE VVFIN ADV ADV ADJA NN ADJA ITJ	8/SB 3/NK 6/OA 6/MO 4/NK 7/OC 1/AG 0/-- 8/MO 12/MO 12/NK 8/SB 8/MO 13/NK	_ case=nom|gender=masc|num=sg case=nom|gender=masc|num=sg case=dat|gender=masc|num=sg case=dat|gender=masc|num=sg _ case=dat|*=True|num=sg pers=3|num=sg|tense=pres|mood=ind _ _ case=acc|EmoExpression::markable_104011182::Intensity=medium|EmoExpression::markable_104011182::Polarity=positive|gender=masc|EmoExpression::markable_104011182::Sarcasm=false|pos=True|EmoExpression::markable_104011182::SubjectiveFact=true|num=sg|EmoExpression::markable_104011182::EmoExpression=True|EmoExpression::markable_104011182::Uncertain=false case=acc|gender=masc|EmoExpression::markable_104011182::EmoExpression=True|num=sg _ EmoExpression::markable_12::Intensity=medium|EmoExpression::markable_12::Polarity=positive|EmoExpression::markable_12::Uncertain=false|EmoExpression::markable_12::Sarcasm=false|EmoExpression::markable_12::SubjectiveFact=false|EmoExpression::markable_12::EmoExpression=True
311905753583722496	positive	Ich find das so aufregend, weil es alle Katholiken betrifft %PosSmiley Papst HabemusPapam	ich find die so aufregend, weil es alle Katholik betreffen %PosSmiley Papst HabemusPapam	PPER VVFIN PDS ADV VVFIN KOUS PPER PIAT NN VVFIN ITJ NN NE	2/SB 0/-- 2/OA 5/MO 2/OC 10/CP 10/SB 9/NK 10/OA 5/MO 12/NK 2/OA 12/NK	case=nom|Sentiment::markable_13::Sarcasm=false|*=True|Source::markable_16::Anaphref=empty|pers=1|num=sg|Source::markable_16::Source=True|Sentiment::markable_13::Polarity=positive|Sentiment::markable_13::Sentiment=True|Sentiment::markable_13::Intensity=medium pers=1|num=sg|tense=pres|mood=ind|Sentiment::markable_13::Sentiment=True case=acc|Target::markable_14::Target=True|num=sg|Target::markable_14::Anaphref=empty|Target::markable_14::Preferred=true|gender=neut|Sentiment::markable_13::Sentiment=True Intensifier::markable_100500122::Intensifier=True|Intensifier::markable_100500122::Degree=medium|Intensifier::markable_100500122::EmoExpressionRef=emo-expression:markable_15|Sentiment::markable_13::Sentiment=True pers=3|num=sg|tense=past|mood=ind|Sentiment::markable_13::Sentiment=True Sentiment::markable_13::Sentiment=True case=nom|gender=neut|num=sg|Sentiment::markable_13::Sentiment=True|pers=3 case=acc|gender=masc|num=pl|Sentiment::markable_13::Sentiment=True case=acc|gender=masc|num=pl|Sentiment::markable_13::Sentiment=True pers=3|num=sg|tense=pres|mood=ind|Sentiment::markable_13::Sentiment=True case=nom|EmoExpression::markable_17::SubjectiveFact=false|EmoExpression::markable_17::Polarity=positive|gender=masc|num=sg|EmoExpression::markable_17::EmoExpression=True|Sentiment::markable_13::Sentiment=True|EmoExpression::markable_17::Sarcasm=false|EmoExpression::markable_17::Uncertain=false|EmoExpression::markable_17::Intensity=medium case=nom|gender=masc|num=sg case=nom|gender=masc|num=sg
311911157755674625	positive	Helmut Schmidt im Vatikan? Ich sehe plötzlich soviel weissen Rauch *-* vatikan papst konklave	Helmut Schmidt in Vatikan? ich sehen plötzlich soviele weiß Rauch *-* vatikan papst Konklave	NE NE APPRART NN PPER VVFIN ADJD PIAT ADJA NN XY ADJA ADJA NN	2/PNC 0/-- 2/MNR 3/NK 6/SB 0/-- 6/MO 9/MO 10/NK 6/OA 10/NK 6/MO 14/NK 6/OA	case=nom|gender=masc|num=sg case=nom|gender=masc|num=sg case=dat|gender=masc|num=sg case=dat|gender=masc|num=sg case=nom|*=True|num=sg|pers=1 pers=1|num=sg|tense=pres|mood=ind pos=True *=True case=acc|EmoExpression::markable_104011183::Uncertain=false|EmoExpression::markable_104011183::Polarity=positive|EmoExpression::markable_104011183::Sarcasm=false|gender=masc|pos=True|num=sg|EmoExpression::markable_104011183::Intensity=medium|EmoExpression::markable_104011183::SubjectiveFact=true|EmoExpression::markable_104011183::EmoExpression=True case=acc|gender=masc|num=sg|EmoExpression::markable_104011183::EmoExpression=True case=acc|gender=masc|num=sg _ _ _
311948992860811264	neutral	Schon geht's los%PosSmiley Chemie. Ich sage jetzt nichts. " Das knallt: Franziskus I. hat (auch) Chemie ...	schon gehen los%PosSmiley Chemie. ich sagen jetzt nichts. " die knallt: Franziskus I. haben (auch) Chemie ...	ADV VVFIN NE NN PPER VVFIN ADV ADJD $( ART ADJA NE NE VAFIN TRUNC NN $.	2/MO 0/-- 4/PNC 2/SB 6/SB 0/-- 6/MO 6/MO 8/-- 12/NK 12/NK 14/SB 12/AVC 0/-- 16/PNC 14/OA 16/--	_ _ case=nom|gender=masc|num=sg case=nom|gender=masc|num=sg case=nom|*=True|num=sg|pers=1 pers=1|num=sg|tense=pres|mood=ind _ _ _ case=nom|gender=neut|num=sg case=nom|gender=neut|num=sg|pos=True case=nom|gender=neut|num=sg _ pers=3|num=sg|tense=pres|mood=ind _ case=nom|gender=fem|num=sg _
311909836755464194	positive	dazu bedarfs nur Kaliumchlorat, Lactose und Kolophonium %PosSmiley papst orf2	dazu bedarfs nur Kaliumchlorat, Lactose und Kolophonium %PosSmiley papst orf2	PAV VVFIN ADV NE NN KON NN ITJ ADJA CARD	2/NK 0/-- 5/MO 5/PNC 2/OA 5/CD 6/CJ 9/NK 2/OA 9/NK	_ pers=3|num=sg|tense=past|mood=ind _ *=True *=True _ *=True EmoExpression::markable_20::EmoExpression=True|EmoExpression::markable_20::SubjectiveFact=false|EmoExpression::markable_20::Uncertain=false|EmoExpression::markable_20::Intensity=medium|EmoExpression::markable_20::Sarcasm=false|*=True|EmoExpression::markable_20::Polarity=positive case=dat|*=True|num=sg _
311919802904092673	positive	Wir hatten schon Kaiser Franz und nun gibt es Papst Franz%PosSmiley	wir haben schon Kaiser Franz und nun geben es Papst Franz%PosSmiley	PPER VAFIN ADV NE NE KON ADV VVFIN PPER NN NE	2/SB 0/-- 5/MO 5/PNC 2/SB 2/CD 8/MO 6/CJ 8/EP 8/OA 10/NK	case=nom|*=True|num=pl|pers=1 pers=1|num=pl|tense=past|mood=ind _ case=nom|gender=masc|num=sg case=nom|gender=masc|num=sg _ _ pers=3|num=sg|tense=pres|mood=ind case=nom|gender=neut|num=sg|pers=3 case=nom|gender=masc|num=sg case=nom|EmoExpression::markable_21::EmoExpression=True|gender=masc|EmoExpression::markable_21::Intensity=medium|num=sg|EmoExpression::markable_21::SubjectiveFact=false|EmoExpression::markable_21::Uncertain=false|EmoExpression::markable_21::Polarity=positive|EmoExpression::markable_21::Sarcasm=false
311909079410962433	neutral	Das wär ja auch mal was %PosSmiley Gleich kommt der Papst raus, reisst sich sein Gewand runter und brüllt: "ICH BIN'S ...	die wär ja auch mal was %PosSmiley gleich kommen die Papst raus, reißen sich sein Gewand runter und brüllt: "ICH sein ...	ART ADJD ADV ADV ADV PIS ITJ ADJD VVFIN ART NN NE VVFIN PRF PPOSAT NN PTKVZ KON ADJA NN VAFIN $.	2/NK 13/SB 2/MO 5/MO 9/MO 8/OA 8/DM 9/MO 2/OC 11/NK 9/SB 11/NK 0/-- 13/OA 16/NK 13/SB 13/MO 17/CD 20/NK 21/PD 18/CJ 21/--	case=nom|gender=neut|num=sg pers=3|num=sg|tense=past|mood=subj _ _ _ case=nom|gender=neut|num=sg _ _ pers=3|num=sg|tense=pres|mood=ind case=nom|gender=masc|num=sg case=nom|gender=masc|num=sg case=nom|gender=masc|num=sg pers=3|num=sg|tense=pres|mood=ind case=acc|pers=3|num=sg case=nom|gender=neut|num=sg case=nom|gender=neut|num=sg _ _ gender=fem|*=True|num=sg|pos=True gender=fem|*=True|num=sg gender=fem|*=True|num=sg _
311916291474722819	positive	Juhhhu das Licht ist an,wer ist denn jetzt der Papst %PosSmiley	Juhhhu die Licht sein an,wer sein denn jetzt die Papst %PosSmiley	NN ART NN VAFIN NN VAFIN ADV ADV ART NN ITJ	6/SB 3/NK 4/SB 1/PAR 4/PD 0/-- 6/MO 6/MO 10/NK 6/PD 10/NK	case=nom|Sentiment::markable_23::Sarcasm=false|Sentiment::markable_23::Intensity=medium|EmoExpression::markable_24::Sarcasm=false|gender=fem|EmoExpression::markable_24::Intensity=medium|num=sg|EmoExpression::markable_24::Uncertain=false|Sentiment::markable_23::Sentiment=True|EmoExpression::markable_24::Polarity=positive|Sentiment::markable_23::Polarity=positive|EmoExpression::markable_24::EmoExpression=True|EmoExpression::markable_24::SubjectiveFact=false case=nom|Sentiment::markable_23::Sentiment=True|num=sg|Target::markable_25::Preferred=true|Target::markable_25::Target=True|gender=neut|Target::markable_25::Anaphref=empty case=nom|gender=neut|num=sg|Sentiment::markable_23::Sentiment=True|Target::markable_25::Target=True pers=3|Sentiment::markable_23::Sentiment=True|num=sg|tense=pres|mood=ind|Target::markable_25::Target=True case=nom|gender=masc|num=sg pers=3|num=sg|tense=pres|mood=ind _ _ case=nom|gender=masc|num=sg case=nom|gender=masc|num=sg EmoExpression::markable_26::Sarcasm=false|EmoExpression::markable_26::EmoExpression=True|EmoExpression::markable_26::Uncertain=false|EmoExpression::markable_26::Intensity=medium|EmoExpression::markable_26::SubjectiveFact=false|EmoExpression::markable_26::Polarity=positive
311918853829562368	positive	Wenigstens traue ich einem Jesuiten zu, den Stall auszumisten ... geschult von der Junta %PosSmiley Papst Rom Argentinien	wenigstens trauen ich eine Jesuit zu, die Stall ausmisten ... schulen von die Junta %PosSmiley Papst Rom Argentinien	ADV VVFIN PPER ART NN NE ART NN VVIZU $. VVPP APPR ART NN ITJ NN NE NE	2/MO 0/-- 2/SB 5/NK 9/DA 5/NK 8/NK 9/OA 2/OC 9/-- 16/MO 11/SBP 14/NK 12/NK 16/NK 0/-- 18/PNC 16/NK	_ pers=1|num=sg|tense=pres|mood=ind case=nom|*=True|num=sg|pers=1 case=dat|gender=neut|num=sg case=dat|gender=neut|num=sg case=nom|*=True|num=sg case=acc|gender=masc|num=sg case=acc|gender=masc|num=sg _ _ _ _ case=dat|gender=fem|num=sg case=dat|gender=fem|num=sg case=nom|gender=masc|pos=True|EmoExpression::markable_27::EmoExpression=True|EmoExpression::markable_27::Uncertain=false|num=sg|EmoExpression::markable_27::Intensity=medium|EmoExpression::markable_27::SubjectiveFact=false|EmoExpression::markable_27::Polarity=positive|EmoExpression::markable_27::Sarcasm=false case=nom|gender=masc|num=sg case=nom|gender=neut|num=sg case=nom|gender=neut|num=sg
311918758035873795	positive	Habemus papam - und es ist ein Jesuit %PosSmiley papst	Habemus papam - und es sein eine Jesuit %PosSmiley papst	NN ADJD $( KON PPER VAFIN ART NN ITJ ADJA	6/CJ 1/PD 2/-- 6/JU 6/SB 0/-- 8/NK 6/PD 8/NK 6/MO	case=nom|gender=masc|num=sg pos=True _ Sentiment::markable_28::Polarity=positive|Sentiment::markable_28::Intensity=medium|Target::markable_30::Target=True|Target::markable_30::Anaphref=empty|Target::markable_30::Preferred=true|Sentiment::markable_28::Sentiment=True|Sentiment::markable_28::Sarcasm=false case=nom|pers=3|num=sg|Target::markable_30::Target=True|gender=neut|Sentiment::markable_28::Sentiment=True pers=3|num=sg|tense=pres|mood=ind|Target::markable_30::Target=True|Sentiment::markable_28::Sentiment=True case=nom|gender=masc|num=sg|Sentiment::markable_28::Sentiment=True|Target::markable_30::Target=True case=nom|gender=masc|num=sg|Sentiment::markable_28::Sentiment=True|Target::markable_30::Target=True EmoExpression::markable_29::Uncertain=false|EmoExpression::markable_29::EmoExpression=True|EmoExpression::markable_29::Polarity=positive|EmoExpression::markable_29::Sarcasm=false|EmoExpression::markable_29::Intensity=medium|Sentiment::markable_28::Sentiment=True|EmoExpression::markable_29::SubjectiveFact=false pers=3|num=sg|tense=pres|mood=ind
311920280069107712	negative	Ich will auch Papst sein %NegSmiley	ich wollen auch Papst sein %NegSmiley	PPER VMFIN ADV NN VAINF ITJ	2/SB 0/-- 4/MO 5/PD 2/OC 5/NK	case=nom|*=True|num=sg|pers=1 pers=1|num=sg|tense=pres|mood=ind _ case=nom|gender=masc|num=sg _ EmoExpression::markable_31::Sarcasm=false|EmoExpression::markable_31::EmoExpression=True|EmoExpression::markable_31::Uncertain=false|EmoExpression::markable_31::Intensity=medium|EmoExpression::markable_31::SubjectiveFact=false|EmoExpression::markable_31::Polarity=negative
311925203523489793	positive	Wie auf einmal Papst-Accounts aus dem Boden schiessen %PosSmiley	wie auf einmal Papst-Accounts aus die Boden schießen %PosSmiley	KOKOM APPR ADV NN APPR ART NN VVFIN ITJ	2/CM 8/MO 4/NK 2/NK 4/MNR 7/NK 5/NK 0/-- 8/DM	_ _ _ case=acc|gender=fem|num=pl _ case=dat|gender=masc|num=sg case=dat|gender=masc|num=sg pers=3|num=pl|tense=pres|mood=ind EmoExpression::markable_32::Intensity=medium|EmoExpression::markable_32::Polarity=positive|EmoExpression::markable_32::Sarcasm=false|EmoExpression::markable_32::SubjectiveFact=false|EmoExpression::markable_32::Uncertain=false|EmoExpression::markable_32::EmoExpression=True
311922878453014529	positive	Ich würde jetzt auch gerne noch ein Backstage-Special sehen.. Bitte.. %PosSmiley Papst FranziskusI	ich werden jetzt auch gerne noch eine Backstage-Special sehen.. Bitte.. %PosSmiley Papst FranziskusI	PPER VAFIN ADV ADV ADV ADV ART NN ADJA NN ITJ NN NE	2/SB 0/-- 9/MO 9/MO 9/MO 8/MO 8/NK 9/MO 2/OC 0/-- 10/NK 0/-- 12/NK	case=nom|Source::markable_37::Anaphref=empty|Sentiment::markable_33::Intensity=medium|*=True|pers=1|Sentiment::markable_33::Sentiment=True|num=sg|Sentiment::markable_33::Sarcasm=false|Sentiment::markable_33::Polarity=positive|Source::markable_37::Source=True pers=1|Sentiment::markable_33::Sentiment=True|num=sg|tense=past|mood=subj Sentiment::markable_33::Sentiment=True Sentiment::markable_33::Sentiment=True EmoExpression::markable_35::Uncertain=false|EmoExpression::markable_35::Intensity=medium|EmoExpression::markable_35::Sarcasm=false|EmoExpression::markable_35::SubjectiveFact=false|Sentiment::markable_33::Sentiment=True|EmoExpression::markable_35::EmoExpression=True|EmoExpression::markable_35::Polarity=positive Sentiment::markable_33::Sentiment=True case=nom|Target::markable_36::Anaphref=empty|num=sg|Target::markable_36::Preferred=true|Sentiment::markable_33::Sentiment=True|gender=neut|Target::markable_36::Target=True case=nom|gender=neut|num=sg|Sentiment::markable_33::Sentiment=True case=nom|gender=neut|num=sg|pos=True|Sentiment::markable_33::Sentiment=True case=nom|gender=masc|num=sg|Sentiment::markable_33::Sentiment=True case=nom|EmoExpression::markable_34::SubjectiveFact=false|gender=masc|EmoExpression::markable_34::Uncertain=false|EmoExpression::markable_34::Intensity=medium|Sentiment::markable_33::Sentiment=True|num=sg|EmoExpression::markable_34::EmoExpression=True|EmoExpression::markable_34::Polarity=positive|EmoExpression::markable_34::Sarcasm=false case=nom|gender=masc|num=sg case=nom|gender=masc|num=sg
311976260488273921	positive	HC und der argentinische Botschafter im ORF-Zentrum am Tag der Papst-Wahl %PosSmiley %Link	HC und die argentinisch Botschafter in ORF-Zentrum an Tag die Papst-Wahl %PosSmiley %Link	NE KON ART ADJA NN APPRART NN APPRART NN ART NN ITJ XY	12/NK 1/CD 5/NK 5/NK 2/CJ 5/MNR 6/NK 7/MNR 8/NK 11/NK 9/AG 13/NK 0/--	case=nom|*=True|num=sg _ case=nom|gender=masc|num=sg case=nom|gender=masc|num=sg|pos=True case=nom|gender=masc|num=sg case=dat|gender=neut|num=sg case=dat|gender=neut|num=sg case=dat|gender=masc|num=sg case=dat|gender=masc|num=sg case=gen|gender=fem|num=sg case=gen|gender=fem|num=sg EmoExpression::markable_38::Polarity=positive|EmoExpression::markable_38::Sarcasm=false|EmoExpression::markable_38::EmoExpression=True|EmoExpression::markable_38::SubjectiveFact=false|EmoExpression::markable_38::Uncertain=false|EmoExpression::markable_38::Intensity=medium _
311956417005355008	positive	Papst Wahl aus der Badewanne anschauen %PosSmiley Haha papst rom italien	Papst Wahl aus die Badewanne anschauen %PosSmiley Haha papst rom italien	NN NN APPR ART NN VVINF ITJ NE ADJA NN ADJA	11/MO 1/NK 6/MO 5/NK 3/NK 11/OC 10/NK 9/ADC 10/NK 6/MO 0/--	case=nom|gender=masc|num=sg case=nom|gender=masc|num=sg _ case=dat|gender=fem|num=sg case=dat|gender=fem|num=sg _ EmoExpression::markable_39::SubjectiveFact=false|EmoExpression::markable_39::EmoExpression=True|EmoExpression::markable_39::Polarity=positive|EmoExpression::markable_39::Sarcasm=false|*=True|EmoExpression::markable_39::Uncertain=false|EmoExpression::markable_39::Intensity=medium EmoExpression::markable_40::Sarcasm=false|EmoExpression::markable_40::Polarity=positive|EmoExpression::markable_40::Uncertain=false|EmoExpression::markable_40::Intensity=medium|EmoExpression::markable_40::EmoExpression=True|EmoExpression::markable_40::SubjectiveFact=false|*=True *=True case=dat|gender=neut|num=sg case=acc|gender=masc|num=sg|pos=True
311939782395707392	positive	die schauen dem Papst ja nahezu unter den Kittel... %PosSmiley orf	die schauen die Papst ja nahezu unter die Kittel... %PosSmiley orf	PDS VVFIN ART NN ADV ADV APPR ART NN ITJ NE	2/SB 0/-- 4/NK 2/DA 2/MO 2/MO 2/MO 9/NK 7/NK 11/NK 0/--	case=nom|*=True|num=pl pers=3|num=pl|tense=pres|mood=ind case=dat|gender=masc|num=sg case=dat|gender=masc|num=sg _ _ _ case=dat|gender=masc|num=pl case=dat|gender=masc|num=pl EmoExpression::markable_41::EmoExpression=True|EmoExpression::markable_41::Uncertain=false|EmoExpression::markable_41::Intensity=medium|EmoExpression::markable_41::SubjectiveFact=false|EmoExpression::markable_41::Polarity=positive|EmoExpression::markable_41::Sarcasm=false _
311918763362635776	negative	Turkleton (Turkson) ist doch nicht Papst %NegSmiley	Turkleton (Turkson) sein doch nicht Papst %NegSmiley	NN NN VAFIN ADV PTKNEG NN ITJ	3/SB 1/NK 0/-- 3/MO 3/NG 3/PD 6/NK	case=nom|Sentiment::markable_42::Sentiment=True|gender=neut|Sentiment::markable_42::Sarcasm=false|Sentiment::markable_42::Polarity=negative|num=sg|Target::markable_43::Preferred=true|Target::markable_43::Target=True|Sentiment::markable_42::Intensity=medium|Target::markable_43::Anaphref=empty case=nom|gender=neut|num=sg|Target::markable_43::Target=True|Sentiment::markable_42::Sentiment=True pers=3|Sentiment::markable_42::Sentiment=True|num=sg|tense=pres|mood=ind Sentiment::markable_42::Sentiment=True Sentiment::markable_42::Sentiment=True case=nom|gender=masc|num=sg|Sentiment::markable_42::Sentiment=True EmoExpression::markable_44::Uncertain=false|EmoExpression::markable_44::Intensity=medium|EmoExpression::markable_44::Sarcasm=false|EmoExpression::markable_44::SubjectiveFact=false|Sentiment::markable_42::Sentiment=True|EmoExpression::markable_44::EmoExpression=True|EmoExpression::markable_44::Polarity=negative
312117115173879808	positive	Sie wollten also einen schwarzen Papst %PosSmiley	Sie wollen also eine schwarz Papst %PosSmiley	PPER VMFIN ADV ART ADJA NN ITJ	2/SB 0/-- 2/MO 6/NK 6/NK 2/OA 6/NK	case=nom|*=True|num=pl|pers=3 pers=3|num=pl|tense=past|mood=ind _ case=acc|gender=masc|num=sg case=acc|gender=masc|num=sg|pos=True case=acc|gender=masc|num=sg EmoExpression::markable_45::SubjectiveFact=false|EmoExpression::markable_45::Intensity=medium|EmoExpression::markable_45::EmoExpression=True|EmoExpression::markable_45::Polarity=positive|EmoExpression::markable_45::Uncertain=false|EmoExpression::markable_45::Sarcasm=false
311887008924590080	positive	na ja mit "deutschsprachigem" Papst Schönborn bleiben die Deutschen eh auch ein bisschen mit am Ball %PosSmiley titelverteidigung	na ja mit "deutschsprachigem" Papst Schönborn bleiben die Deutsche eh auch eine bisschen mit an Ball %PosSmiley titelverteidigung	ITJ ADV APPR NN NN NE VVFIN ART NN ADV ADV ART ADV APPR APPRART NN ITJ ADJA	2/DM 7/MO 7/MO 3/NK 4/NK 5/NK 0/-- 9/NK 7/SB 7/MO 13/MO 13/NK 7/MO 7/MO 18/MO 15/NK 18/NK 14/NK	_ _ _ case=dat|gender=masc|num=sg case=nom|gender=masc|num=sg case=nom|gender=masc|num=sg pers=3|num=pl|tense=pres|mood=ind case=nom|gender=masc|num=pl case=nom|gender=masc|num=pl _ _ case=nom|gender=neut|num=sg _ _ case=dat|gender=neut|num=sg case=dat|gender=neut|num=sg case=dat|EmoExpression::markable_46::EmoExpression=True|EmoExpression::markable_46::Uncertain=false|gender=neut|EmoExpression::markable_46::SubjectiveFact=false|EmoExpression::markable_46::Polarity=positive|num=sg|EmoExpression::markable_46::Intensity=medium|EmoExpression::markable_46::Sarcasm=false gender=fem|*=True|num=sg
311916586946662400	positive	Der Papst muss sich noch Schminken %PosSmiley hat mein Bruder gesagt %PosSmiley %PosSmiley	die Papst müssen sich noch Schminke|Schminken %PosSmiley haben mein Bruder sagen %PosSmiley %PosSmiley	ART NN VMFIN PRF ADV NN ITJ VAFIN PPOSAT NN VVPP ITJ ITJ	2/NK 3/SB 0/-- 11/DA 3/MO 8/SB 6/NK 11/OC 10/NK 8/SB 3/OC 13/NK 3/DM	case=nom|gender=masc|num=sg case=nom|gender=masc|num=sg pers=3|num=sg|tense=pres|mood=ind case=acc|pers=3|num=sg _ case=nom|gender=neut|num=sg EmoExpression::markable_47::EmoExpression=True|EmoExpression::markable_47::SubjectiveFact=false|EmoExpression::markable_47::Uncertain=false|EmoExpression::markable_47::Polarity=positive|EmoExpression::markable_47::Sarcasm=false|EmoExpression::markable_47::Intensity=medium pers=3|num=sg|tense=pres|mood=ind case=nom|gender=masc|num=sg case=nom|gender=masc|num=sg _ EmoExpression::markable_48::SubjectiveFact=false|EmoExpression::markable_48::Polarity=positive|EmoExpression::markable_48::Sarcasm=false|EmoExpression::markable_48::Uncertain=false|EmoExpression::markable_48::EmoExpression=True|EmoExpression::markable_48::Intensity=strong EmoExpression::markable_48::EmoExpression=True
311959473830903810	neutral	RUFT JETZT FÜR DEN PAPST AN! 01379... Oder sende eine SMS mit "Konklave1" an die 666...6...%PosSmiley	rufen jetzt für die Papst AN! @card@ oder senden eine SMS mit "Konklave1" an die 666...6...%PosSmiley	VVFIN ADV APPR ART NN NN CARD KON VVFIN ART NE APPR NN APPR ART NE	0/-- 1/MO 1/MO 5/NK 3/NK 1/OA 0/-- 7/CD 8/CJ 11/NK 9/OA 9/MO 12/NK 13/MNR 16/NK 14/NK	_ _ _ *=True *=True *=True _ _ pers=3|num=sg|tense=pres|mood=subj case=nom|gender=fem|num=sg case=nom|gender=fem|num=sg _ case=dat|gender=fem|num=sg _ case=acc|gender=fem|num=sg case=acc|gender=fem|num=sg
311943550990422017	neutral	We rocked St.Peter %PosSmiley Riesendanke an %User für das spontane Papst-Special. Jetzt darfst in den Schiurlaub. Amen.	we rocked St.Peter %PosSmiley Riesendanke an %User für die spontan Papst-Special. jetzt dürfen in die Schiurlaub. Amen.	NE NE NN ITJ NN APPR NE APPR ART ADJA NN ADV VMFIN APPR ART NN NE	2/PNC 3/NK 0/-- 5/NK 3/APP 5/MNR 6/NK 3/MNR 11/NK 11/NK 8/NK 13/MO 0/-- 13/MO 16/NK 14/NK 0/--	case=nom|gender=fem|num=sg case=nom|gender=fem|num=sg case=nom|gender=fem|num=sg *=True case=acc|gender=fem|num=sg _ case=acc|gender=neut|num=sg _ case=acc|gender=neut|num=sg case=acc|gender=neut|num=sg|pos=True case=acc|gender=neut|num=sg _ pers=3|num=sg|tense=pres|mood=ind _ case=acc|gender=masc|num=sg case=acc|gender=masc|num=sg case=nom|*=True|num=sg
311928919337099264	positive	Wuhu, Twitter vom Papst wurde wieder aktiviert %PosSmiley	Wuhu, Twitter von Papst werden wieder aktivieren %PosSmiley	NE NN APPRART NN VAFIN ADV VVPP ITJ	2/AG 5/SB 2/MNR 3/NK 0/-- 7/MO 5/OC 7/NK	case=nom|gender=neut|num=sg|Sentiment::markable_51::Sentiment=True case=nom|Sentiment::markable_51::Sentiment=True|num=sg|Target::markable_53::Preferred=true|gender=neut|Target::markable_53::Target=True|Target::markable_53::Anaphref=empty case=dat|gender=masc|num=sg|Target::markable_53::Target=True|Sentiment::markable_51::Sentiment=True case=dat|gender=masc|num=sg|Target::markable_53::Target=True|Sentiment::markable_51::Sentiment=True pers=3|Sentiment::markable_51::Sentiment=True|num=sg|tense=past|mood=ind|Target::markable_53::Target=True Sentiment::markable_51::Sentiment=True|Target::markable_53::Target=True Sentiment::markable_51::Sentiment=True|Target::markable_53::Target=True Sentiment::markable_51::Sentiment=True|EmoExpression::markable_50::Intensity=medium|EmoExpression::markable_50::Polarity=positive|EmoExpression::markable_50::Sarcasm=false|EmoExpression::markable_50::SubjectiveFact=false|EmoExpression::markable_50::Uncertain=false|EmoExpression::markable_50::EmoExpression=True
311921310982893568	mixed	Der Papst sieht aber putzig aus. Ich mag ihn. Auch wenn mir die Kirche schnurz ist. %PosSmiley HabemusPapam pope	die Papst sehen aber putzig aus. ich mögen ihn. auch wenn ich die Kirche schnurz ist. %PosSmiley HabemusPapam pope	ART NN VVFIN ADV ADJD VVFIN PPER VMFIN ADV ADV KOUS PPER ART NN ADJA NN ITJ NN ADJA	2/NK 3/SB 0/-- 3/MO 3/MO 3/OC 8/SB 0/-- 8/MO 14/MO 14/CP 15/DA 14/NK 0/-- 16/NK 14/AG 18/NK 19/OA 0/--	case=nom|Target::markable_55::Target=True|Sentiment::markable_54::Polarity=positive|gender=masc|Sentiment::markable_54::Sentiment=True|Sentiment::markable_54::Sarcasm=false|num=sg|Target::markable_55::Anaphref=empty|Sentiment::markable_54::Intensity=medium|Target::markable_55::Preferred=true case=nom|gender=masc|num=sg|Sentiment::markable_54::Sentiment=True|Target::markable_55::Target=True pers=3|num=sg|tense=pres|mood=ind|Sentiment::markable_54::Sentiment=True Sentiment::markable_54::Sentiment=True EmoExpression::markable_56::Intensity=medium|EmoExpression::markable_56::EmoExpression=True|pos=True|Sentiment::markable_54::Sentiment=True|EmoExpression::markable_56::Sarcasm=false|EmoExpression::markable_56::SubjectiveFact=false|EmoExpression::markable_56::Polarity=positive|EmoExpression::markable_56::Uncertain=false Sentiment::markable_100500125::Intensity=medium|Sentiment::markable_100500125::Sentiment=True|Sentiment::markable_100500125::Polarity=positive|Sentiment::markable_100500125::Sarcasm=false|pos=True case=nom|Source::markable_58::Source=True|Sentiment::markable_57::Polarity=positive|Source::markable_58::Anaphref=empty|*=True|pers=1|Sentiment::markable_57::Sarcasm=false|num=sg|Sentiment::markable_57::Intensity=medium|Sentiment::markable_57::Sentiment=True mood=ind|EmoExpression::markable_60::SubjectiveFact=false|EmoExpression::markable_60::Uncertain=false|pers=1|EmoExpression::markable_60::Polarity=positive|num=sg|tense=pres|EmoExpression::markable_60::EmoExpression=True|Sentiment::markable_57::Sentiment=True|EmoExpression::markable_60::Sarcasm=false|EmoExpression::markable_60::Intensity=medium _ Sentiment::markable_61::Sentiment=True|Sentiment::markable_61::Polarity=negative|Sentiment::markable_61::Sarcasm=false|Sentiment::markable_61::Intensity=medium Sentiment::markable_61::Sentiment=True case=dat|pers=1|Sentiment::markable_61::Sentiment=True|num=sg|Source::markable_63::Source=True|*=True|Source::markable_63::Anaphref=empty case=nom|Sentiment::markable_61::Sentiment=True|num=sg|Target::markable_62::Target=True|gender=fem|Target::markable_62::Anaphref=empty|Target::markable_62::Preferred=true case=nom|gender=fem|Sentiment::markable_61::Sentiment=True|num=sg|Target::markable_62::Target=True case=nom|EmoExpression::markable_64::Sarcasm=false|EmoExpression::markable_64::SubjectiveFact=false|gender=fem|Sentiment::markable_61::Sentiment=True|EmoExpression::markable_64::Intensity=medium|num=sg|EmoExpression::markable_64::Polarity=negative|sup=True|EmoExpression::markable_64::EmoExpression=True|EmoExpression::markable_64::Uncertain=false case=nom|gender=fem|Sentiment::markable_61::Sentiment=True|num=sg EmoExpression::markable_65::Uncertain=false|Sentiment::markable_61::Sentiment=True|EmoExpression::markable_65::Polarity=positive|EmoExpression::markable_65::Sarcasm=false|EmoExpression::markable_65::Intensity=medium|EmoExpression::markable_65::EmoExpression=True|EmoExpression::markable_65::SubjectiveFact=false case=nom|gender=fem|num=sg case=nom|gender=fem|num=sg|pos=True
311881360069513216	positive	Erst 3 von 6 Leuten meiner Sippschaft haben einen Tipp abgegeben, wer der nächste Papst sein wird. Ich bin auch dabei %PosSmiley	erst 3 von 6 Leute mein Sippschaft haben eine Tip abgegeben, wer die nah Papst sein wird. ich sein auch dabei %PosSmiley	ADV CARD APPR CARD NN PPOSAT NN VAFIN ART NN VVPP PWS ART ADJA NN PPOSAT NN PPER VAFIN ADV PAV ITJ	2/MO 8/SB 2/PG 5/NK 3/NK 7/NK 5/AG 0/-- 10/NK 11/OA 8/OC 11/OA 15/NK 15/NK 12/PAR 17/NK 15/AG 19/SB 0/-- 19/MO 19/NK 21/NK	_ _ _ _ case=dat|*=True|num=pl case=gen|gender=fem|num=sg case=gen|gender=fem|num=sg pers=3|num=pl|tense=pres|mood=ind case=acc|gender=masc|num=sg case=acc|gender=masc|num=sg _ case=nom|gender=masc|num=sg case=nom|gender=masc|num=sg case=nom|gender=masc|num=sg|pos=True case=nom|gender=masc|num=sg _ case=nom|gender=fem|num=sg case=nom|*=True|num=sg|pers=1 pers=1|num=sg|tense=pres|mood=ind _ _ EmoExpression::markable_66::Polarity=positive|EmoExpression::markable_66::EmoExpression=True|EmoExpression::markable_66::Uncertain=false|EmoExpression::markable_66::Intensity=medium|EmoExpression::markable_66::Sarcasm=false|EmoExpression::markable_66::SubjectiveFact=false
311910236564893696	positive	%User hat Papst-Job abgesagt, wegen des Weltrekordversuches %PosSmiley 988stundenwach	%User haben Papst-Job abgesagt, wegen die Weltrekordversuches %PosSmiley 988stundenwach	NE VAFIN NN NE APPR ART NN ITJ ADJA	2/SB 0/-- 2/SB 3/NK 2/MO 7/NK 5/NK 9/NK 7/NK	case=nom|*=True|num=sg pers=3|num=sg|tense=pres|mood=ind case=acc|gender=masc|num=sg case=acc|gender=masc|num=sg _ case=gen|gender=masc|num=sg case=gen|gender=masc|num=sg EmoExpression::markable_67::Intensity=medium|EmoExpression::markable_67::Polarity=positive|EmoExpression::markable_67::Uncertain=false|EmoExpression::markable_67::Sarcasm=false|EmoExpression::markable_67::SubjectiveFact=false|EmoExpression::markable_67::EmoExpression=True case=gen|gender=masc|num=sg|pos=True
311916090575945729	neutral	%PosSmiley. Gerade bei Twitter gelesen: Falscher Alarm, Papst doch noch nicht gewählt. Sie haben aus versehen die weisse Möwe gegrillt.	%PosSmiley. gerade bei Twitter gelesen: Falsche Alarm, Papst doch noch nicht gewählt. Sie haben aus versehen die weiß Möwe gegrillt.	NN ADV APPR NN ADJA NN NE NN ADV ADV PTKNEG NN PPER VAFIN APPR ADJD ART ADJA NN NE	0/-- 3/MO 5/MO 3/NK 0/-- 5/SB 8/PNC 6/NK 11/MO 11/MO 12/NG 5/OA 14/SB 0/-- 14/MO 15/NK 19/NK 19/NK 14/SB 19/AG	case=nom|gender=neut|num=sg _ _ case=dat|gender=masc|num=sg case=dat|gender=masc|num=sg|pos=True case=dat|gender=masc|num=sg case=nom|gender=masc|num=sg case=nom|gender=masc|num=sg _ _ _ _ case=nom|*=True|num=pl|pers=3 pers=3|num=pl|tense=pres|mood=ind _ pers=3|num=pl|tense=pres|mood=ind case=nom|gender=masc|num=pl case=nom|gender=masc|num=pl case=nom|gender=masc|num=pl case=gen|*=True|num=sg
311915358678298625	neutral	+EILMELKUNG+ Auch fremder Mann mit Fernglas weiss nicht, wer neuer Papst ist. ZDF	+EILMELKUNG+ auch fremd Mann mit Fernglas wissen nicht, wer neu Papst ist. ZDF	NN ADV ADJA NN APPR NN VVFIN ADJA PWS ADJA NN NE NE	0/-- 4/MO 4/NK 7/SB 4/MNR 5/NK 1/MNR 11/NK 11/NK 11/NK 7/SB 11/NK 0/--	case=nom|gender=masc|num=sg _ case=nom|gender=masc|num=sg|pos=True case=nom|gender=masc|num=sg _ case=dat|gender=fem|num=pl _ case=nom|gender=masc|num=sg|pos=True case=nom|gender=masc|num=sg case=nom|gender=masc|num=sg|pos=True case=nom|gender=masc|num=sg case=nom|gender=masc|num=sg _
311917266537164801	neutral	Es gibt Dinge über die macht man keine Witze! Und dazu gehört: um 20:45 spielt der %User in der CL! Also gemma ...	Es geben Ding über die machen man keine Witze! und dazu gehört: um @card@ spielen die %User in die CL! also gemma ...	NN VVFIN NN APPR PDS VVFIN PIS PIAT NN KON PAV VVFIN APPR CARD VVFIN ART NE APPR ART NN ADV ADJD $.	2/SB 0/-- 2/OA 6/MO 4/NK 2/CJ 6/SB 9/NK 6/OA 15/JU 12/NK 15/MO 12/MO 13/NK 0/-- 17/NK 15/SB 15/MO 20/NK 18/NK 22/MO 0/-- 22/--	case=nom|gender=neut|Sentiment::markable_100500127::Sentiment=True|num=sg|pers=3 pers=3|Sentiment::markable_100500127::Sentiment=True|num=sg|tense=pres|mood=ind case=acc|Target::markable_100500129::Anaphref=empty|num=pl|Target::markable_100500129::Preferred=true|Target::markable_100500129::Target=True|gender=neut|Sentiment::markable_100500127::Sentiment=True Sentiment::markable_100500127::Sentiment=True case=acc|gender=fem|Sentiment::markable_100500127::Sentiment=True|num=sg pers=3|Sentiment::markable_100500127::Sentiment=True|num=sg|tense=pres|mood=ind case=nom|*=True|Sentiment::markable_100500127::Sentiment=True|num=sg case=acc|num=sg|Negation::markable_100500131::Negation=True|gender=fem|Sentiment::markable_100500127::Sentiment=True|Negation::markable_100500131::EmoExpressionRef=empty case=acc|gender=fem|Sentiment::markable_100500127::Sentiment=True|num=sg Sentiment::markable_100500127::Sentiment=True Sentiment::markable_100500127::Sentiment=True Sentiment::markable_100500127::Sentiment=True Target::markable_100500132::Anaphref=empty|Target::markable_100500132::Target=True|Sentiment::markable_100500127::Sentiment=True|Target::markable_100500132::Preferred=true Target::markable_100500132::Target=True|Sentiment::markable_100500127::Sentiment=True pers=3|Target::markable_100500132::Target=True|num=sg|tense=pres|mood=ind|Sentiment::markable_100500127::Sentiment=True case=nom|gender=masc|Sentiment::markable_100500127::Sentiment=True|num=sg|Target::markable_100500132::Target=True case=nom|gender=masc|Sentiment::markable_100500127::Sentiment=True|num=sg|Target::markable_100500132::Target=True Target::markable_100500132::Target=True|Sentiment::markable_100500127::Sentiment=True case=dat|gender=fem|Sentiment::markable_100500127::Sentiment=True|num=sg|Target::markable_100500132::Target=True case=dat|gender=fem|Sentiment::markable_100500127::Sentiment=True|num=sg _ pos=True _
311923219080814593	neutral	wvl Eilmeldung: Papst wünscht eine geruhsame Nacht	wvl Eilmeldung: Papst wünschen eine geruhsam Nacht	NE NE NN VVFIN ART ADJA NN	2/PNC 4/SB 2/NK 0/-- 7/NK 7/NK 4/OA	case=nom|gender=masc|num=sg case=nom|gender=masc|num=sg case=nom|gender=masc|num=sg pers=3|num=sg|tense=pres|mood=ind case=acc|gender=fem|num=sg case=acc|gender=fem|num=sg|pos=True case=acc|gender=fem|num=sg
312080290728263680	neutral	Der neue Papst Franziskus: Der Anwalt der Armen - STERN%PosSmileyE	die neu Papst Franziskus: die Anwalt die Arm|Arme - STERN%PosSmileyE	ART ADJA NN NE ART NN ART NN $( NE	3/NK 3/NK 0/-- 3/NK 6/NK 3/SB 8/NK 6/AG 8/-- 6/APP	case=nom|gender=masc|num=sg case=nom|gender=masc|num=sg|pos=True case=nom|gender=masc|num=sg case=nom|gender=masc|num=sg case=nom|gender=masc|num=sg case=nom|gender=masc|num=sg case=gen|gender=fem|num=pl case=gen|gender=fem|num=pl _ *=True
311919961436205056	positive	Hoffentlich sorgt der Papst dafür das ich morgen eine 1 schreibe %PosSmiley	hoffentlich sorgen die Papst dafür die ich morgen eine 1 schreiben %PosSmiley	ADV VVFIN ART NN PAV PRELS PPER ADV ART CARD VVFIN ITJ	2/MO 0/-- 4/NK 2/SB 4/NK 11/OA 11/SB 7/MNR 10/NK 11/SB 2/OC 11/DM	_ pers=3|num=sg|tense=pres|mood=ind case=nom|gender=masc|num=sg case=nom|gender=masc|num=sg _ case=acc|gender=neut|num=sg case=nom|*=True|num=sg|pers=1 _ case=acc|gender=fem|num=sg _ pers=3|num=sg|tense=pres|mood=subj EmoExpression::markable_68::Sarcasm=false|EmoExpression::markable_68::Uncertain=false|EmoExpression::markable_68::Intensity=strong|EmoExpression::markable_68::Polarity=positive|EmoExpression::markable_68::EmoExpression=True|EmoExpression::markable_68::SubjectiveFact=false
311903560600268802	mixed	Was passiert eigentlich, wenn der gewählte Papst einen Herzinfarkt bekommt, weil er sich so freut? Kommt dann wieder schwarzer Rauch? F.f.e.F	was passieren eigentlich, wenn die gewählt Papst eine Herzinfarkt bekommt, weil er sich so freut? kommen dann wieder schwarz Rauch? F.f.e.F	PIS VVFIN ADV KOUS ART ADJA NN ART NN VVFIN KOUS PPER PRF ADV VVFIN VVFIN ADV ADV ADJA NN NE	2/SB 0/-- 10/MO 10/CP 7/NK 7/NK 10/SB 9/NK 10/OA 2/MO 15/CP 15/SB 15/OA 15/MO 2/MO 0/-- 16/MO 16/MO 20/NK 16/SB 0/--	case=nom|gender=neut|num=sg pers=3|num=sg|tense=pres|mood=ind pos=True _ case=nom|gender=masc|num=sg case=nom|gender=masc|num=sg|pos=True case=nom|gender=masc|num=sg case=acc|gender=masc|num=sg case=acc|EmoExpression::markable_104011185::Sarcasm=false|EmoExpression::markable_104011185::Polarity=negative|gender=masc|EmoExpression::markable_104011185::Uncertain=false|EmoExpression::markable_104011185::Intensity=medium|num=sg|EmoExpression::markable_104011185::EmoExpression=True|EmoExpression::markable_104011185::SubjectiveFact=true _ _ case=nom|gender=masc|num=sg|pers=3 case=acc|EmoExpression::markable_104011186::Polarity=positive|EmoExpression::markable_104011186::Uncertain=false|pers=3|num=sg|EmoExpression::markable_104011186::EmoExpression=True|EmoExpression::markable_104011186::Intensity=medium|EmoExpression::markable_104011186::SubjectiveFact=false|EmoExpression::markable_104011186::Sarcasm=false _ pers=3|num=sg|tense=pres|mood=ind pers=3|num=sg|tense=pres|mood=ind _ _ case=nom|EmoExpression::markable_104011187::Uncertain=false|gender=masc|EmoExpression::markable_104011187::Intensity=medium|pos=True|EmoExpression::markable_104011187::Sarcasm=false|EmoExpression::markable_104011187::SubjectiveFact=true|num=sg|EmoExpression::markable_104011187::Polarity=negative|EmoExpression::markable_104011187::EmoExpression=True case=nom|gender=masc|num=sg case=nom|gender=neut|num=sg
311918907923525634	neutral	Argentinischer Erzbischof Jorge Mario Bergoglio ist der neue Papst	argentinisch Erzbischof Jorge Mario Bergoglio sein die neu Papst	ADJA NN NE NE NE VAFIN ART ADJA NN	2/NK 6/SB 5/PNC 5/PNC 2/NK 0/-- 9/NK 9/NK 6/PD	case=nom|gender=masc|num=sg|pos=True case=nom|gender=masc|num=sg case=nom|gender=masc|num=sg case=nom|gender=masc|num=sg case=nom|gender=masc|num=sg pers=3|num=sg|tense=pres|mood=ind case=nom|gender=masc|num=sg case=nom|gender=masc|num=sg|pos=True case=nom|gender=masc|num=sg
311920072560091137	positive	Erst Messi und jetzt Gotts oberster Messdiener. Argentinien ist das Land der Stunde! Viel Erfolg Papst Franziskus I.	erst Messi und jetzt Gott ober Messdiener. Argentinien sein die Land die Stunde! viel Erfolg Papst Franziskus I.	ADV NN KON ADV NN ADJA NE NE VAFIN ART NN ART NN ADV NN NN NE NE	2/MO 0/-- 2/CD 5/MO 3/CJ 7/NK 5/AG 9/SB 0/-- 11/NK 9/PD 13/NK 11/AG 15/MO 0/-- 15/NK 18/PNC 16/NK	_ case=nom|gender=fem|num=sg _ _ case=gen|gender=masc|num=sg case=gen|gender=fem|num=sg|sup=True case=gen|gender=fem|num=sg case=nom|Target::markable_70::Anaphref=empty|gender=neut|Sentiment::markable_69::Polarity=positive|Target::markable_70::Preferred=true|Target::markable_70::Target=True|num=sg|Sentiment::markable_69::Sarcasm=false|Sentiment::markable_69::Intensity=medium|Sentiment::markable_69::Sentiment=True pers=3|Sentiment::markable_69::Sentiment=True|num=sg|tense=pres|mood=ind case=nom|EmoExpression::markable_71::Intensity=medium|EmoExpression::markable_71::SubjectiveFact=false|gender=neut|EmoExpression::markable_71::Polarity=positive|EmoExpression::markable_71::Uncertain=false|num=sg|EmoExpression::markable_71::Sarcasm=false|Sentiment::markable_69::Sentiment=True|EmoExpression::markable_71::EmoExpression=True case=nom|gender=neut|Sentiment::markable_69::Sentiment=True|num=sg|EmoExpression::markable_71::EmoExpression=True case=gen|gender=fem|Sentiment::markable_69::Sentiment=True|num=sg|EmoExpression::markable_71::EmoExpression=True case=gen|gender=fem|Sentiment::markable_69::Sentiment=True|num=sg EmoExpression::markable_104011188::Uncertain=false|EmoExpression::markable_104011188::Intensity=medium|EmoExpression::markable_104011188::Sarcasm=false|EmoExpression::markable_104011188::SubjectiveFact=false|EmoExpression::markable_104011188::Polarity=positive|*=True|EmoExpression::markable_104011188::EmoExpression=True case=nom|gender=masc|num=sg|EmoExpression::markable_104011188::EmoExpression=True case=nom|gender=masc|num=sg case=nom|gender=masc|num=sg case=nom|gender=masc|num=sg
311947969010225153	neutral	++epd-Newsticker++ Jorge Mario Bergoglio zum neuen Papst gewählt: Kardinal Jorge Mario Bergoglio, Erzbischof von Buenos Aires, ist... ++	++epd-Newsticker++ Jorge Mario Bergoglio zu neu Papst gewählt: Kardinal Jorge Mario Bergoglio, Erzbischof von Buenos Aires, ist... ++	NN NE NE NE APPRART ADJA NN ADJA NN NE NE NE NN APPR NE NE ADJA ADJA	0/-- 4/PNC 4/PNC 1/NK 1/MO 7/NK 5/NK 9/NK 7/AG 12/PNC 12/PNC 9/NK 17/PNC 17/SBP 16/PNC 14/NK 1/NK 0/--	case=nom|gender=masc|num=sg case=nom|gender=masc|num=sg case=nom|gender=masc|num=sg case=nom|gender=masc|num=sg case=dat|gender=masc|num=sg case=dat|gender=masc|num=sg|pos=True case=dat|gender=masc|num=sg case=dat|gender=masc|num=sg|pos=True case=dat|gender=masc|num=sg case=nom|gender=masc|num=sg case=nom|gender=masc|num=sg case=nom|gender=masc|num=sg case=nom|gender=masc|num=sg _ *=True case=dat|gender=neut|num=sg case=dat|gender=fem|num=sg|pos=True _
312120280514433024	positive	Im Team zeigen sich viele beflügelt durch den neuen Papst. Führung und Leitung tun gut...	in Team zeigen sich viele beflügeln durch die neu Papst. Führung und Leitung tun gut...	APPRART NN VVFIN PRF PIS VVFIN APPR ART ADJA NN NN KON NN VVFIN ADJA	3/MO 1/NK 0/-- 3/OA 6/SB 3/OC 6/MO 10/NK 10/NK 7/NK 14/SB 11/CD 12/CJ 0/-- 14/SB	case=dat|Sentiment::markable_72::Sarcasm=false|num=sg|Sentiment::markable_72::Polarity=positive|gender=neut|Sentiment::markable_72::Intensity=medium|Sentiment::markable_72::Sentiment=True case=dat|gender=neut|num=sg|Sentiment::markable_72::Sentiment=True pers=3|num=pl|tense=pres|mood=ind|Sentiment::markable_72::Sentiment=True case=acc|pers=3|num=pl|Sentiment::markable_72::Sentiment=True case=nom|num=pl|Source::markable_73::Anaphref=empty|*=True|Sentiment::markable_72::Sentiment=True|Source::markable_73::Source=True EmoExpression::markable_74::EmoExpression=True|EmoExpression::markable_74::Uncertain=false|EmoExpression::markable_74::Intensity=medium|mood=ind|EmoExpression::markable_74::Polarity=positive|EmoExpression::markable_74::Sarcasm=false|Sentiment::markable_72::Sentiment=True|pers=3|num=sg|tense=pres|EmoExpression::markable_74::SubjectiveFact=false Target::markable_75::Target=True|Target::markable_75::Anaphref=empty|Target::markable_75::Preferred=true|Sentiment::markable_72::Sentiment=True case=acc|gender=masc|Target::markable_75::Target=True|num=sg|Sentiment::markable_72::Sentiment=True case=acc|num=sg|Target::markable_75::Target=True|gender=masc|pos=True|Sentiment::markable_72::Sentiment=True case=acc|gender=masc|num=sg case=nom|gender=fem|num=sg _ case=nom|gender=fem|num=sg pers=3|num=pl|tense=pres|mood=ind case=acc|gender=masc|num=sg|pos=True
311925631405416448	negative	Nach der ganzen Papst-Aufregung jetzt erstmal etwas Schokolade zur Beruhigung. Frisch gebloggt in den Breaking News	nach die ganz Papst-Aufregung jetzt erstmal etwas Schokolade zu Beruhigung. Frisch gebloggt in die Breaking News	APPR ART ADJA NN ADV ADV PIAT NN APPRART NN NE VVPP APPR ART NN NN	5/MO 4/NK 4/NK 1/NK 8/MNR 5/MO 8/NK 0/-- 8/MNR 9/NK 12/SB 0/-- 12/MO 15/NK 13/NK 15/NK	_ case=dat|gender=fem|num=sg case=dat|gender=fem|num=sg|pos=True case=dat|EmoExpression::markable_104011189::Intensity=medium|EmoExpression::markable_104011189::SubjectiveFact=true|EmoExpression::markable_104011189::EmoExpression=True|gender=fem|EmoExpression::markable_104011189::Sarcasm=false|num=sg|EmoExpression::markable_104011189::Polarity=negative|EmoExpression::markable_104011189::Uncertain=false _ _ *=True case=acc|gender=neut|num=sg case=dat|gender=fem|num=sg case=dat|gender=fem|num=sg pos=True _ _ case=acc|gender=masc|num=sg case=acc|gender=masc|num=sg *=True
311940160185044992	neutral	Ich bin ganz sicher nicht kirchlich, aber lässt den Katholiken doch ihren Papst und das Drumherum.	ich sein ganz sicher nicht kirchlich, aber lassen die Katholik doch ihr Papst und die Drumherum.	PPER VAFIN ADV ADJD PTKNEG ADJD KON VVFIN ART NN KON PPOSAT NN KON ART NN	2/SB 0/-- 4/MO 2/MO 2/NG 2/PD 2/CD 7/CJ 10/NK 8/OA 10/CD 13/NK 11/CJ 13/CD 16/NK 14/CJ	case=nom|*=True|num=sg|pers=1 pers=1|num=sg|tense=pres|mood=ind _ pos=True _ pos=True _ pers=3|num=sg|tense=pres|mood=ind case=acc|gender=masc|num=sg case=acc|gender=masc|num=sg _ case=acc|gender=masc|num=sg case=acc|gender=masc|num=sg _ case=nom|gender=neut|num=sg case=nom|gender=neut|num=sg
311915425850085376	neutral	Der neue Papst ist doch auch wieder ein älterer Herr. Wie lange der schon alleine zum Umziehen braucht.	die neu Papst sein doch auch wieder eine alt Herr. wie lange die schon alleine zu Umziehen braucht.	ART ADJA NN VAFIN ADV ADV ADV ART ADJA NN KOKOM ADV ART ADV ADV APPRART NN NE	3/NK 3/NK 4/SB 0/-- 4/MO 7/MO 4/MO 10/NK 10/NK 4/PD 12/MO 13/MO 16/SB 15/MO 13/MO 0/-- 16/NK 17/NK	case=nom|gender=masc|num=sg case=nom|gender=masc|num=sg|pos=True case=nom|gender=masc|num=sg pers=3|num=sg|tense=pres|mood=ind _ _ _ case=nom|gender=masc|num=sg case=nom|gender=masc|num=sg|comp=True case=nom|gender=masc|num=sg _ _ case=nom|gender=masc|num=sg _ _ case=dat|gender=masc|num=sg case=dat|gender=masc|num=sg case=nom|*=True|num=sg
311914916346998784	negative	Mir ist es eigentlich völlig wurscht, wer Papst wird, irgendein alter weisser frauenfeindlicher Knacker halt. konklave	Mir sein es eigentlich völlig wurscht, wer Papst wird, irgendeine alt weiß frauenfeindlich Knacker halt. Konklave	NN VAFIN PPER ADV ADJD VVPP PWS NN NE PIAT ADJA ADJA ADJA NN NE NN	2/PD 0/-- 2/SB 2/MO 6/MO 2/PD 8/NK 6/PAR 8/NK 14/NK 14/NK 14/NK 14/NK 8/CJ 16/PNC 14/NK	case=nom|Sentiment::markable_77::Sentiment=True|Source::markable_78::Anaphref=empty|gender=masc|Sentiment::markable_77::Sarcasm=false|Sentiment::markable_77::Polarity=negative|num=sg|Sentiment::markable_77::Intensity=strong|Source::markable_78::Source=True pers=3|Sentiment::markable_77::Sentiment=True|num=sg|tense=pres|mood=ind case=nom|gender=neut|num=sg|Sentiment::markable_77::Sentiment=True|pers=3 Sentiment::markable_77::Sentiment=True Intensifier::markable_80::Degree=medium|Sentiment::markable_77::Sentiment=True|Intensifier::markable_80::EmoExpressionRef=emo-expression:markable_79|Intensifier::markable_80::Intensifier=True|pos=True Sentiment::markable_77::Sentiment=True|pos=True case=nom|Sentiment::markable_77::Sentiment=True|num=sg|Target::markable_81::Preferred=true|gender=masc|Target::markable_81::Target=True|Target::markable_81::Anaphref=empty case=nom|gender=masc|Target::markable_81::Target=True|num=sg|Sentiment::markable_77::Sentiment=True case=nom|gender=masc|num=sg case=nom|num=sg|Sentiment::markable_82::Sentiment=True|Sentiment::markable_82::Sarcasm=false|Sentiment::markable_82::Polarity=negative|gender=masc|Sentiment::markable_82::Intensity=medium case=nom|gender=masc|num=sg|pos=True|Sentiment::markable_82::Sentiment=True case=nom|gender=masc|num=sg|pos=True|Sentiment::markable_82::Sentiment=True case=nom|EmoExpression::markable_83::EmoExpression=True|gender=masc|pos=True|EmoExpression::markable_83::Intensity=medium|num=sg|Sentiment::markable_82::Sentiment=True|EmoExpression::markable_83::SubjectiveFact=false|EmoExpression::markable_83::Uncertain=false|EmoExpression::markable_83::Polarity=negative|EmoExpression::markable_83::Sarcasm=false case=nom|EmoExpression::markable_84::Sarcasm=false|EmoExpression::markable_84::EmoExpression=True|EmoExpression::markable_84::Uncertain=false|Target::markable_85::Preferred=true|EmoExpression::markable_84::Intensity=medium|gender=masc|EmoExpression::markable_84::Polarity=positive|Target::markable_85::Target=True|Target::markable_85::Anaphref=empty|num=sg|Sentiment::markable_82::Sentiment=True|EmoExpression::markable_84::SubjectiveFact=false case=nom|gender=masc|num=sg case=nom|gender=masc|num=sg
311913822829039616	negative	Gutes Datum, gutes Omen? Der neue Papst ist am 13.März 2013 gewählt.	Gute Datum, gut Omen? die neu Papst sein an 13.März @card@ gewählt.	NN NE ADJA NN ART ADJA NN VAFIN APPRART NN CARD NN	0/-- 1/NK 4/NK 1/PAR 7/NK 7/NK 8/SB 0/-- 8/MO 9/NK 12/NK 8/MO	case=nom|EmoExpression::markable_88::EmoExpression=True|gender=neut|EmoExpression::markable_88::Polarity=positive|Sentiment::markable_86::Polarity=negative|Sentiment::markable_86::Sentiment=True|num=sg|Sentiment::markable_86::Intensity=medium|EmoExpression::markable_88::Uncertain=false|Sentiment::markable_86::Sarcasm=true|EmoExpression::markable_88::Intensity=medium|EmoExpression::markable_88::Sarcasm=true|EmoExpression::markable_88::SubjectiveFact=false case=nom|gender=neut|num=sg case=nom|Sentiment::markable_89::Sentiment=True|EmoExpression::markable_91::Uncertain=false|gender=neut|EmoExpression::markable_91::Sarcasm=true|Sentiment::markable_89::Sarcasm=true|pos=True|EmoExpression::markable_91::EmoExpression=True|Sentiment::markable_89::Polarity=negative|num=sg|EmoExpression::markable_91::Intensity=medium|EmoExpression::markable_91::SubjectiveFact=false|Sentiment::markable_89::Intensity=medium|EmoExpression::markable_91::Polarity=positive case=nom|gender=neut|num=sg case=nom|gender=masc|num=sg case=nom|gender=masc|num=sg|pos=True case=nom|gender=masc|num=sg pers=3|num=sg|tense=pres|mood=ind case=dat|gender=masc|num=sg case=dat|gender=masc|num=sg _ gender=neut|*=True
311901996171005953	positive	Konklave: Weisser Rauch! Neuer Papst ist gewählt...	Konklave: weiß Rauch! neu Papst sein gewählt...	NN ADJA NN ADJA NN VAFIN ADJA	0/-- 3/NK 1/AG 5/NK 6/SB 0/-- 6/SB	case=nom|EmoExpression::markable_104011191::Intensity=medium|EmoExpression::markable_104011191::Polarity=positive|gender=masc|EmoExpression::markable_104011191::SubjectiveFact=true|EmoExpression::markable_104011191::Sarcasm=false|num=sg|EmoExpression::markable_104011191::EmoExpression=True|EmoExpression::markable_104011191::Uncertain=false EmoExpression::markable_104011191::EmoExpression=True|*=True|pos=True case=nom|gender=masc|num=sg case=nom|gender=masc|num=sg|pos=True case=nom|gender=masc|num=sg pers=3|num=sg|tense=pres|mood=ind case=nom|gender=masc|num=sg|pos=True
311926190195748864	neutral	Letzte Papst war Benedikt wie mein Bruder, jetzt Franziskus - na wenn das mal nichts zu bedeuten hat...	letzt Papst sein Benedikt wie mein Bruder, jetzt Franziskus - na wenn die mal nichts zu bedeuten hat...	ADJA NN VAFIN NE KOKOM PPOSAT NN ADV NE $( ITJ KOUS PDS ADV PIS PTKZU VVINF ADJA	2/NK 3/PD 0/-- 3/SB 7/CM 7/NK 3/MO 7/MO 18/AG 9/-- 18/NK 17/CP 17/OA 17/MO 17/OA 17/PM 18/OC 7/NK	case=nom|gender=masc|num=sg|pos=True case=nom|gender=masc|num=sg pers=3|num=sg|tense=past|mood=ind case=acc|*=True|num=sg _ case=nom|gender=masc|num=sg case=nom|gender=masc|num=sg _ case=nom|gender=masc|num=sg _ _ _ case=nom|gender=neut|num=sg _ gender=neut|*=True _ _ case=dat|gender=neut|num=pl|pos=True
311923680269725697	neutral	Der neue Papst: Es ist ein Argentinier	die neu Papst: es sein eine Argentinier	ART ADJA NN PPER VAFIN ART NN	3/NK 3/NK 5/PD 5/SB 0/-- 7/NK 5/PD	case=nom|gender=masc|num=sg case=nom|gender=masc|num=sg|pos=True case=nom|gender=masc|num=sg case=nom|gender=neut|num=sg|pers=3 pers=3|num=sg|tense=pres|mood=ind case=nom|gender=masc|num=sg case=nom|gender=masc|num=sg
311919257330012161	negative	was für ein blödsinn,ein neuer papst, war der alte nicht einer zuviel	was für eine blödsinn,ein neu papst, sein die alt nicht eine zuviele	PIS APPR ART ADJA ADJA NE VAFIN ART ADJA PTKNEG ART PIAT	7/PD 1/MNR 6/NK 6/NK 6/NK 2/NK 0/-- 9/NK 7/SB 12/NG 12/NK 9/NK	case=nom|num=sg|Sentiment::markable_92::Intensity=strong|Sentiment::markable_92::Sarcasm=false|Sentiment::markable_92::Sentiment=True|gender=neut|Sentiment::markable_92::Polarity=negative Sentiment::markable_92::Sentiment=True case=acc|gender=neut|num=sg|Sentiment::markable_92::Sentiment=True case=nom|Sentiment::markable_92::Sentiment=True|num=sg|Target::markable_94::Preferred=true|Target::markable_94::Target=True|gender=masc|Target::markable_94::Anaphref=empty case=nom|Sentiment::markable_92::Sentiment=True|num=sg|Target::markable_94::Target=True|gender=masc|pos=True case=nom|gender=masc|num=sg Sentiment::markable_100500133::Sarcasm=false|mood=ind|Sentiment::markable_100500133::Polarity=negative|pers=3|num=sg|tense=past|Sentiment::markable_100500133::Intensity=medium|Sentiment::markable_100500133::Sentiment=True case=nom|Target::markable_100500134::Anaphref=empty|num=sg|gender=masc|Target::markable_100500134::Target=True|Target::markable_100500134::Preferred=true|Sentiment::markable_100500133::Sentiment=True case=nom|num=sg|gender=masc|Target::markable_100500134::Target=True|pos=True|Sentiment::markable_100500133::Sentiment=True Sentiment::markable_100500133::Sentiment=True case=nom|gender=masc|num=sg|Sentiment::markable_100500133::Sentiment=True EmoExpression::markable_100500135::EmoExpression=True|EmoExpression::markable_100500135::Sarcasm=false|*=True|EmoExpression::markable_100500135::Polarity=negative|EmoExpression::markable_100500135::Uncertain=false|EmoExpression::markable_100500135::Intensity=medium|EmoExpression::markable_100500135::SubjectiveFact=false|Sentiment::markable_100500133::Sentiment=True
311817898756829184	neutral	message an den neuen pabst: kannsch di figgen	Message an die neu pabst: kannsch di figgen	NN APPR ART ADJA ADJA NN NE VVFIN	8/OA 1/MNR 6/NK 6/NK 6/NK 2/NK 6/NK 0/--	case=nom|gender=fem|num=sg _ case=dat|gender=masc|num=pl case=dat|gender=masc|num=pl|pos=True case=dat|gender=masc|num=pl|pos=True case=dat|gender=masc|num=pl _ pers=3|num=pl|tense=pres|mood=ind
311961864022142976	neutral	Kommentar eines lebenserfahrenen Kollegen zum neuen Papst: "So sieht man mit 76 aus, wenn man ...	Kommentar eine lebenserfahren Kollege zu neu Papst: "So sehen man mit @card@ aus, wenn man ...	NN ART ADJA NN APPRART ADJA NN NE VVFIN PIS APPR CARD NN KOUS PIS $.	9/SB 4/NK 4/NK 1/AG 4/MNR 7/NK 5/NK 7/NK 0/-- 9/SB 9/MO 13/NK 11/NK 13/NK 9/OA 15/--	case=nom|gender=masc|num=sg case=gen|gender=masc|num=sg case=gen|gender=masc|num=sg|pos=True case=gen|gender=masc|num=sg case=dat|gender=masc|num=sg case=dat|gender=masc|num=sg|pos=True case=dat|gender=masc|num=sg case=nom|*=True|num=sg pers=3|num=sg|tense=pres|mood=ind case=nom|*=True|num=sg _ _ gender=masc|*=True _ case=nom|*=True|num=sg _
311906712556806144	negative	Schiebt euch eure bitte eure Papstflachwitze sonst wo hin, solang der Papst nichts zur Gleiberechtigung und Akzeptanz diverser...	schieben ihr euer bitte euer Papstflachwitze sonst wo hin, solang die Papst nichts zu Gleiberechtigung und Akzeptanz diverser...	VVFIN PPER PPOSAT ADV PPOSAT NN ADV PWAV VVFIN KOUS ART NN PIS APPRART NN KON NN ADJA	0/-- 1/DA 17/NK 1/MO 6/NK 1/OA 1/MO 9/MO 1/MO 9/MO 12/NK 10/NK 9/OA 13/MNR 14/NK 15/CD 16/CJ 9/MO	pers=3|num=sg|tense=pres|mood=ind case=dat|*=True|num=pl|pers=2 case=acc|*=True|num=pl|comp=True _ case=acc|gender=neut|num=pl|pos=True EmoExpression::markable_97::Sarcasm=false|EmoExpression::markable_97::EmoExpression=True|EmoExpression::markable_97::Uncertain=false|EmoExpression::markable_97::Polarity=negative|Target::markable_96::Target=True|Sentiment::markable_95::Sentiment=True|Target::markable_96::Anaphref=empty|num=pl|Sentiment::markable_95::Sarcasm=false|case=acc|EmoExpression::markable_97::Intensity=medium|gender=neut|Target::markable_96::Preferred=true|Sentiment::markable_95::Intensity=medium|EmoExpression::markable_97::SubjectiveFact=false|Sentiment::markable_95::Polarity=negative _ _ _ pers=3|num=sg|tense=past|mood=ind case=nom|gender=masc|num=sg case=nom|gender=masc|num=sg gender=neut|*=True case=dat|gender=fem|num=sg case=dat|EmoExpression::markable_104011192::Polarity=positive|EmoExpression::markable_104011192::Sarcasm=false|gender=fem|EmoExpression::markable_104011192::SubjectiveFact=true|num=sg|EmoExpression::markable_104011192::Uncertain=false|EmoExpression::markable_104011192::Intensity=medium|EmoExpression::markable_104011192::EmoExpression=True _ case=dat|EmoExpression::markable_104011193::Polarity=positive|EmoExpression::markable_104011193::EmoExpression=True|gender=fem|num=sg|EmoExpression::markable_104011193::Uncertain=false|EmoExpression::markable_104011193::Intensity=medium|EmoExpression::markable_104011193::Sarcasm=false|EmoExpression::markable_104011193::SubjectiveFact=true case=dat|gender=fem|num=sg|comp=True
312154130481283072	neutral	Wenn nach Messi und dem Papst nochmal so einer was erreicht, muss ich echt mal auf der Karte schauen, wo dieses " Argentinien" liegt!	wenn nach Messi und die Papst nochmal so eine was erreicht, müssen ich echt mal auf die Karte schauen, wo dies " Argentinien" liegt!	KOUS APPR NN KON ART NN ADV ADV ART PIAT NE VMFIN PPER ADJD ADV APPR ART NN NE PWAV PDAT $( ADJA ADJA	2/MO 12/MO 2/NK 3/CD 6/NK 4/CJ 8/MO 11/MO 11/NK 11/NK 6/NK 0/-- 12/SB 12/MO 12/MO 12/MO 18/NK 16/NK 18/AG 23/MO 23/NK 21/-- 24/MO 12/MO	_ _ case=dat|gender=masc|num=sg _ case=dat|gender=masc|num=sg case=dat|gender=masc|num=sg _ _ case=dat|gender=fem|num=sg case=acc|gender=neut|num=sg _ pers=1|num=sg|tense=pres|mood=ind case=nom|*=True|num=sg|pers=1 pos=True _ _ case=dat|gender=fem|num=sg case=dat|gender=fem|num=sg case=gen|*=True|num=sg _ case=acc|gender=neut|num=sg _ case=acc|gender=neut|num=sg|pos=True case=acc|gender=neut|num=sg|pos=True
311907597051650049	negative	Jetzt bekommt jemand einen neuen Namen. Wahrscheinlich um Spuren zu verwischen seiner Kinderschänder Vergangenheit. Papst ...	jetzt bekommen jemand eine neu Namen. wahrscheinlich um Spur|Spuren zu verwischen sein Kinderschänder Vergangenheit. Papst ...	ADV VVFIN PIS ART ADJA NN ADJD APPR NN PTKZU VVINF PPOSAT NN NN NN $.	2/MO 0/-- 2/SB 6/NK 6/NK 2/OA 11/MO 11/OP 8/NK 11/PM 0/-- 13/NK 9/AG 11/OA 0/-- 15/--	_ pers=3|num=sg|tense=pres|mood=ind case=nom|gender=masc|num=sg case=acc|gender=masc|num=sg case=acc|gender=masc|num=sg|pos=True case=acc|gender=masc|num=sg pos=True _ case=acc|gender=fem|num=pl _ _ case=gen|gender=neut|num=pl case=gen|Sentiment::markable_98::Intensity=medium|EmoExpression::markable_100::EmoExpression=True|Sentiment::markable_98::Sentiment=True|EmoExpression::markable_100::SubjectiveFact=false|gender=neut|EmoExpression::markable_100::Sarcasm=false|EmoExpression::markable_100::Uncertain=false|EmoExpression::markable_100::Polarity=negative|Sentiment::markable_98::Polarity=negative|num=pl|Sentiment::markable_98::Sarcasm=false|EmoExpression::markable_100::Intensity=medium case=gen|gender=neut|num=pl case=nom|gender=masc|num=sg _
311921236768866304	negative	irgendwie ist das ganz schön gruselig was sie da gerade machen auf dem Balkon Papst	irgendwie sein die ganz schön gruselig was sie da gerade machen auf die Balkon Papst	ADV VAFIN PDS ADV ADJD ADJD PRELS PPER ADV ADV VVFIN APPR ART NN NN	2/MO 0/-- 2/SB 5/MO 6/MO 2/PD 11/OA 11/SB 11/MO 11/MO 6/OC 11/MO 14/NK 12/NK 2/PD	Sentiment::markable_101::Polarity=negative|Sentiment::markable_101::Sarcasm=false|Sentiment::markable_101::Sentiment=True|Sentiment::markable_101::Intensity=strong pers=3|num=sg|tense=pres|mood=ind|Sentiment::markable_101::Sentiment=True case=nom|gender=neut|num=sg|Sentiment::markable_101::Sentiment=True Intensifier::markable_105::Intensifier=True|Intensifier::markable_105::EmoExpressionRef=emo-expression:markable_102|Sentiment::markable_101::Sentiment=True|Intensifier::markable_105::Degree=medium Intensifier::markable_103::EmoExpressionRef=emo-expression:markable_102|Intensifier::markable_103::Intensifier=True|pos=True|Sentiment::markable_101::Sentiment=True|Intensifier::markable_103::Degree=medium Sentiment::markable_101::Sentiment=True|EmoExpression::markable_102::EmoExpression=True|EmoExpression::markable_102::Sarcasm=false|pos=True|EmoExpression::markable_102::Polarity=negative|EmoExpression::markable_102::SubjectiveFact=false|EmoExpression::markable_102::Intensity=medium|EmoExpression::markable_102::Uncertain=false case=acc|Target::markable_104::Preferred=true|num=sg|Sentiment::markable_101::Sentiment=True|Target::markable_104::Anaphref=empty|gender=neut|Target::markable_104::Target=True case=nom|pers=3|num=sg|Sentiment::markable_101::Sentiment=True|Target::markable_104::Target=True|gender=fem Sentiment::markable_101::Sentiment=True|Target::markable_104::Target=True Sentiment::markable_101::Sentiment=True|Target::markable_104::Target=True pers=3|num=pl|tense=pres|mood=ind|Sentiment::markable_101::Sentiment=True|Target::markable_104::Target=True Sentiment::markable_101::Sentiment=True|Target::markable_104::Target=True case=dat|gender=masc|num=sg|Sentiment::markable_101::Sentiment=True|Target::markable_104::Target=True case=dat|gender=masc|num=sg|Sentiment::markable_101::Sentiment=True|Target::markable_104::Target=True case=nom|gender=masc|num=sg
311924655919349762	neutral	Der neue Papst ist "ein Mann des Glaubens". Danke, ARD.	die neu Papst sein "ein Mann die Glaubens". Danke, ARD.	ART ADJA NN VAFIN NN NN ART NN NE NE	3/NK 3/NK 4/SB 0/-- 4/SB 4/PD 8/NK 6/AG 10/PNC 0/--	case=nom|gender=masc|num=sg case=nom|gender=masc|num=sg|pos=True case=nom|gender=masc|num=sg pers=3|num=sg|tense=pres|mood=ind case=nom|gender=masc|num=sg case=nom|gender=masc|num=sg case=gen|gender=masc|num=sg case=gen|gender=masc|num=sg case=nom|gender=masc|num=sg case=nom|gender=masc|num=sg
311972722668351488	neutral	Oh... Wir haben einen neuen Papst??? Jetzt kehrt hier endlich wieder Ruhe ein.	Oh... wir haben eine neu Papst??? jetzt kehren hier endlich wieder Ruhe ein.	NN PPER VAFIN ART ADJA NN ADV VVFIN ADV ADV ADV NN NE	0/-- 3/SB 0/-- 6/NK 6/NK 3/OA 8/MO 0/-- 8/MO 8/MO 8/MO 8/OA 12/NK	case=nom|gender=neut|num=sg case=nom|*=True|num=pl|pers=1 pers=1|num=pl|tense=pres|mood=ind case=acc|gender=masc|num=sg case=acc|gender=masc|num=sg|pos=True case=acc|gender=masc|num=sg _ pers=3|num=sg|tense=pres|mood=ind _ _ _ case=acc|gender=fem|num=sg case=nom|gender=neut|num=sg
311936494707277825	positive	Die stylische Kette mit einem extravagantem Kreuzanhänger war hing leider schief um den Hals. Ein Zeichen? papst HabemusPapam	die stylische Kette mit eine extravagant Kreuzanhänger sein hängen leider schief um die Hals. eine Zeichen? papst HabemusPapam	ART ADJA NN APPR ART ADJA NN VAFIN VVFIN ADV ADJD APPR ART NN ART NN ADJA NN	3/NK 3/NK 8/SB 3/MNR 7/NK 7/NK 4/NK 0/-- 8/PD 9/MO 9/MO 9/MO 14/NK 12/NK 16/NK 0/-- 18/NK 0/--	case=nom|gender=fem|num=sg case=nom|EmoExpression::markable_108::Sarcasm=false|EmoExpression::markable_108::Uncertain=false|EmoExpression::markable_108::Polarity=positive|Sentiment::markable_106::Intensity=medium|Sentiment::markable_106::Sarcasm=false|gender=fem|pos=True|Sentiment::markable_106::Polarity=positive|num=sg|EmoExpression::markable_108::Intensity=medium|Sentiment::markable_106::Sentiment=True|EmoExpression::markable_108::SubjectiveFact=false|EmoExpression::markable_108::EmoExpression=True case=nom|num=sg|Target::markable_107::Target=True|Target::markable_107::Preferred=true|Sentiment::markable_106::Sentiment=True|Target::markable_107::Anaphref=empty|gender=fem _ case=dat|gender=neut|num=sg case=dat|gender=neut|num=sg|pos=True case=dat|gender=neut|num=sg pers=3|num=sg|tense=past|mood=ind _ _ EmoExpression::markable_104011194::Sarcasm=false|EmoExpression::markable_104011194::SubjectiveFact=false|EmoExpression::markable_104011194::EmoExpression=True|EmoExpression::markable_104011194::Uncertain=false|EmoExpression::markable_104011194::Polarity=negative|EmoExpression::markable_104011194::Intensity=weak|pos=True _ case=acc|gender=masc|num=sg case=acc|gender=masc|num=sg case=nom|gender=neut|num=sg case=nom|gender=neut|num=sg pers=3|num=sg|tense=pres|mood=ind case=nom|gender=neut|num=sg
311921409460948992	neutral	Der neue Papst nuschelt so stark... er könnte glatt Ermittler beim Hamburger Tatort werden. HabemusPapam Franziskus ar ...	die neu Papst nuscheln so stark... er können glatt Ermittler bei Hamburger Tatort werden. HabemusPapam Franziskus ar ...	ART ADJA NN VVFIN ADV ADJA PPER VMFIN ADJD NN APPRART ADJA NN NE NE NE VVFIN $.	3/NK 3/NK 4/SB 0/-- 6/MO 4/MO 8/SB 0/-- 8/MO 8/PD 10/MNR 13/NK 11/NK 13/NK 16/PNC 17/SB 0/-- 17/--	case=nom|gender=masc|num=sg case=nom|gender=masc|num=sg|pos=True case=nom|gender=masc|num=sg pers=3|num=sg|tense=pres|mood=ind _ pos=True case=nom|gender=masc|num=sg|pers=3 pers=3|num=sg|tense=past|mood=subj _ case=nom|gender=masc|num=sg case=dat|gender=masc|num=sg *=True|pos=True case=dat|gender=masc|num=sg case=nom|*=True|num=sg case=nom|gender=masc|num=sg case=nom|gender=masc|num=sg pers=3|num=sg|tense=past|mood=ind _
311918343949004800	neutral	papst Herzlichen Glückwunsch an die Jesuiten, der Name Franziskus lässt hoffen...	Papst herzlich Glückwunsch an die Jesuiten, die Name Franziskus lassen hoffen...	NN ADJA NN APPR ART NN ART NN NE VVFIN ADJA	10/SB 3/NK 1/OA 3/MNR 6/NK 4/NK 8/NK 6/AG 8/NK 0/-- 10/MO	pers=2|num=sg|tense=pres|mood=ind case=acc|gender=masc|num=sg|pos=True case=acc|gender=masc|num=sg _ case=acc|gender=masc|num=pl case=acc|gender=masc|num=pl case=gen|gender=fem|num=sg case=nom|gender=masc|num=sg case=nom|gender=masc|num=sg pers=3|num=sg|tense=pres|mood=ind case=nom|gender=masc|num=sg|pos=True
311908421744091136	neutral	Bitte noch einen Experten nachlegen ... vielleicht sagt des was neues zum Thema Papst...	bitten noch eine Experte nachlegen ... vielleicht sagen die was neu zu Thema Papst...	VVFIN ADV ART NN VVINF $. ADV VVFIN ART PIAT ADJA APPRART NN NE	0/-- 1/MO 4/NK 5/OA 1/OC 5/-- 8/MO 0/-- 11/NK 11/NK 8/SB 8/MO 12/NK 13/NK	_ _ case=acc|gender=masc|num=sg case=acc|gender=masc|num=sg _ _ _ pers=3|num=sg|tense=pres|mood=ind case=nom|gender=neut|num=sg case=nom|gender=neut|num=sg case=nom|gender=neut|num=sg|pos=True case=dat|gender=neut|num=sg case=dat|gender=neut|num=sg case=nom|gender=neut|num=sg
312199167630000128	neutral	"Es wird ein grosser Kampf" - Interview zum neuen papst. %Link nrw	"Es werden eine groß Kampf" - Interview zu neu papst. %Link nrw	NN VAFIN ART ADJA NN $( NN APPRART ADJA ADJA XY ADJA	2/OC 0/-- 5/NK 5/NK 2/SB 5/-- 5/CJ 2/MO 10/NK 8/NK 10/NK 0/--	_ pers=3|num=sg|tense=pres|mood=ind case=nom|gender=masc|num=sg case=nom|gender=masc|num=sg|pos=True case=nom|gender=masc|num=sg _ case=nom|gender=masc|num=sg case=dat|gender=masc|num=sg case=dat|gender=masc|num=sg|pos=True case=dat|gender=masc|num=sg|pos=True case=dat|gender=masc|num=sg _
311944559485665280	neutral	Der Papst hat ein Album veröffentlicht? OMG!	die Papst haben eine Album veröffentlicht? OMG!	ART NN VAFIN ART NN ADJA NN	2/NK 3/SB 0/-- 5/NK 3/SB 3/RS 0/--	case=nom|gender=masc|num=sg case=nom|gender=masc|num=sg pers=3|num=sg|tense=pres|mood=ind case=acc|gender=neut|num=sg case=acc|gender=neut|num=sg case=acc|gender=neut|num=sg|pos=True case=nom|gender=neut|num=sg
312010324721164290	neutral	Sieben Millionen Tweets zur Papst-Wahl	sieben Million Tweets zu Papst-Wahl	CARD NN NN APPRART NN	2/NMC 0/-- 2/NK 2/MNR 4/NK	_ case=nom|gender=fem|num=pl case=nom|gender=masc|num=pl case=dat|gender=fem|num=sg case=dat|gender=fem|num=sg
311905644364066817	negative	Wenn er einen Schmäh hat kommt er mit trollface Maske raus. papst	wenn er eine schmähen haben kommen er mit trollface Maske raus. Papst	KOUS PPER ART VVIMP VAFIN VVFIN PPER APPR NE NN ADJA NN	5/CP 5/SB 4/OA 5/OC 6/MO 0/-- 6/SB 6/MO 10/PNC 8/NK 12/NK 10/NK	_ case=nom|gender=masc|num=sg|pers=3 case=acc|gender=masc|num=sg case=acc|gender=masc|num=sg pers=3|num=sg|tense=pres|mood=ind pers=3|num=sg|tense=pres|mood=ind case=nom|gender=masc|num=sg|pers=3 _ Sentiment::markable_109::Polarity=negative|Sentiment::markable_109::Intensity=medium|EmoExpression::markable_111::EmoExpression=True|EmoExpression::markable_111::Sarcasm=false|*=True|Sentiment::markable_109::Sentiment=True|EmoExpression::markable_111::Polarity=negative|EmoExpression::markable_111::SubjectiveFact=false|EmoExpression::markable_111::Intensity=medium|Sentiment::markable_109::Sarcasm=false|EmoExpression::markable_111::Uncertain=false case=dat|num=sg|Target::markable_110::Anaphref=empty|Target::markable_110::Target=True|Target::markable_110::Preferred=true|*=True|Sentiment::markable_109::Sentiment=True *=True *=True
311925413649735680	neutral	was nicht papst, wird papstend gemacht.	was nicht papst, werden papstend gemacht.	PIS PTKNEG NE VAFIN ADJA NN	4/SB 4/NG 4/SB 0/-- 6/NK 4/PD	case=nom|gender=neut|num=sg _ case=nom|gender=neut|num=sg pers=3|num=sg|tense=pres|mood=ind pos=True _
311922600702013441	neutral	Naja, damit können wir die Rente mit 76 auch wieder vergessen! Papst	Naja, damit können wir die Rente mit @card@ auch wieder vergessen! Papst	NE PAV VMFIN PPER ART NN APPR CARD ADV ADV ADJA NN	3/SB 4/NK 0/-- 3/SB 6/NK 3/OA 6/MNR 7/NK 3/MO 11/MO 3/MO 0/--	case=nom|*=True|num=sg _ pers=1|num=pl|tense=pres|mood=ind case=nom|*=True|num=pl|pers=1 case=acc|gender=fem|num=sg case=acc|gender=fem|num=sg _ _ _ _ _ case=nom|gender=masc|num=sg
312122871428304896	positive	Von Herzen begrüssen die Malteser Papst Franziskus I.! Wir wünschen ihm von Herzen Gottes reichen Segen	von Herz begrüßen die Malteser Papst Franziskus I.! wir wünschen er von Herz Gott reich Segen	APPR NN VVFIN ART NN NN NE VVFIN PPER VVFIN PPER APPR NN NN ADJA NN	3/MO 1/NK 0/-- 5/NK 3/SB 8/SB 6/NK 3/OA 8/SB 16/NK 10/DA 15/SBP 12/NK 13/AG 16/NK 8/OA	EmoExpression::markable_100500138::Polarity=positive|Sentiment::markable_100500136::Sentiment=True|Sentiment::markable_100500136::Polarity=positive|EmoExpression::markable_100500138::EmoExpression=True|Sentiment::markable_100500136::Sarcasm=false|EmoExpression::markable_100500138::Uncertain=false|Sentiment::markable_100500136::Intensity=medium|EmoExpression::markable_100500138::Intensity=medium|EmoExpression::markable_100500138::Sarcasm=false|EmoExpression::markable_100500138::SubjectiveFact=false case=dat|gender=fem|num=pl|EmoExpression::markable_100500138::EmoExpression=True|Sentiment::markable_100500136::Sentiment=True pers=3|Sentiment::markable_100500136::Sentiment=True|num=pl|tense=pres|mood=ind case=nom|Sentiment::markable_100500136::Sentiment=True|num=pl|Source::markable_100500137::Anaphref=empty|gender=masc|Source::markable_100500137::Source=True case=nom|gender=masc|num=pl|Sentiment::markable_100500136::Sentiment=True|Source::markable_100500137::Source=True case=nom|Sentiment::markable_100500136::Sentiment=True|num=sg|Target::markable_100500139::Anaphref=empty|gender=masc|Target::markable_100500139::Target=True|Target::markable_100500139::Preferred=true case=nom|gender=masc|Target::markable_100500139::Target=True|num=sg|Sentiment::markable_100500136::Sentiment=True pers=3|Sentiment::markable_100500136::Sentiment=True|num=sg|tense=past|mood=ind case=nom|*=True|num=pl|pers=1 EmoExpression::markable_104011196::Sarcasm=false|mood=ind|EmoExpression::markable_104011196::Uncertain=false|EmoExpression::markable_104011196::Intensity=medium|pers=1|num=pl|tense=pres|EmoExpression::markable_104011196::EmoExpression=True|EmoExpression::markable_104011196::SubjectiveFact=false|EmoExpression::markable_104011196::Polarity=positive case=dat|gender=masc|num=sg|pers=3 EmoExpression::markable_104011195::Intensity=medium|EmoExpression::markable_104011195::SubjectiveFact=false|EmoExpression::markable_104011195::Polarity=positive|EmoExpression::markable_104011195::EmoExpression=True|EmoExpression::markable_104011195::Uncertain=false|EmoExpression::markable_104011195::Sarcasm=false case=dat|gender=fem|num=pl|EmoExpression::markable_104011195::EmoExpression=True case=gen|gender=masc|num=sg case=gen|EmoExpression::markable_104011197::EmoExpression=True|gender=masc|pos=True|EmoExpression::markable_104011197::SubjectiveFact=false|num=sg|EmoExpression::markable_104011197::Polarity=positive|EmoExpression::markable_104011197::Sarcasm=false|EmoExpression::markable_104011197::Uncertain=false|EmoExpression::markable_104011197::Intensity=medium case=gen|gender=masc|num=sg
311903997650944001	neutral	Wenn schon nicht Papst, vielleicht werde ich dieses Jahr Gntm. Heidi muss mich nur noch finden.	wenn schon nicht Papst, vielleicht werden ich dies Jahr Gntm. Heidi müssen ich nur noch finden.	KOUS ADV PTKNEG NE ADV VAFIN PPER PDAT NN NE NE VMFIN PRF ADV ADV NE	6/CP 3/MO 4/NG 6/PD 4/MO 0/-- 6/SB 9/NK 12/SB 11/PNC 9/NK 6/OC 9/OA2 16/MO 14/MO 12/SB	_ _ _ _ _ pers=1|num=sg|tense=pres|mood=ind case=nom|*=True|num=sg|pers=1 case=acc|gender=neut|num=sg case=acc|gender=neut|num=sg case=nom|gender=masc|num=sg case=nom|gender=masc|num=sg pers=3|num=sg|tense=pres|mood=ind case=dat|pers=3|num=sg _ _ *=True
311790001782390784	negative	EILMELDUNG: Schwarzer Rauch - Kein Papst gewählt	EILMELDUNG: Schwarze Rauch - keine Papst wählen	ADJA NN NE $( PIAT NN VVPP	2/NK 0/-- 2/AG 3/-- 6/NK 7/OA 2/OC	case=nom|gender=masc|num=pl|pos=True case=nom|EmoExpression::markable_104011198::EmoExpression=True|gender=masc|EmoExpression::markable_104011198::Polarity=negative|EmoExpression::markable_104011198::Sarcasm=false|num=pl|EmoExpression::markable_104011198::SubjectiveFact=false|EmoExpression::markable_104011198::Uncertain=false|EmoExpression::markable_104011198::Intensity=medium case=nom|gender=masc|num=sg|EmoExpression::markable_104011198::EmoExpression=True _ case=nom|gender=masc|num=sg case=nom|gender=masc|num=sg _
311930047151890432	neutral	Der Papst ist jünger als Frank Stronach	die Papst sein jung als Frank Stronach	ART NN VAFIN ADJD KOKOM NE ADV	2/NK 3/SB 0/-- 3/PD 6/CM 4/CC 6/MO	case=nom|gender=masc|num=sg case=nom|gender=masc|num=sg pers=3|num=sg|tense=pres|mood=ind comp=True _ case=nom|gender=masc|num=sg _
312182724771315712	positive	Namenspatron von Papst Franziskus: Das beeindruckende Leben des Franz von Assisi %Link via %User	Namenspatron von Papst Franziskus: die beeindruckend Leben die Franz von Assisi %Link via %User	NN APPR NN NE ART ADJA NN ART NE APPR NN XY APPR NE	0/-- 1/PG 2/NK 3/NK 7/NK 7/NK 1/SB 9/NK 7/AG 7/MNR 10/NK 0/-- 11/MNR 13/NK	case=nom|gender=masc|num=sg _ case=nom|gender=masc|num=sg case=dat|gender=masc|num=sg case=acc|num=sg|Sentiment::markable_112::Sentiment=True|Sentiment::markable_112::Sarcasm=false|Sentiment::markable_112::Polarity=positive|gender=neut|Sentiment::markable_112::Intensity=medium case=acc|EmoExpression::markable_113::EmoExpression=True|Sentiment::markable_112::Sentiment=True|EmoExpression::markable_113::SubjectiveFact=false|gender=neut|EmoExpression::markable_113::Sarcasm=false|EmoExpression::markable_113::Uncertain=false|pos=True|EmoExpression::markable_113::Polarity=positive|num=sg|EmoExpression::markable_113::Intensity=medium case=acc|num=sg|Target::markable_114::Target=True|Target::markable_114::Preferred=true|Sentiment::markable_112::Sentiment=True|Target::markable_114::Anaphref=empty|gender=neut case=gen|gender=masc|num=sg|Target::markable_114::Target=True|Sentiment::markable_112::Sentiment=True case=gen|gender=masc|num=sg|Target::markable_114::Target=True|Sentiment::markable_112::Sentiment=True Target::markable_114::Target=True|Sentiment::markable_112::Sentiment=True case=dat|gender=fem|num=sg|Target::markable_114::Target=True|Sentiment::markable_112::Sentiment=True case=dat|gender=fem|num=sg _ case=dat|*=True|num=sg
311902632551788544	neutral	ohhhhman, was haben alle mit dem Papst??! Er ist ein mensch wie jeder andere! %PosSmiley	ohhhhman, was haben alle mit die Papst??! er sein eine Mensch wie jede andere! %PosSmiley	NE PIS VAFIN PIS APPR ART NN PPER VAFIN ART NN KOKOM PIAT ADJA ITJ	3/SB 3/OA 0/-- 3/SB 3/MO 7/NK 5/NK 9/SB 0/-- 11/NK 9/PD 14/CM 14/NK 11/CC 11/NK	Sentiment::markable_100500140::Sentiment=True case=acc|gender=neut|num=sg|Sentiment::markable_100500140::Sentiment=True pers=3|Sentiment::markable_100500140::Sentiment=True|num=pl|tense=pres|mood=ind case=nom|*=True|num=pl|Sentiment::markable_100500140::Sentiment=True Sentiment::markable_100500140::Sentiment=True case=dat|gender=masc|num=sg|Sentiment::markable_100500140::Sentiment=True case=dat|gender=masc|num=sg|Sentiment::markable_100500140::Sentiment=True case=nom|gender=masc|num=sg|pers=3 pers=3|num=sg|tense=pres|mood=ind case=nom|gender=masc|num=sg case=nom|gender=masc|num=sg _ case=nom|gender=masc|num=sg case=nom|gender=masc|num=sg|pos=True case=nom|gender=masc|num=sg
311798399282315265	neutral	Ralphs Piratenblog : Wer wird Papst? Die entgültige Rechtfertigung für dieses Internetdingenskirchen!	Ralph Piratenblog : wer werden Papst? die entgültige Rechtfertigung für dies Internetdingenskirchen!	NE NN $. PWS VAFIN NN ART ADJA NN APPR PDAT NN	2/SB 5/SB 2/-- 5/SB 0/-- 5/PD 9/NK 9/NK 0/-- 9/MNR 12/NK 10/NK	case=nom|gender=masc|num=sg case=nom|gender=masc|num=sg _ case=nom|gender=masc|num=sg pers=3|num=sg|tense=pres|mood=ind case=nom|gender=fem|num=sg case=nom|gender=fem|num=sg case=nom|gender=fem|num=sg|pos=True case=nom|gender=fem|num=sg _ case=acc|gender=neut|num=sg case=acc|gender=neut|num=sg
311921430742831104	neutral	Papst? Aha~ Ich geh dann mal ein Karpador fangen ne o%PosSmiley	Papst? Aha~ ich gehen dann mal eine Karpador fangen eine o%PosSmiley	NN VVFIN PPER VVIMP ADV ADV ART NE VVFIN ART NE	0/-- 9/MO 2/SB 2/PAR 4/MO 4/MO 8/NK 4/OA 0/-- 11/NK 9/OA	case=nom|gender=masc|num=sg _ case=nom|*=True|num=sg|pers=1 pers=1|num=sg|tense=pres|mood=ind _ _ case=nom|gender=masc|num=sg case=nom|gender=masc|num=sg pers=3|num=pl|tense=pres|mood=ind case=acc|gender=neut|num=sg|pers=3 *=True
311915315204337665	neutral	Und da heisst's immer, Frauen brauchen lang beim Umziehen. Papst	und da heißen immer, Frau brauchen lang bei Umziehen. Papst	KON ADV VVFIN NE NN VVFIN ADJD APPRART NE NN	3/JU 3/MO 0/-- 3/SB 6/SB 3/OC 6/MO 6/MO 8/NK 0/--	_ _ pers=3|num=sg|tense=past|mood=ind case=nom|*=True|num=sg case=acc|gender=fem|num=pl pers=3|num=pl|tense=pres|mood=ind pos=True case=dat|gender=masc|num=sg case=dat|gender=masc|num=sg case=nom|gender=masc|num=sg
312189870145679360	neutral	Panorama // Papst verlässt den Vatikan: Franziskus spricht Dankgebet %Link //	Panorama // Papst verlassen die Vatikan: Franziskus sprechen Dankgebet %Link //	NN ADJA NN VVFIN ART NN NE VVFIN NN XY ADJA	8/SB 3/NK 4/OA 1/NK 6/NK 4/OA 6/AG 0/-- 8/OA 9/NK 9/UC	case=nom|gender=neut|num=sg case=nom|gender=neut|num=sg|pos=True case=nom|gender=neut|num=sg pers=3|num=sg|tense=pres|mood=ind case=acc|gender=masc|num=sg case=acc|gender=masc|num=sg case=gen|gender=neut|num=sg pers=3|num=sg|tense=pres|mood=ind case=nom|gender=neut|num=sg case=nom|gender=neut|num=sg case=nom|gender=neut|num=sg|pos=True
311924171129098240	neutral	Aus der Reihe "Undankbare Live-Schalten": Der ZDF-Reporter, der in São Paulo steht und Eindrücke aus Buenos Aires schi ...	aus die Reihe "Undankbare Live-Schalten": die ZDF-Reporter, die in São Paulo stehen und Eindruck aus Buenos Aires schi ...	APPR ART NN NN NN ART NN ART APPR NE NE VVFIN KON NN APPR NE NE VVFIN $.	12/MO 3/NK 1/NK 3/NK 4/NK 7/NK 12/SB 11/NK 12/MO 11/PNC 9/NK 0/-- 12/CD 18/OA 14/MNR 17/PNC 15/NK 13/CJ 18/--	_ case=dat|gender=fem|num=sg case=dat|gender=fem|num=sg case=nom|gender=fem|num=sg case=nom|gender=fem|num=sg case=nom|gender=masc|num=sg case=nom|gender=masc|num=sg case=gen|gender=fem|num=sg _ *=True case=dat|gender=neut|num=sg pers=3|num=sg|tense=pres|mood=ind _ case=acc|gender=masc|num=pl _ *=True case=dat|gender=neut|num=sg pers=3|num=sg|tense=past|mood=ind _
311909279877701632	neutral	Die Spannung steigt/ Der Schlüpfer sinkt/ Der Papst "Matheus Müller" trinkt.	die Spannung steigt/ die Schlüpfer sinkt/ die Papst "Matheus Müller" trinkt.	ART NN VVFIN ART NN ADJD ART NN NN NN ADJA	2/NK 3/SB 0/-- 5/NK 3/SB 3/MO 8/NK 3/OA 11/MO 9/NK 8/NK	case=nom|gender=fem|num=sg case=nom|gender=fem|num=sg pers=3|num=sg|tense=pres|mood=ind case=nom|gender=masc|num=sg case=nom|gender=masc|num=sg pos=True case=nom|gender=masc|num=sg case=nom|gender=masc|num=sg case=gen|gender=masc|num=sg gender=neut|*=True|num=sg case=gen|gender=masc|num=sg|pos=True
311905167622688768	neutral	Ich könnte nicht die ganze zeit sa stehn nur um zu sehen wer Papst ist%PosSmiley	ich können nicht die ganz zeit sa stehn nur um zu sehen wer Papst ist%PosSmiley	PPER VMFIN PTKNEG ART ADJA APPR ADJA NN ADV PTKVZ PTKZU VVINF PWS NN NE	2/SB 0/-- 2/NG 8/NK 8/NK 7/MO 8/NK 12/OA 12/MO 1/SVP 12/PM 2/OC 14/NK 6/NK 14/NK	case=nom|*=True|num=sg|pers=1 pers=3|num=sg|tense=past|mood=subj _ case=acc|gender=fem|num=sg case=acc|gender=fem|num=sg|pos=True _ case=acc|gender=fem|num=sg|pos=True case=acc|gender=fem|num=sg _ _ _ _ case=nom|gender=masc|num=sg case=nom|gender=masc|num=sg case=nom|gender=masc|num=sg
311902867655102464	neutral	Wow, ein Schornstein qualmt und alle drehen durch! Papst	Wow, eine Schornstein qualmen und alle drehen durch! Papst	NE ART NN VVFIN KON PIS VVFIN ADJA NN	4/SB 3/NK 4/OA 0/-- 4/CD 7/SB 5/CJ 7/MO 0/--	case=nom|*=True|num=sg|Sentiment::markable_115::Sentiment=True case=acc|Target::markable_117::Preferred=true|num=sg|Sentiment::markable_115::Sentiment=True|Target::markable_117::Target=True|gender=neut|Target::markable_117::Anaphref=empty case=acc|gender=neut|num=sg|Target::markable_117::Target=True|Sentiment::markable_115::Sentiment=True pers=3|num=sg|tense=pres|mood=ind|Sentiment::markable_115::Sentiment=True|Target::markable_117::Target=True Target::markable_117::Target=True|Sentiment::markable_115::Sentiment=True case=acc|*=True|num=pl|Target::markable_117::Target=True|Sentiment::markable_115::Sentiment=True Target::markable_117::Target=True|Sentiment::markable_115::Sentiment=True _ case=nom|gender=masc|num=sg
311928109408608256	neutral	Der Papst hat sich einen Namen ausgedacht, der die Wikipedianer jetzt Jahre beschäftigt. Franziskus oder Franz? "I." oder ohne Nummer?	die Papst haben sich eine Name ausgedacht, die die Wikipedianer jetzt Jahr beschäftigt. Franziskus oder Franz? "I." oder ohne Nummer?	ART NN VAFIN PRF ART NN NE ART ART NN ADV NN NE NE KON NE NN KON APPR NN	2/NK 3/SB 0/-- 3/OA 6/NK 3/OA 6/NK 6/APP 10/NK 8/AG 3/MO 3/OA 12/NK 0/-- 14/CD 15/CJ 0/-- 17/CD 18/CJ 19/NK	case=nom|gender=masc|num=sg case=nom|gender=masc|num=sg pers=3|num=sg|tense=pres|mood=ind case=dat|pers=3|num=sg case=acc|gender=masc|num=sg case=acc|gender=masc|num=sg _ case=dat|gender=fem|num=sg case=nom|gender=masc|num=pl case=nom|gender=masc|num=pl _ case=acc|gender=neut|num=pl case=nom|gender=neut|num=sg _ _ case=dat|gender=neut|num=sg _ _ _ case=acc|gender=masc|num=sg
311911861320814592	neutral	"Der Papst darf entscheiden welchen Namen er erhält?" "Ja, aber den von seiner Frau wird er bestimmt nicht annehmen!"	"Der Papst dürfen entscheiden welche Name er erhält?" "Ja, aber die von sein Frau werden er bestimmt nicht annehmen!"	NN NN VMFIN VVFIN PIAT NN PPER ADJA NN KON ART APPR PPOSAT NN VAFIN PPER ADV PTKNEG ADJA	3/SB 1/NK 0/-- 3/OC 6/NK 8/DA 4/SB 4/MO 15/SB 9/MO 9/OA 9/PG 14/NK 12/NK 0/-- 15/SB 19/MO 19/NG 15/OC	case=nom|gender=masc|num=sg case=nom|gender=masc|num=sg pers=3|num=sg|tense=pres|mood=ind _ case=dat|gender=masc|num=pl case=dat|gender=masc|num=pl case=nom|gender=masc|num=sg|pers=3 case=acc|gender=neut|num=sg|pos=True pos=True _ case=acc|gender=masc|num=sg _ case=dat|gender=fem|num=sg case=dat|gender=fem|num=sg pers=3|num=sg|tense=pres|mood=ind case=nom|gender=masc|num=sg|pers=3 _ _ _
311906807171936256	neutral	Am 13. 3. 13 sollte man keinen Papst wählen. Aus Prinzip	an 13. 3. 13 sollen man keine Papst wählen. aus Prinzip	APPRART ADJA ADJA CARD VMFIN PIS PIAT NN NE APPR NN	5/MO 3/NK 1/NK 3/NK 0/-- 5/SB 8/NK 5/OA 8/NK 0/-- 10/NK	case=dat|gender=masc|num=sg case=dat|gender=masc|num=sg|pos=True case=dat|gender=masc|num=sg|pos=True _ pers=3|num=sg|tense=past|mood=ind case=nom|*=True|num=sg case=acc|gender=masc|num=sg case=acc|gender=masc|num=sg _ _ case=dat|gender=masc|num=sg
311912989345325057	neutral	Der Papst sollte Amerikaner sein. Wie Jesus.	die Papst sollen Amerikaner sein. wie Jesus.	ART NN VMFIN NN NE KOKOM NN	2/NK 3/SB 0/-- 3/SB 4/NK 7/CM 0/--	case=nom|gender=masc|num=sg case=nom|gender=masc|num=sg pers=3|num=sg|tense=past|mood=ind case=acc|gender=masc|num=pl case=nom|*=True|num=sg _ case=nom|gender=masc|num=sg
312189149874647044	neutral	linkaloo news_ch Was dem Papst in den nächsten Tagen bevorsteht - Basler Zeitung	linkaloo news_ch was die Papst in die nah Tag bevorstehen - Basler Zeitung	NE VVFIN PIS ART NN APPR ART ADJA NN VVFIN $( NN NN	2/SB 0/-- 2/OA 5/NK 2/DA 10/MO 9/NK 9/NK 6/NK 5/RC 10/-- 2/OA 12/NK	case=nom|*=True|num=sg pers=3|num=sg|tense=past|mood=ind case=acc|gender=neut|num=sg case=dat|gender=masc|num=sg case=dat|gender=masc|num=sg _ case=dat|gender=neut|num=pl case=dat|gender=neut|num=pl|pos=True case=dat|gender=masc|num=pl pers=3|num=sg|tense=pres|mood=ind _ case=nom|gender=fem|num=sg case=nom|gender=fem|num=sg
311910964377300993	neutral	papst %User: Kennt noch jemand "Weisser Rauch" von Karat?	papst %User: kennen noch jemand "Weisser Rauch" von Karat?	ADJA NN VVFIN ADV PIS NN NN APPR NN	2/NK 3/SB 0/-- 5/MO 3/SB 3/OA 6/NK 6/MO 8/NK	_ case=nom|gender=neut|num=sg pers=3|num=sg|tense=pres|mood=ind _ case=nom|gender=masc|num=sg case=nom|gender=masc|EmoExpression::markable_104011199::EmoExpression=True|num=sg case=nom|gender=masc|num=sg _ case=dat|gender=fem|num=sg
311920373543346176	neutral	Ist Jan Hofer eigentlich noch da oder hat der schon Feierabend gemacht? habemuspapam papst tagesschau	sein Jan Hofer eigentlich noch da oder haben die schon Feierabend gemacht? habemuspapam papst Tagesschau	VAFIN NE NE ADV ADV ADV KON VAFIN ART ADV NN ADJA NN ADJA NN	0/-- 3/PNC 1/SB 1/MO 1/MO 1/MO 1/CD 7/CJ 11/NK 11/MO 8/SB 8/MO 14/MO 0/-- 14/OA	pers=3|num=sg|tense=pres|mood=ind case=nom|gender=masc|num=sg case=nom|gender=masc|num=sg _ _ _ _ pers=3|num=sg|tense=pres|mood=ind case=nom|gender=masc|num=sg _ case=nom|gender=masc|num=sg case=nom|gender=masc|num=sg|pos=True pos=True pers=2|num=sg|tense=pres|mood=ind case=dat|gender=fem|num=sg
311921212773253120	neutral	Was macht Biolek denn da auf dem Balkon? papst beidergeburtgetrennt	was machen Biolek denn da auf die Balkon? papst beidergeburtgetrennt	PIS VVFIN NE ADV ADV APPR ART NN ADJA ADJA	2/SB 0/-- 2/OA 2/MO 2/MO 2/MO 8/NK 6/NK 10/MO 0/--	case=nom|gender=neut|num=sg pers=3|num=sg|tense=pres|mood=ind case=nom|gender=masc|num=sg _ _ _ case=dat|gender=masc|num=sg case=dat|gender=masc|num=sg _ pers=3|num=sg|tense=pres|mood=ind
311906697201459200	positive	Und wieder einer der seltenen grossen Momente fuer die Absolventen eines grossen Latinums... "Annuntio vobis gaudium mal ...	und wieder eine die selten groß Moment fuer die Absolvent eine groß Latinums... "Annuntio vobis gaudium mal ...	KON ADV PIS ART ADJA ADJA NN VVFIN ART NN ART ADJA NN NN NE VVFIN ADV $.	8/JU 3/MO 8/SB 7/NK 7/NK 7/NK 3/AG 0/-- 10/NK 8/OA 13/NK 13/NK 10/AG 16/SB 14/NK 0/-- 16/MO 17/--	_ _ case=nom|Sentiment::markable_118::Polarity=positive|num=sg|Sentiment::markable_118::Sentiment=True|gender=masc|Sentiment::markable_118::Intensity=medium|Sentiment::markable_118::Sarcasm=false case=gen|gender=fem|num=pl|Sentiment::markable_118::Sentiment=True case=gen|gender=fem|num=pl|Sentiment::markable_118::Sentiment=True|pos=True Sentiment::markable_118::Sentiment=True|mood=ind|EmoExpression::markable_120::Uncertain=false|EmoExpression::markable_120::Polarity=positive|EmoExpression::markable_120::EmoExpression=True|EmoExpression::markable_120::Intensity=medium|pers=3|num=pl|tense=past|EmoExpression::markable_120::Sarcasm=false|EmoExpression::markable_120::SubjectiveFact=false case=nom|num=pl|Sentiment::markable_118::Sentiment=True|Target::markable_119::Preferred=true|gender=neut|Target::markable_119::Anaphref=empty|Target::markable_119::Target=True _ case=acc|gender=masc|num=pl case=acc|gender=masc|num=pl case=gen|gender=masc|num=sg case=gen|gender=masc|num=sg|pos=True case=gen|gender=masc|num=sg case=nom|gender=masc|num=sg case=nom|gender=masc|num=sg pers=3|num=sg|tense=past|mood=ind _ _
311904657163317249	neutral	Hoffentlich wieder einer aus Star Wars Papst	hoffentlich wieder eine aus Star Wars Papst	ADV ADV PIS APPR NN NE NN	3/MO 3/MO 0/-- 3/MNR 7/AG 5/NK 4/NK	_ _ case=nom|gender=masc|num=sg _ case=dat|gender=masc|num=sg case=nom|gender=masc|num=sg case=nom|gender=masc|num=sg
312201596480131073	neutral	Papst Franziskus: Schluss mit der Eitelkeit...	Papst Franziskus: Schluss mit die Eitelkeit...	NN ADJA NN APPR ART NE	0/-- 3/NK 1/PAR 3/MNR 6/NK 4/NK	case=nom|gender=masc|num=sg case=nom|gender=masc|num=sg|pos=True case=nom|gender=masc|num=sg _ case=dat|gender=fem|num=sg case=dat|gender=fem|num=sg
311939707976159233	neutral	Warum bin ich der einzige, der hupend mit Papst Fähnchen am Auto durch die Stadt fährt?	warum sein ich die einzige, die hupend mit Papst Fähnchen an Auto durch die Stadt fährt?	PWAV VAFIN PPER ART NE ART ADJD APPR NN NN APPRART NN APPR ART NN ADJA	2/MO 0/-- 2/SB 5/NK 2/PD 16/NK 16/MO 16/MO 8/NK 9/NK 16/MO 11/NK 16/MO 15/NK 13/NK 5/PNC	_ pers=1|num=sg|tense=pres|mood=ind case=nom|*=True|num=sg|pers=1 case=nom|gender=masc|num=sg case=nom|gender=masc|num=sg case=nom|gender=masc|num=sg pos=True _ case=dat|gender=masc|num=pl case=dat|gender=masc|num=pl case=dat|gender=masc|num=sg case=dat|gender=masc|num=sg _ case=acc|gender=fem|num=sg case=acc|gender=fem|num=sg case=acc|gender=fem|num=sg|sup=True
311902581691650048	neutral	Vermutlich brennt bloss die Sixtinische Kapelle und das Geläut ist der Feueralarm. konklave papst	vermutlich brennen bloß die sixtinisch Kapelle und die Geläut sein die Feueralarm. Konklave papst	ADV VVFIN ADJD ART ADJA NN KON ART NN VAFIN ART NE NN ADJA	2/MO 0/-- 2/MO 6/NK 6/NK 10/SB 6/CD 9/NK 7/CJ 2/SB 13/NK 13/PNC 10/SB 10/RS	_ pers=3|num=sg|tense=pres|mood=ind pos=True case=nom|gender=fem|num=sg case=nom|gender=fem|num=sg|pos=True case=nom|gender=fem|num=sg _ case=nom|gender=neut|num=sg case=nom|gender=neut|num=sg pers=3|num=sg|tense=pres|mood=ind case=nom|gender=masc|num=sg case=nom|gender=masc|num=sg case=nom|gender=masc|num=sg pers=3|num=sg|tense=pres|mood=ind
311936164296802304	positive	'Die Menschen werden zukünftig die Kirche anders wahrnehmen' -Prälat Krämer gratuliert papst %User mehr: ...	'Die Mensch werden zukünftig die Kirche anders wahrnehmen' -Prälat Krämer gratulieren Papst %User mehr: ...	NN NN VAFIN ADJD ART NN ADV ADJA NN NE VVFIN NN NE ADJD $.	3/SB 1/NK 0/-- 8/MO 6/NK 3/SB 8/MO 9/NK 11/SB 9/NK 3/CJ 11/OA 12/NK 11/SVP 14/--	case=nom|gender=masc|num=pl case=nom|gender=masc|num=pl pers=3|num=pl|tense=pres|mood=ind pos=True case=nom|gender=fem|num=sg case=nom|gender=fem|num=sg _ case=nom|gender=fem|num=sg|pos=True case=nom|gender=fem|num=sg case=nom|gender=fem|num=sg EmoExpression::markable_104011201::Intensity=medium|EmoExpression::markable_104011201::SubjectiveFact=false|EmoExpression::markable_104011201::Polarity=positive|mood=ind|EmoExpression::markable_104011201::Sarcasm=false|pers=3|num=sg|tense=pres|EmoExpression::markable_104011201::EmoExpression=True|EmoExpression::markable_104011201::Uncertain=false case=acc|gender=fem|num=sg case=acc|gender=fem|num=sg pos=True _
